[2025-10-18T19:33:33.954+0000] {manager.py:470} INFO - Processing files using up to 2 processes at a time 
[2025-10-18T19:33:33.954+0000] {manager.py:471} INFO - Process each file at most once every 30 seconds
[2025-10-18T19:33:33.955+0000] {manager.py:472} INFO - Checking for new files in /opt/airflow/dags every 300 seconds
[2025-10-18T19:33:33.955+0000] {manager.py:737} INFO - Searching for files in /opt/airflow/dags
[2025-10-18T19:33:33.962+0000] {manager.py:740} INFO - There are 4 files in /opt/airflow/dags
[2025-10-18T19:33:34.019+0000] {manager.py:878} INFO - 
================================================================================
DAG File Processing Stats

File Path                                    PID  Runtime      # DAGs    # Errors  Last Runtime    Last Run
-----------------------------------------  -----  ---------  --------  ----------  --------------  ----------
/opt/airflow/dags/test_dag.py                293  0.02s             0           0
/opt/airflow/dags/test_hello_world.py                               0           0
/opt/airflow/dags/weather_pipeline_dag.py    290  0.03s             0           0
/opt/airflow/dags/weather_dag.py                                    0           0
================================================================================
[2025-10-18T19:34:04.767+0000] {manager.py:878} INFO - 
================================================================================
DAG File Processing Stats

File Path                                    PID  Runtime      # DAGs    # Errors  Last Runtime    Last Run
-----------------------------------------  -----  ---------  --------  ----------  --------------  -------------------
/opt/airflow/dags/weather_pipeline_dag.py    318  0.01s             1           0  0.20s           2025-10-18T19:33:34
/opt/airflow/dags/weather_dag.py                                    1           0  0.15s           2025-10-18T19:33:34
/opt/airflow/dags/test_dag.py                320  0.00s             1           0  0.14s           2025-10-18T19:33:34
/opt/airflow/dags/test_hello_world.py                               1           0  0.05s           2025-10-18T19:33:34
================================================================================
[2025-10-18T19:34:35.385+0000] {manager.py:878} INFO - 
================================================================================
DAG File Processing Stats

File Path                                    PID  Runtime      # DAGs    # Errors  Last Runtime    Last Run
-----------------------------------------  -----  ---------  --------  ----------  --------------  -------------------
/opt/airflow/dags/weather_pipeline_dag.py    338  0.04s             1           0  0.17s           2025-10-18T19:34:04
/opt/airflow/dags/weather_dag.py                                    1           0  0.11s           2025-10-18T19:34:04
/opt/airflow/dags/test_dag.py                340  0.01s             1           0  0.10s           2025-10-18T19:34:04
/opt/airflow/dags/test_hello_world.py                               1           0  0.09s           2025-10-18T19:34:05
================================================================================
[2025-10-18T19:35:05.931+0000] {manager.py:878} INFO - 
================================================================================
DAG File Processing Stats

File Path                                    PID  Runtime      # DAGs    # Errors  Last Runtime    Last Run
-----------------------------------------  -----  ---------  --------  ----------  --------------  -------------------
/opt/airflow/dags/weather_pipeline_dag.py    375  0.03s             1           0  0.21s           2025-10-18T19:34:35
/opt/airflow/dags/test_dag.py                377  0.01s             1           0  0.15s           2025-10-18T19:34:35
/opt/airflow/dags/weather_dag.py                                    1           0  0.10s           2025-10-18T19:34:35
/opt/airflow/dags/test_hello_world.py                               1           0  0.04s           2025-10-18T19:34:35
================================================================================
[2025-10-18T19:35:36.610+0000] {manager.py:878} INFO - 
================================================================================
DAG File Processing Stats

File Path                                    PID  Runtime      # DAGs    # Errors  Last Runtime    Last Run
-----------------------------------------  -----  ---------  --------  ----------  --------------  -------------------
/opt/airflow/dags/weather_pipeline_dag.py    395  0.01s             1           0  0.18s           2025-10-18T19:35:06
/opt/airflow/dags/weather_dag.py                                    1           0  0.11s           2025-10-18T19:35:06
/opt/airflow/dags/test_dag.py                397  0.00s             1           0  0.09s           2025-10-18T19:35:06
/opt/airflow/dags/test_hello_world.py                               1           0  0.08s           2025-10-18T19:35:06
================================================================================
[2025-10-18T19:36:07.301+0000] {manager.py:878} INFO - 
================================================================================
DAG File Processing Stats

File Path                                    PID  Runtime      # DAGs    # Errors  Last Runtime    Last Run
-----------------------------------------  -----  ---------  --------  ----------  --------------  -------------------
/opt/airflow/dags/weather_pipeline_dag.py    415  0.03s             1           0  0.26s           2025-10-18T19:35:36
/opt/airflow/dags/test_dag.py                418  0.01s             1           0  0.21s           2025-10-18T19:35:36
/opt/airflow/dags/weather_dag.py                                    1           0  0.16s           2025-10-18T19:35:36
/opt/airflow/dags/test_hello_world.py                               1           0  0.07s           2025-10-18T19:35:36
================================================================================
[2025-10-18T19:36:37.846+0000] {manager.py:878} INFO - 
================================================================================
DAG File Processing Stats

File Path                                    PID  Runtime      # DAGs    # Errors  Last Runtime    Last Run
-----------------------------------------  -----  ---------  --------  ----------  --------------  -------------------
/opt/airflow/dags/weather_pipeline_dag.py    435  0.03s             1           0  0.19s           2025-10-18T19:36:07
/opt/airflow/dags/test_dag.py                437  0.00s             1           0  0.12s           2025-10-18T19:36:07
/opt/airflow/dags/weather_dag.py                                    1           0  0.10s           2025-10-18T19:36:07
/opt/airflow/dags/test_hello_world.py                               1           0  0.08s           2025-10-18T19:36:07
================================================================================
[2025-10-18T19:37:08.697+0000] {manager.py:878} INFO - 
================================================================================
DAG File Processing Stats

File Path                                    PID  Runtime      # DAGs    # Errors  Last Runtime    Last Run
-----------------------------------------  -----  ---------  --------  ----------  --------------  -------------------
/opt/airflow/dags/weather_pipeline_dag.py    455  0.02s             1           0  0.16s           2025-10-18T19:36:37
/opt/airflow/dags/test_dag.py                457  0.00s             1           0  0.13s           2025-10-18T19:36:37
/opt/airflow/dags/weather_dag.py                                    1           0  0.10s           2025-10-18T19:36:38
/opt/airflow/dags/test_hello_world.py                               1           0  0.05s           2025-10-18T19:36:38
================================================================================
[2025-10-18T19:37:39.275+0000] {manager.py:878} INFO - 
================================================================================
DAG File Processing Stats

File Path                                    PID  Runtime      # DAGs    # Errors  Last Runtime    Last Run
-----------------------------------------  -----  ---------  --------  ----------  --------------  -------------------
/opt/airflow/dags/weather_pipeline_dag.py    500  0.02s             1           0  0.20s           2025-10-18T19:37:08
/opt/airflow/dags/test_dag.py                502  0.00s             1           0  0.12s           2025-10-18T19:37:08
/opt/airflow/dags/weather_dag.py                                    1           0  0.11s           2025-10-18T19:37:08
/opt/airflow/dags/test_hello_world.py                               1           0  0.10s           2025-10-18T19:37:08
================================================================================
[2025-10-18T19:38:09.828+0000] {manager.py:878} INFO - 
================================================================================
DAG File Processing Stats

File Path                                    PID  Runtime      # DAGs    # Errors  Last Runtime    Last Run
-----------------------------------------  -----  ---------  --------  ----------  --------------  -------------------
/opt/airflow/dags/weather_pipeline_dag.py    520  0.02s             1           0  0.19s           2025-10-18T19:37:39
/opt/airflow/dags/test_dag.py                521  0.00s             1           0  0.15s           2025-10-18T19:37:39
/opt/airflow/dags/weather_dag.py                                    1           0  0.10s           2025-10-18T19:37:39
/opt/airflow/dags/test_hello_world.py                               1           0  0.04s           2025-10-18T19:37:39
================================================================================
[2025-10-18T19:38:34.318+0000] {manager.py:737} INFO - Searching for files in /opt/airflow/dags
[2025-10-18T19:38:34.336+0000] {manager.py:740} INFO - There are 4 files in /opt/airflow/dags
[2025-10-18T19:38:40.433+0000] {manager.py:878} INFO - 
================================================================================
DAG File Processing Stats

File Path                                    PID  Runtime      # DAGs    # Errors  Last Runtime    Last Run
-----------------------------------------  -----  ---------  --------  ----------  --------------  -------------------
/opt/airflow/dags/weather_pipeline_dag.py    540  0.03s             1           0  0.20s           2025-10-18T19:38:09
/opt/airflow/dags/test_dag.py                543  0.01s             1           0  0.12s           2025-10-18T19:38:09
/opt/airflow/dags/weather_dag.py                                    1           0  0.11s           2025-10-18T19:38:10
/opt/airflow/dags/test_hello_world.py                               1           0  0.09s           2025-10-18T19:38:10
================================================================================
[2025-10-18T19:39:10.979+0000] {manager.py:878} INFO - 
================================================================================
DAG File Processing Stats

File Path                                    PID  Runtime      # DAGs    # Errors  Last Runtime    Last Run
-----------------------------------------  -----  ---------  --------  ----------  --------------  -------------------
/opt/airflow/dags/weather_pipeline_dag.py    560  0.02s             1           0  0.19s           2025-10-18T19:38:40
/opt/airflow/dags/test_dag.py                562  0.00s             1           0  0.16s           2025-10-18T19:38:40
/opt/airflow/dags/weather_dag.py                                    1           0  0.10s           2025-10-18T19:38:40
/opt/airflow/dags/test_hello_world.py                               1           0  0.05s           2025-10-18T19:38:40
================================================================================
[2025-10-18T19:39:41.644+0000] {manager.py:878} INFO - 
================================================================================
DAG File Processing Stats

File Path                                    PID  Runtime      # DAGs    # Errors  Last Runtime    Last Run
-----------------------------------------  -----  ---------  --------  ----------  --------------  -------------------
/opt/airflow/dags/weather_pipeline_dag.py    580  0.02s             1           0  0.22s           2025-10-18T19:39:11
/opt/airflow/dags/test_dag.py                583  0.00s             1           0  0.12s           2025-10-18T19:39:11
/opt/airflow/dags/weather_dag.py                                    1           0  0.11s           2025-10-18T19:39:11
/opt/airflow/dags/test_hello_world.py                               1           0  0.09s           2025-10-18T19:39:11
================================================================================
[2025-10-18T19:40:12.314+0000] {manager.py:878} INFO - 
================================================================================
DAG File Processing Stats

File Path                                    PID  Runtime      # DAGs    # Errors  Last Runtime    Last Run
-----------------------------------------  -----  ---------  --------  ----------  --------------  -------------------
/opt/airflow/dags/weather_pipeline_dag.py    600  0.04s             1           0  0.21s           2025-10-18T19:39:41
/opt/airflow/dags/test_dag.py                602  0.01s             1           0  0.17s           2025-10-18T19:39:41
/opt/airflow/dags/weather_dag.py                                    1           0  0.10s           2025-10-18T19:39:41
/opt/airflow/dags/test_hello_world.py                               1           0  0.05s           2025-10-18T19:39:41
================================================================================
[2025-10-18T19:40:42.898+0000] {manager.py:878} INFO - 
================================================================================
DAG File Processing Stats

File Path                                    PID  Runtime      # DAGs    # Errors  Last Runtime    Last Run
-----------------------------------------  -----  ---------  --------  ----------  --------------  -------------------
/opt/airflow/dags/weather_pipeline_dag.py    620  0.04s             1           0  0.21s           2025-10-18T19:40:12
/opt/airflow/dags/test_dag.py                622  0.01s             1           0  0.12s           2025-10-18T19:40:12
/opt/airflow/dags/weather_dag.py                                    1           0  0.11s           2025-10-18T19:40:12
/opt/airflow/dags/test_hello_world.py                               1           0  0.09s           2025-10-18T19:40:12
================================================================================
[2025-10-18T19:41:13.437+0000] {manager.py:878} INFO - 
================================================================================
DAG File Processing Stats

File Path                                    PID  Runtime      # DAGs    # Errors  Last Runtime    Last Run
-----------------------------------------  -----  ---------  --------  ----------  --------------  -------------------
/opt/airflow/dags/weather_pipeline_dag.py    640  0.02s             1           0  0.19s           2025-10-18T19:40:43
/opt/airflow/dags/test_dag.py                642  0.01s             1           0  0.14s           2025-10-18T19:40:43
/opt/airflow/dags/weather_dag.py                                    1           0  0.09s           2025-10-18T19:40:43
/opt/airflow/dags/test_hello_world.py                               1           0  0.04s           2025-10-18T19:40:43
================================================================================
[2025-10-18T19:41:44.067+0000] {manager.py:878} INFO - 
================================================================================
DAG File Processing Stats

File Path                                    PID  Runtime      # DAGs    # Errors  Last Runtime    Last Run
-----------------------------------------  -----  ---------  --------  ----------  --------------  -------------------
/opt/airflow/dags/weather_pipeline_dag.py    667  0.03s             1           0  0.19s           2025-10-18T19:41:13
/opt/airflow/dags/test_dag.py                669  0.01s             1           0  0.11s           2025-10-18T19:41:13
/opt/airflow/dags/weather_dag.py                                    1           0  0.10s           2025-10-18T19:41:13
/opt/airflow/dags/test_hello_world.py                               1           0  0.08s           2025-10-18T19:41:13
================================================================================
[2025-10-18T19:42:14.673+0000] {manager.py:878} INFO - 
================================================================================
DAG File Processing Stats

File Path                                    PID  Runtime      # DAGs    # Errors  Last Runtime    Last Run
-----------------------------------------  -----  ---------  --------  ----------  --------------  -------------------
/opt/airflow/dags/weather_pipeline_dag.py    692  0.03s             1           0  0.21s           2025-10-18T19:41:44
/opt/airflow/dags/test_dag.py                694  0.00s             1           0  0.17s           2025-10-18T19:41:44
/opt/airflow/dags/weather_dag.py                                    1           0  0.11s           2025-10-18T19:41:44
/opt/airflow/dags/test_hello_world.py                               1           0  0.04s           2025-10-18T19:41:44
================================================================================
[2025-10-18T19:42:45.212+0000] {manager.py:878} INFO - 
================================================================================
DAG File Processing Stats

File Path                                    PID  Runtime      # DAGs    # Errors  Last Runtime    Last Run
-----------------------------------------  -----  ---------  --------  ----------  --------------  -------------------
/opt/airflow/dags/weather_pipeline_dag.py    712  0.03s             1           0  0.20s           2025-10-18T19:42:14
/opt/airflow/dags/weather_dag.py                                    1           0  0.11s           2025-10-18T19:42:14
/opt/airflow/dags/test_dag.py                714  0.00s             1           0  0.11s           2025-10-18T19:42:14
/opt/airflow/dags/test_hello_world.py                               1           0  0.09s           2025-10-18T19:42:14
================================================================================
[2025-10-18T19:43:15.819+0000] {manager.py:878} INFO - 
================================================================================
DAG File Processing Stats

File Path                                    PID  Runtime      # DAGs    # Errors  Last Runtime    Last Run
-----------------------------------------  -----  ---------  --------  ----------  --------------  -------------------
/opt/airflow/dags/weather_pipeline_dag.py    732  0.02s             1           0  0.22s           2025-10-18T19:42:45
/opt/airflow/dags/test_dag.py                734  0.00s             1           0  0.17s           2025-10-18T19:42:45
/opt/airflow/dags/weather_dag.py                                    1           0  0.11s           2025-10-18T19:42:45
/opt/airflow/dags/test_hello_world.py                               1           0  0.05s           2025-10-18T19:42:45
================================================================================
[2025-10-18T19:43:35.289+0000] {manager.py:737} INFO - Searching for files in /opt/airflow/dags
[2025-10-18T19:43:35.306+0000] {manager.py:740} INFO - There are 4 files in /opt/airflow/dags
[2025-10-18T19:43:46.463+0000] {manager.py:878} INFO - 
================================================================================
DAG File Processing Stats

File Path                                    PID  Runtime      # DAGs    # Errors  Last Runtime    Last Run
-----------------------------------------  -----  ---------  --------  ----------  --------------  -------------------
/opt/airflow/dags/weather_pipeline_dag.py    752  0.03s             1           0  0.19s           2025-10-18T19:43:15
/opt/airflow/dags/weather_dag.py                                    1           0  0.12s           2025-10-18T19:43:16
/opt/airflow/dags/test_dag.py                755  0.00s             1           0  0.12s           2025-10-18T19:43:15
/opt/airflow/dags/test_hello_world.py                               1           0  0.09s           2025-10-18T19:43:16
================================================================================
[2025-10-18T19:44:16.985+0000] {manager.py:878} INFO - 
================================================================================
DAG File Processing Stats

File Path                                    PID  Runtime      # DAGs    # Errors  Last Runtime    Last Run
-----------------------------------------  -----  ---------  --------  ----------  --------------  -------------------
/opt/airflow/dags/weather_pipeline_dag.py    772  0.03s             1           0  0.20s           2025-10-18T19:43:46
/opt/airflow/dags/test_dag.py                774  0.00s             1           0  0.15s           2025-10-18T19:43:46
/opt/airflow/dags/weather_dag.py                                    1           0  0.10s           2025-10-18T19:43:46
/opt/airflow/dags/test_hello_world.py                               1           0  0.04s           2025-10-18T19:43:46
================================================================================
[2025-10-18T19:44:47.585+0000] {manager.py:878} INFO - 
================================================================================
DAG File Processing Stats

File Path                                    PID  Runtime      # DAGs    # Errors  Last Runtime    Last Run
-----------------------------------------  -----  ---------  --------  ----------  --------------  -------------------
/opt/airflow/dags/weather_pipeline_dag.py    792  0.03s             1           0  0.21s           2025-10-18T19:44:17
/opt/airflow/dags/test_dag.py                794  0.00s             1           0  0.12s           2025-10-18T19:44:17
/opt/airflow/dags/weather_dag.py                                    1           0  0.11s           2025-10-18T19:44:17
/opt/airflow/dags/test_hello_world.py                               1           0  0.08s           2025-10-18T19:44:17
================================================================================
[2025-10-18T19:45:18.306+0000] {manager.py:878} INFO - 
================================================================================
DAG File Processing Stats

File Path                                    PID  Runtime      # DAGs    # Errors  Last Runtime    Last Run
-----------------------------------------  -----  ---------  --------  ----------  --------------  -------------------
/opt/airflow/dags/weather_pipeline_dag.py    812  0.03s             1           0  0.22s           2025-10-18T19:44:47
/opt/airflow/dags/test_dag.py                814  0.01s             1           0  0.17s           2025-10-18T19:44:47
/opt/airflow/dags/weather_dag.py                                    1           0  0.12s           2025-10-18T19:44:47
/opt/airflow/dags/test_hello_world.py                               1           0  0.06s           2025-10-18T19:44:47
================================================================================
[2025-10-18T19:45:49.024+0000] {manager.py:878} INFO - 
================================================================================
DAG File Processing Stats

File Path                                    PID  Runtime      # DAGs    # Errors  Last Runtime    Last Run
-----------------------------------------  -----  ---------  --------  ----------  --------------  -------------------
/opt/airflow/dags/weather_pipeline_dag.py    832  0.04s             1           0  0.21s           2025-10-18T19:45:18
/opt/airflow/dags/test_dag.py                834  0.01s             1           0  0.14s           2025-10-18T19:45:18
/opt/airflow/dags/weather_dag.py                                    1           0  0.13s           2025-10-18T19:45:18
/opt/airflow/dags/test_hello_world.py                               1           0  0.09s           2025-10-18T19:45:18
================================================================================
[2025-10-18T19:46:19.640+0000] {manager.py:878} INFO - 
================================================================================
DAG File Processing Stats

File Path                                    PID  Runtime      # DAGs    # Errors  Last Runtime    Last Run
-----------------------------------------  -----  ---------  --------  ----------  --------------  -------------------
/opt/airflow/dags/weather_pipeline_dag.py    852  0.02s             1           0  0.24s           2025-10-18T19:45:49
/opt/airflow/dags/test_dag.py                853  0.00s             1           0  0.20s           2025-10-18T19:45:49
/opt/airflow/dags/weather_dag.py                                    1           0  0.10s           2025-10-18T19:45:49
/opt/airflow/dags/test_hello_world.py                               1           0  0.06s           2025-10-18T19:45:49
================================================================================
[2025-10-18T19:46:50.265+0000] {manager.py:878} INFO - 
================================================================================
DAG File Processing Stats

File Path                                    PID  Runtime      # DAGs    # Errors  Last Runtime    Last Run
-----------------------------------------  -----  ---------  --------  ----------  --------------  -------------------
/opt/airflow/dags/weather_pipeline_dag.py    872  0.05s             1           0  0.19s           2025-10-18T19:46:19
/opt/airflow/dags/weather_dag.py                                    1           0  0.12s           2025-10-18T19:46:19
/opt/airflow/dags/test_dag.py                874  0.01s             1           0  0.10s           2025-10-18T19:46:19
/opt/airflow/dags/test_hello_world.py                               1           0  0.09s           2025-10-18T19:46:19
================================================================================
[2025-10-18T19:47:20.846+0000] {manager.py:878} INFO - 
================================================================================
DAG File Processing Stats

File Path                                    PID  Runtime      # DAGs    # Errors  Last Runtime    Last Run
-----------------------------------------  -----  ---------  --------  ----------  --------------  -------------------
/opt/airflow/dags/weather_pipeline_dag.py    892  0.02s             1           0  0.22s           2025-10-18T19:46:50
/opt/airflow/dags/test_dag.py                894  0.00s             1           0  0.17s           2025-10-18T19:46:50
/opt/airflow/dags/weather_dag.py                                    1           0  0.11s           2025-10-18T19:46:50
/opt/airflow/dags/test_hello_world.py                               1           0  0.05s           2025-10-18T19:46:50
================================================================================
[2025-10-18T19:47:51.395+0000] {manager.py:878} INFO - 
================================================================================
DAG File Processing Stats

File Path                                    PID  Runtime      # DAGs    # Errors  Last Runtime    Last Run
-----------------------------------------  -----  ---------  --------  ----------  --------------  -------------------
/opt/airflow/dags/weather_pipeline_dag.py    912  0.04s             1           0  0.20s           2025-10-18T19:47:21
/opt/airflow/dags/weather_dag.py                                    1           0  0.11s           2025-10-18T19:47:21
/opt/airflow/dags/test_dag.py                913  0.01s             1           0  0.11s           2025-10-18T19:47:20
/opt/airflow/dags/test_hello_world.py                               1           0  0.09s           2025-10-18T19:47:21
================================================================================
[2025-10-18T19:48:21.910+0000] {manager.py:878} INFO - 
================================================================================
DAG File Processing Stats

File Path                                    PID  Runtime      # DAGs    # Errors  Last Runtime    Last Run
-----------------------------------------  -----  ---------  --------  ----------  --------------  -------------------
/opt/airflow/dags/weather_pipeline_dag.py    932  0.04s             1           0  0.20s           2025-10-18T19:47:51
/opt/airflow/dags/test_dag.py                933  0.01s             1           0  0.16s           2025-10-18T19:47:51
/opt/airflow/dags/weather_dag.py                                    1           0  0.09s           2025-10-18T19:47:51
/opt/airflow/dags/test_hello_world.py                               1           0  0.04s           2025-10-18T19:47:51
================================================================================
[2025-10-18T19:48:35.317+0000] {manager.py:737} INFO - Searching for files in /opt/airflow/dags
[2025-10-18T19:48:35.335+0000] {manager.py:740} INFO - There are 4 files in /opt/airflow/dags
[2025-10-18T19:48:52.538+0000] {manager.py:878} INFO - 
================================================================================
DAG File Processing Stats

File Path                                    PID  Runtime      # DAGs    # Errors  Last Runtime    Last Run
-----------------------------------------  -----  ---------  --------  ----------  --------------  -------------------
/opt/airflow/dags/weather_pipeline_dag.py    952  0.03s             1           0  0.24s           2025-10-18T19:48:22
/opt/airflow/dags/test_dag.py                955  0.01s             1           0  0.14s           2025-10-18T19:48:22
/opt/airflow/dags/weather_dag.py                                    1           0  0.12s           2025-10-18T19:48:22
/opt/airflow/dags/test_hello_world.py                               1           0  0.10s           2025-10-18T19:48:22
================================================================================
[2025-10-18T19:49:23.151+0000] {manager.py:878} INFO - 
================================================================================
DAG File Processing Stats

File Path                                    PID  Runtime      # DAGs    # Errors  Last Runtime    Last Run
-----------------------------------------  -----  ---------  --------  ----------  --------------  -------------------
/opt/airflow/dags/weather_pipeline_dag.py    972  0.02s             1           0  0.19s           2025-10-18T19:48:52
/opt/airflow/dags/test_dag.py                974  0.00s             1           0  0.16s           2025-10-18T19:48:52
/opt/airflow/dags/weather_dag.py                                    1           0  0.10s           2025-10-18T19:48:52
/opt/airflow/dags/test_hello_world.py                               1           0  0.05s           2025-10-18T19:48:52
================================================================================
[2025-10-18T19:49:53.814+0000] {manager.py:878} INFO - 
================================================================================
DAG File Processing Stats

File Path                                    PID  Runtime      # DAGs    # Errors  Last Runtime    Last Run
-----------------------------------------  -----  ---------  --------  ----------  --------------  -------------------
/opt/airflow/dags/weather_pipeline_dag.py    992  0.03s             1           0  0.19s           2025-10-18T19:49:23
/opt/airflow/dags/weather_dag.py                                    1           0  0.12s           2025-10-18T19:49:23
/opt/airflow/dags/test_dag.py                994  0.00s             1           0  0.11s           2025-10-18T19:49:23
/opt/airflow/dags/test_hello_world.py                               1           0  0.10s           2025-10-18T19:49:23
================================================================================
[2025-10-18T19:50:24.411+0000] {manager.py:878} INFO - 
================================================================================
DAG File Processing Stats

File Path                                    PID  Runtime      # DAGs    # Errors  Last Runtime    Last Run
-----------------------------------------  -----  ---------  --------  ----------  --------------  -------------------
/opt/airflow/dags/weather_pipeline_dag.py   1012  0.03s             1           0  0.22s           2025-10-18T19:49:53
/opt/airflow/dags/test_dag.py               1014  0.01s             1           0  0.17s           2025-10-18T19:49:53
/opt/airflow/dags/weather_dag.py                                    1           0  0.10s           2025-10-18T19:49:54
/opt/airflow/dags/test_hello_world.py                               1           0  0.04s           2025-10-18T19:49:54
================================================================================
[2025-10-18T19:50:55.127+0000] {manager.py:878} INFO - 
================================================================================
DAG File Processing Stats

File Path                                    PID  Runtime      # DAGs    # Errors  Last Runtime    Last Run
-----------------------------------------  -----  ---------  --------  ----------  --------------  -------------------
/opt/airflow/dags/weather_pipeline_dag.py   1032  0.03s             1           0  0.22s           2025-10-18T19:50:24
/opt/airflow/dags/test_dag.py               1034  0.00s             1           0  0.13s           2025-10-18T19:50:24
/opt/airflow/dags/weather_dag.py                                    1           0  0.12s           2025-10-18T19:50:24
/opt/airflow/dags/test_hello_world.py                               1           0  0.10s           2025-10-18T19:50:24
================================================================================
[2025-10-18T19:51:25.812+0000] {manager.py:878} INFO - 
================================================================================
DAG File Processing Stats

File Path                                    PID  Runtime      # DAGs    # Errors  Last Runtime    Last Run
-----------------------------------------  -----  ---------  --------  ----------  --------------  -------------------
/opt/airflow/dags/weather_pipeline_dag.py   1052  0.04s             1           0  0.21s           2025-10-18T19:50:55
/opt/airflow/dags/test_dag.py               1054  0.01s             1           0  0.16s           2025-10-18T19:50:55
/opt/airflow/dags/weather_dag.py                                    1           0  0.10s           2025-10-18T19:50:55
/opt/airflow/dags/test_hello_world.py                               1           0  0.04s           2025-10-18T19:50:55
================================================================================
[2025-10-18T19:51:56.507+0000] {manager.py:878} INFO - 
================================================================================
DAG File Processing Stats

File Path                                    PID  Runtime      # DAGs    # Errors  Last Runtime    Last Run
-----------------------------------------  -----  ---------  --------  ----------  --------------  -------------------
/opt/airflow/dags/weather_pipeline_dag.py   1072  0.04s             1           0  0.22s           2025-10-18T19:51:25
/opt/airflow/dags/test_dag.py               1074  0.00s             1           0  0.13s           2025-10-18T19:51:25
/opt/airflow/dags/weather_dag.py                                    1           0  0.11s           2025-10-18T19:51:26
/opt/airflow/dags/test_hello_world.py                               1           0  0.09s           2025-10-18T19:51:26
================================================================================
[2025-10-18T19:52:27.173+0000] {manager.py:878} INFO - 
================================================================================
DAG File Processing Stats

File Path                                    PID  Runtime      # DAGs    # Errors  Last Runtime    Last Run
-----------------------------------------  -----  ---------  --------  ----------  --------------  -------------------
/opt/airflow/dags/weather_pipeline_dag.py   1092  0.03s             1           0  0.24s           2025-10-18T19:51:56
/opt/airflow/dags/test_dag.py               1095  0.00s             1           0  0.19s           2025-10-18T19:51:56
/opt/airflow/dags/weather_dag.py                                    1           0  0.10s           2025-10-18T19:51:56
/opt/airflow/dags/test_hello_world.py                               1           0  0.04s           2025-10-18T19:51:56
================================================================================
[2025-10-18T19:52:57.833+0000] {manager.py:878} INFO - 
================================================================================
DAG File Processing Stats

File Path                                    PID  Runtime      # DAGs    # Errors  Last Runtime    Last Run
-----------------------------------------  -----  ---------  --------  ----------  --------------  -------------------
/opt/airflow/dags/weather_pipeline_dag.py   1112  0.06s             1           0  0.22s           2025-10-18T19:52:27
/opt/airflow/dags/test_dag.py               1114  0.01s             1           0  0.12s           2025-10-18T19:52:27
/opt/airflow/dags/weather_dag.py                                    1           0  0.12s           2025-10-18T19:52:27
/opt/airflow/dags/test_hello_world.py                               1           0  0.10s           2025-10-18T19:52:27
================================================================================
[2025-10-18T19:53:28.487+0000] {manager.py:878} INFO - 
================================================================================
DAG File Processing Stats

File Path                                    PID  Runtime      # DAGs    # Errors  Last Runtime    Last Run
-----------------------------------------  -----  ---------  --------  ----------  --------------  -------------------
/opt/airflow/dags/weather_pipeline_dag.py   1132  0.04s             1           0  0.28s           2025-10-18T19:52:58
/opt/airflow/dags/test_dag.py               1135  0.01s             1           0  0.20s           2025-10-18T19:52:58
/opt/airflow/dags/weather_dag.py                                    1           0  0.11s           2025-10-18T19:52:58
/opt/airflow/dags/test_hello_world.py                               1           0  0.04s           2025-10-18T19:52:58
================================================================================
[2025-10-18T19:53:35.788+0000] {manager.py:737} INFO - Searching for files in /opt/airflow/dags
[2025-10-18T19:53:35.801+0000] {manager.py:740} INFO - There are 4 files in /opt/airflow/dags
[2025-10-18T19:53:59.142+0000] {manager.py:878} INFO - 
================================================================================
DAG File Processing Stats

File Path                                    PID  Runtime      # DAGs    # Errors  Last Runtime    Last Run
-----------------------------------------  -----  ---------  --------  ----------  --------------  -------------------
/opt/airflow/dags/weather_pipeline_dag.py   1157  0.02s             1           0  0.21s           2025-10-18T19:53:28
/opt/airflow/dags/test_dag.py               1159  0.00s             1           0  0.12s           2025-10-18T19:53:28
/opt/airflow/dags/weather_dag.py                                    1           0  0.09s           2025-10-18T19:53:35
/opt/airflow/dags/test_hello_world.py                               1           0  0.08s           2025-10-18T19:53:28
================================================================================
[2025-10-18T19:54:29.624+0000] {manager.py:878} INFO - 
================================================================================
DAG File Processing Stats

File Path                                    PID  Runtime      # DAGs    # Errors  Last Runtime    Last Run
-----------------------------------------  -----  ---------  --------  ----------  --------------  -------------------
/opt/airflow/dags/weather_pipeline_dag.py   1179  0.03s             1           0  0.18s           2025-10-18T19:53:59
/opt/airflow/dags/test_dag.py               1180  0.01s             1           0  0.14s           2025-10-18T19:53:59
/opt/airflow/dags/weather_dag.py                                    1           0  0.07s           2025-10-18T19:54:06
/opt/airflow/dags/test_hello_world.py                               1           0  0.04s           2025-10-18T19:53:59
================================================================================
[2025-10-18T19:55:00.209+0000] {manager.py:878} INFO - 
================================================================================
DAG File Processing Stats

File Path                                    PID  Runtime      # DAGs    # Errors  Last Runtime    Last Run
-----------------------------------------  -----  ---------  --------  ----------  --------------  -------------------
/opt/airflow/dags/weather_pipeline_dag.py   1199  0.02s             1           0  0.22s           2025-10-18T19:54:29
/opt/airflow/dags/weather_dag.py                                    1           0  0.15s           2025-10-18T19:54:37
/opt/airflow/dags/test_dag.py               1202  0.01s             1           0  0.14s           2025-10-18T19:54:29
/opt/airflow/dags/test_hello_world.py                               1           0  0.10s           2025-10-18T19:54:29
================================================================================
[2025-10-18T19:55:30.692+0000] {manager.py:878} INFO - 
================================================================================
DAG File Processing Stats

File Path                                    PID  Runtime      # DAGs    # Errors  Last Runtime    Last Run
-----------------------------------------  -----  ---------  --------  ----------  --------------  -------------------
/opt/airflow/dags/weather_pipeline_dag.py   1219  0.01s             1           0  0.18s           2025-10-18T19:55:00
/opt/airflow/dags/test_dag.py               1222  0.00s             1           0  0.13s           2025-10-18T19:55:00
/opt/airflow/dags/weather_dag.py                                    1           0  0.08s           2025-10-18T19:55:07
/opt/airflow/dags/test_hello_world.py                               1           0  0.05s           2025-10-18T19:55:00
================================================================================
[2025-10-18T19:56:01.189+0000] {manager.py:878} INFO - 
================================================================================
DAG File Processing Stats

File Path                                    PID  Runtime      # DAGs    # Errors  Last Runtime    Last Run
-----------------------------------------  -----  ---------  --------  ----------  --------------  -------------------
/opt/airflow/dags/weather_pipeline_dag.py   1239  0.03s             1           0  0.12s           2025-10-18T19:55:30
/opt/airflow/dags/test_hello_world.py                               1           0  0.07s           2025-10-18T19:55:30
/opt/airflow/dags/test_dag.py               1242  0.00s             1           0  0.07s           2025-10-18T19:55:30
/opt/airflow/dags/weather_dag.py                                    1           0  0.07s           2025-10-18T19:55:37
================================================================================
[2025-10-18T19:56:31.891+0000] {manager.py:878} INFO - 
================================================================================
DAG File Processing Stats

File Path                                    PID  Runtime      # DAGs    # Errors  Last Runtime    Last Run
-----------------------------------------  -----  ---------  --------  ----------  --------------  -------------------
/opt/airflow/dags/weather_pipeline_dag.py   1259  0.03s             1           0  0.20s           2025-10-18T19:56:01
/opt/airflow/dags/test_dag.py               1262  0.00s             1           0  0.16s           2025-10-18T19:56:01
/opt/airflow/dags/weather_dag.py                                    1           0  0.15s           2025-10-18T19:56:08
/opt/airflow/dags/test_hello_world.py                               1           0  0.05s           2025-10-18T19:56:01
================================================================================
[2025-10-18T19:57:02.528+0000] {manager.py:878} INFO - 
================================================================================
DAG File Processing Stats

File Path                                    PID  Runtime      # DAGs    # Errors  Last Runtime    Last Run
-----------------------------------------  -----  ---------  --------  ----------  --------------  -------------------
/opt/airflow/dags/weather_pipeline_dag.py   1279  0.04s             1           0  0.21s           2025-10-18T19:56:32
/opt/airflow/dags/test_dag.py               1281  0.00s             1           0  0.12s           2025-10-18T19:56:32
/opt/airflow/dags/weather_dag.py                                    1           0  0.10s           2025-10-18T19:56:39
/opt/airflow/dags/test_hello_world.py                               1           0  0.09s           2025-10-18T19:56:32
================================================================================
[2025-10-18T19:57:33.226+0000] {manager.py:878} INFO - 
================================================================================
DAG File Processing Stats

File Path                                    PID  Runtime      # DAGs    # Errors  Last Runtime    Last Run
-----------------------------------------  -----  ---------  --------  ----------  --------------  -------------------
/opt/airflow/dags/weather_pipeline_dag.py   1299  0.02s             1           0  0.26s           2025-10-18T19:57:02
/opt/airflow/dags/test_dag.py               1301  0.00s             1           0  0.20s           2025-10-18T19:57:02
/opt/airflow/dags/weather_dag.py                                    1           0  0.12s           2025-10-18T19:57:09
/opt/airflow/dags/test_hello_world.py                               1           0  0.05s           2025-10-18T19:57:02
================================================================================
[2025-10-18T19:58:03.767+0000] {manager.py:878} INFO - 
================================================================================
DAG File Processing Stats

File Path                                    PID  Runtime      # DAGs    # Errors  Last Runtime    Last Run
-----------------------------------------  -----  ---------  --------  ----------  --------------  -------------------
/opt/airflow/dags/weather_pipeline_dag.py   1319  0.02s             1           0  0.21s           2025-10-18T19:57:33
/opt/airflow/dags/test_hello_world.py                               1           0  0.12s           2025-10-18T19:57:33
/opt/airflow/dags/test_dag.py               1322  0.00s             1           0  0.11s           2025-10-18T19:57:33
/opt/airflow/dags/weather_dag.py                                    1           0  0.06s           2025-10-18T19:57:40
================================================================================
[2025-10-18T19:58:34.279+0000] {manager.py:878} INFO - 
================================================================================
DAG File Processing Stats

File Path                                    PID  Runtime      # DAGs    # Errors  Last Runtime    Last Run
-----------------------------------------  -----  ---------  --------  ----------  --------------  -------------------
/opt/airflow/dags/weather_pipeline_dag.py   1339  0.02s             1           0  0.17s           2025-10-18T19:58:03
/opt/airflow/dags/test_dag.py               1341  0.01s             1           0  0.13s           2025-10-18T19:58:03
/opt/airflow/dags/weather_dag.py                                    1           0  0.12s           2025-10-18T19:58:11
/opt/airflow/dags/test_hello_world.py                               1           0  0.04s           2025-10-18T19:58:03
================================================================================
[2025-10-18T19:58:36.448+0000] {manager.py:737} INFO - Searching for files in /opt/airflow/dags
[2025-10-18T19:58:36.460+0000] {manager.py:740} INFO - There are 4 files in /opt/airflow/dags
[2025-10-18T19:59:04.756+0000] {manager.py:878} INFO - 
================================================================================
DAG File Processing Stats

File Path                                    PID  Runtime      # DAGs    # Errors  Last Runtime    Last Run
-----------------------------------------  -----  ---------  --------  ----------  --------------  -------------------
/opt/airflow/dags/weather_pipeline_dag.py   1359  0.02s             1           0  0.17s           2025-10-18T19:58:34
/opt/airflow/dags/weather_dag.py                                    1           0  0.11s           2025-10-18T19:58:41
/opt/airflow/dags/test_dag.py               1361  0.01s             1           0  0.09s           2025-10-18T19:58:34
/opt/airflow/dags/test_hello_world.py                               1           0  0.09s           2025-10-18T19:58:34
================================================================================
[2025-10-18T19:59:35.285+0000] {manager.py:878} INFO - 
================================================================================
DAG File Processing Stats

File Path                                    PID  Runtime      # DAGs    # Errors  Last Runtime    Last Run
-----------------------------------------  -----  ---------  --------  ----------  --------------  -------------------
/opt/airflow/dags/weather_pipeline_dag.py   1379  0.03s             1           0  0.19s           2025-10-18T19:59:04
/opt/airflow/dags/test_dag.py               1381  0.01s             1           0  0.15s           2025-10-18T19:59:04
/opt/airflow/dags/weather_dag.py                                    1           0  0.07s           2025-10-18T19:59:12
/opt/airflow/dags/test_hello_world.py                               1           0  0.05s           2025-10-18T19:59:04
================================================================================
[2025-10-18T20:00:05.769+0000] {manager.py:878} INFO - 
================================================================================
DAG File Processing Stats

File Path                                    PID  Runtime      # DAGs    # Errors  Last Runtime    Last Run
-----------------------------------------  -----  ---------  --------  ----------  --------------  -------------------
/opt/airflow/dags/weather_pipeline_dag.py   1399  0.02s             1           0  0.17s           2025-10-18T19:59:35
/opt/airflow/dags/weather_dag.py                                    1           0  0.12s           2025-10-18T19:59:42
/opt/airflow/dags/test_dag.py               1402  0.00s             1           0  0.11s           2025-10-18T19:59:35
/opt/airflow/dags/test_hello_world.py                               1           0  0.09s           2025-10-18T19:59:35
================================================================================
[2025-10-18T20:00:36.315+0000] {manager.py:878} INFO - 
================================================================================
DAG File Processing Stats

File Path                                    PID  Runtime      # DAGs    # Errors  Last Runtime    Last Run
-----------------------------------------  -----  ---------  --------  ----------  --------------  -------------------
/opt/airflow/dags/weather_pipeline_dag.py   1419  0.04s             1           0  0.17s           2025-10-18T20:00:05
/opt/airflow/dags/test_dag.py               1421  0.01s             1           0  0.14s           2025-10-18T20:00:05
/opt/airflow/dags/weather_dag.py                                    1           0  0.10s           2025-10-18T20:00:13
/opt/airflow/dags/test_hello_world.py                               1           0  0.04s           2025-10-18T20:00:05
================================================================================
[2025-10-18T20:01:06.821+0000] {manager.py:878} INFO - 
================================================================================
DAG File Processing Stats

File Path                                    PID  Runtime      # DAGs    # Errors  Last Runtime    Last Run
-----------------------------------------  -----  ---------  --------  ----------  --------------  -------------------
/opt/airflow/dags/weather_pipeline_dag.py   1439  0.03s             1           0  0.22s           2025-10-18T20:00:36
/opt/airflow/dags/test_dag.py               1441  0.01s             1           0  0.11s           2025-10-18T20:00:36
/opt/airflow/dags/test_hello_world.py                               1           0  0.09s           2025-10-18T20:00:36
/opt/airflow/dags/weather_dag.py                                    1           0  0.08s           2025-10-18T20:00:43
================================================================================
[2025-10-18T20:01:37.401+0000] {manager.py:878} INFO - 
================================================================================
DAG File Processing Stats

File Path                                    PID  Runtime      # DAGs    # Errors  Last Runtime    Last Run
-----------------------------------------  -----  ---------  --------  ----------  --------------  -------------------
/opt/airflow/dags/weather_pipeline_dag.py   1459  0.03s             1           0  0.21s           2025-10-18T20:01:07
/opt/airflow/dags/test_dag.py               1461  0.00s             1           0  0.17s           2025-10-18T20:01:06
/opt/airflow/dags/weather_dag.py                                    1           0  0.15s           2025-10-18T20:01:14
/opt/airflow/dags/test_hello_world.py                               1           0  0.05s           2025-10-18T20:01:07
================================================================================
[2025-10-18T20:02:07.923+0000] {manager.py:878} INFO - 
================================================================================
DAG File Processing Stats

File Path                                    PID  Runtime      # DAGs    # Errors  Last Runtime    Last Run
-----------------------------------------  -----  ---------  --------  ----------  --------------  -------------------
/opt/airflow/dags/weather_pipeline_dag.py   1479  0.03s             1           0  0.18s           2025-10-18T20:01:37
/opt/airflow/dags/test_dag.py               1481  0.01s             1           0  0.10s           2025-10-18T20:01:37
/opt/airflow/dags/test_hello_world.py                               1           0  0.09s           2025-10-18T20:01:37
/opt/airflow/dags/weather_dag.py                                    1           0  0.07s           2025-10-18T20:01:44
================================================================================
[2025-10-18T20:02:38.578+0000] {manager.py:878} INFO - 
================================================================================
DAG File Processing Stats

File Path                                    PID  Runtime      # DAGs    # Errors  Last Runtime    Last Run
-----------------------------------------  -----  ---------  --------  ----------  --------------  -------------------
/opt/airflow/dags/weather_pipeline_dag.py   1499  0.04s             1           0  0.20s           2025-10-18T20:02:08
/opt/airflow/dags/test_dag.py               1501  0.01s             1           0  0.15s           2025-10-18T20:02:08
/opt/airflow/dags/weather_dag.py                                    1           0  0.10s           2025-10-18T20:02:15
/opt/airflow/dags/test_hello_world.py                               1           0  0.04s           2025-10-18T20:02:08
================================================================================
[2025-10-18T20:03:09.179+0000] {manager.py:878} INFO - 
================================================================================
DAG File Processing Stats

File Path                                    PID  Runtime      # DAGs    # Errors  Last Runtime    Last Run
-----------------------------------------  -----  ---------  --------  ----------  --------------  -------------------
/opt/airflow/dags/weather_pipeline_dag.py   1519  0.04s             1           0  0.23s           2025-10-18T20:02:38
/opt/airflow/dags/test_dag.py               1521  0.01s             1           0  0.12s           2025-10-18T20:02:38
/opt/airflow/dags/weather_dag.py                                    1           0  0.12s           2025-10-18T20:02:46
/opt/airflow/dags/test_hello_world.py                               1           0  0.11s           2025-10-18T20:02:38
================================================================================
[2025-10-18T20:03:36.697+0000] {manager.py:737} INFO - Searching for files in /opt/airflow/dags
[2025-10-18T20:03:36.714+0000] {manager.py:740} INFO - There are 4 files in /opt/airflow/dags
[2025-10-18T20:03:39.790+0000] {manager.py:878} INFO - 
================================================================================
DAG File Processing Stats

File Path                                    PID  Runtime      # DAGs    # Errors  Last Runtime    Last Run
-----------------------------------------  -----  ---------  --------  ----------  --------------  -------------------
/opt/airflow/dags/weather_pipeline_dag.py   1539  0.02s             1           0  0.22s           2025-10-18T20:03:09
/opt/airflow/dags/test_dag.py               1542  0.01s             1           0  0.16s           2025-10-18T20:03:09
/opt/airflow/dags/weather_dag.py                                    1           0  0.15s           2025-10-18T20:03:16
/opt/airflow/dags/test_hello_world.py                               1           0  0.05s           2025-10-18T20:03:09
================================================================================
[2025-10-18T20:04:10.335+0000] {manager.py:878} INFO - 
================================================================================
DAG File Processing Stats

File Path                                    PID  Runtime      # DAGs    # Errors  Last Runtime    Last Run
-----------------------------------------  -----  ---------  --------  ----------  --------------  -------------------
/opt/airflow/dags/weather_pipeline_dag.py   1559  0.03s             1           0  0.20s           2025-10-18T20:03:39
/opt/airflow/dags/test_dag.py               1561  0.01s             1           0  0.11s           2025-10-18T20:03:39
/opt/airflow/dags/test_hello_world.py                               1           0  0.10s           2025-10-18T20:03:40
/opt/airflow/dags/weather_dag.py                                    1           0  0.07s           2025-10-18T20:03:47
================================================================================
[2025-10-18T20:04:40.971+0000] {manager.py:878} INFO - 
================================================================================
DAG File Processing Stats

File Path                                    PID  Runtime      # DAGs    # Errors  Last Runtime    Last Run
-----------------------------------------  -----  ---------  --------  ----------  --------------  -------------------
/opt/airflow/dags/weather_pipeline_dag.py   1579  0.03s             1           0  0.19s           2025-10-18T20:04:10
/opt/airflow/dags/test_dag.py               1581  0.01s             1           0  0.15s           2025-10-18T20:04:10
/opt/airflow/dags/weather_dag.py                                    1           0  0.12s           2025-10-18T20:04:17
/opt/airflow/dags/test_hello_world.py                               1           0  0.04s           2025-10-18T20:04:10
================================================================================
[2025-10-18T20:05:11.482+0000] {manager.py:878} INFO - 
================================================================================
DAG File Processing Stats

File Path                                    PID  Runtime      # DAGs    # Errors  Last Runtime    Last Run
-----------------------------------------  -----  ---------  --------  ----------  --------------  -------------------
/opt/airflow/dags/weather_pipeline_dag.py   1599  0.03s             1           0  0.20s           2025-10-18T20:04:41
/opt/airflow/dags/weather_dag.py                                    1           0  0.14s           2025-10-18T20:04:48
/opt/airflow/dags/test_dag.py               1602  0.01s             1           0  0.11s           2025-10-18T20:04:41
/opt/airflow/dags/test_hello_world.py                               1           0  0.10s           2025-10-18T20:04:41
================================================================================
[2025-10-18T20:05:42.124+0000] {manager.py:878} INFO - 
================================================================================
DAG File Processing Stats

File Path                                    PID  Runtime      # DAGs    # Errors  Last Runtime    Last Run
-----------------------------------------  -----  ---------  --------  ----------  --------------  -------------------
/opt/airflow/dags/weather_pipeline_dag.py   1619  0.03s             1           0  0.19s           2025-10-18T20:05:11
/opt/airflow/dags/weather_dag.py                                    1           0  0.17s           2025-10-18T20:05:18
/opt/airflow/dags/test_dag.py               1621  0.00s             1           0  0.14s           2025-10-18T20:05:11
/opt/airflow/dags/test_hello_world.py                               1           0  0.05s           2025-10-18T20:05:11
================================================================================
[2025-10-18T20:06:13.040+0000] {manager.py:878} INFO - 
================================================================================
DAG File Processing Stats

File Path                                    PID  Runtime      # DAGs    # Errors  Last Runtime    Last Run
-----------------------------------------  -----  ---------  --------  ----------  --------------  -------------------
/opt/airflow/dags/weather_pipeline_dag.py   1639  0.03s             1           0  0.23s           2025-10-18T20:05:42
/opt/airflow/dags/weather_dag.py                                    1           0  0.15s           2025-10-18T20:05:49
/opt/airflow/dags/test_dag.py               1641  0.00s             1           0  0.13s           2025-10-18T20:05:42
/opt/airflow/dags/test_hello_world.py                               1           0  0.12s           2025-10-18T20:05:42
================================================================================
[2025-10-18T20:06:43.585+0000] {manager.py:878} INFO - 
================================================================================
DAG File Processing Stats

File Path                                    PID  Runtime      # DAGs    # Errors  Last Runtime    Last Run
-----------------------------------------  -----  ---------  --------  ----------  --------------  -------------------
/opt/airflow/dags/weather_pipeline_dag.py   1659  0.03s             1           0  0.20s           2025-10-18T20:06:13
/opt/airflow/dags/test_dag.py               1660  0.01s             1           0  0.15s           2025-10-18T20:06:13
/opt/airflow/dags/weather_dag.py                                    1           0  0.10s           2025-10-18T20:06:20
/opt/airflow/dags/test_hello_world.py                               1           0  0.05s           2025-10-18T20:06:13
================================================================================
[2025-10-18T20:07:14.183+0000] {manager.py:878} INFO - 
================================================================================
DAG File Processing Stats

File Path                                    PID  Runtime      # DAGs    # Errors  Last Runtime    Last Run
-----------------------------------------  -----  ---------  --------  ----------  --------------  -------------------
/opt/airflow/dags/weather_pipeline_dag.py   1679  0.03s             1           0  0.26s           2025-10-18T20:06:43
/opt/airflow/dags/test_hello_world.py                               1           0  0.14s           2025-10-18T20:06:43
/opt/airflow/dags/weather_dag.py                                    1           0  0.09s           2025-10-18T20:06:50
/opt/airflow/dags/test_dag.py               1681  0.01s             1           0  0.08s           2025-10-18T20:06:43
================================================================================
[2025-10-18T20:07:44.724+0000] {manager.py:878} INFO - 
================================================================================
DAG File Processing Stats

File Path                                    PID  Runtime      # DAGs    # Errors  Last Runtime    Last Run
-----------------------------------------  -----  ---------  --------  ----------  --------------  -------------------
/opt/airflow/dags/weather_pipeline_dag.py   1699  0.03s             1           0  0.19s           2025-10-18T20:07:14
/opt/airflow/dags/test_dag.py               1701  0.00s             1           0  0.15s           2025-10-18T20:07:14
/opt/airflow/dags/weather_dag.py                                    1           0  0.07s           2025-10-18T20:07:21
/opt/airflow/dags/test_hello_world.py                               1           0  0.04s           2025-10-18T20:07:14
================================================================================
[2025-10-18T20:08:15.330+0000] {manager.py:878} INFO - 
================================================================================
DAG File Processing Stats

File Path                                    PID  Runtime      # DAGs    # Errors  Last Runtime    Last Run
-----------------------------------------  -----  ---------  --------  ----------  --------------  -------------------
/opt/airflow/dags/weather_pipeline_dag.py   1719  0.03s             1           0  0.21s           2025-10-18T20:07:44
/opt/airflow/dags/test_hello_world.py                               1           0  0.13s           2025-10-18T20:07:44
/opt/airflow/dags/weather_dag.py                                    1           0  0.12s           2025-10-18T20:07:52
/opt/airflow/dags/test_dag.py               1721  0.01s             1           0  0.09s           2025-10-18T20:07:44
================================================================================
[2025-10-18T20:08:36.852+0000] {manager.py:737} INFO - Searching for files in /opt/airflow/dags
[2025-10-18T20:08:36.876+0000] {manager.py:740} INFO - There are 4 files in /opt/airflow/dags
[2025-10-18T20:08:46.032+0000] {manager.py:878} INFO - 
================================================================================
DAG File Processing Stats

File Path                                    PID  Runtime      # DAGs    # Errors  Last Runtime    Last Run
-----------------------------------------  -----  ---------  --------  ----------  --------------  -------------------
/opt/airflow/dags/weather_pipeline_dag.py   1739  0.04s             1           0  0.23s           2025-10-18T20:08:15
/opt/airflow/dags/test_dag.py               1742  0.01s             1           0  0.14s           2025-10-18T20:08:15
/opt/airflow/dags/test_hello_world.py                               1           0  0.08s           2025-10-18T20:08:15
/opt/airflow/dags/weather_dag.py                                    1           0  0.07s           2025-10-18T20:08:22
================================================================================
[2025-10-18T20:09:16.592+0000] {manager.py:878} INFO - 
================================================================================
DAG File Processing Stats

File Path                                    PID  Runtime      # DAGs    # Errors  Last Runtime    Last Run
-----------------------------------------  -----  ---------  --------  ----------  --------------  -------------------
/opt/airflow/dags/weather_pipeline_dag.py   1759  0.05s             1           0  0.22s           2025-10-18T20:08:46
/opt/airflow/dags/test_dag.py               1760  0.01s             1           0  0.12s           2025-10-18T20:08:46
/opt/airflow/dags/test_hello_world.py                               1           0  0.09s           2025-10-18T20:08:46
/opt/airflow/dags/weather_dag.py                                    1           0  0.07s           2025-10-18T20:08:53
================================================================================
[2025-10-18T20:09:47.408+0000] {manager.py:878} INFO - 
================================================================================
DAG File Processing Stats

File Path                                    PID  Runtime      # DAGs    # Errors  Last Runtime    Last Run
-----------------------------------------  -----  ---------  --------  ----------  --------------  -------------------
/opt/airflow/dags/weather_pipeline_dag.py   1779  0.05s             1           0  0.24s           2025-10-18T20:09:16
/opt/airflow/dags/test_dag.py               1782  0.01s             1           0  0.15s           2025-10-18T20:09:16
/opt/airflow/dags/weather_dag.py                                    1           0  0.14s           2025-10-18T20:09:24
/opt/airflow/dags/test_hello_world.py                               1           0  0.05s           2025-10-18T20:09:16
================================================================================
[2025-10-18T20:10:18.106+0000] {manager.py:878} INFO - 
================================================================================
DAG File Processing Stats

File Path                                    PID  Runtime      # DAGs    # Errors  Last Runtime    Last Run
-----------------------------------------  -----  ---------  --------  ----------  --------------  -------------------
/opt/airflow/dags/weather_pipeline_dag.py   1808  0.04s             1           0  0.24s           2025-10-18T20:09:47
/opt/airflow/dags/test_hello_world.py                               1           0  0.19s           2025-10-18T20:09:47
/opt/airflow/dags/test_dag.py               1810  0.01s             1           0  0.14s           2025-10-18T20:09:47
/opt/airflow/dags/weather_dag.py                                    1           0  0.12s           2025-10-18T20:09:54
================================================================================
[2025-10-18T20:10:48.689+0000] {manager.py:878} INFO - 
================================================================================
DAG File Processing Stats

File Path                                    PID  Runtime      # DAGs    # Errors  Last Runtime    Last Run
-----------------------------------------  -----  ---------  --------  ----------  --------------  -------------------
/opt/airflow/dags/weather_pipeline_dag.py   1838  0.03s             1           0  0.25s           2025-10-18T20:10:18
/opt/airflow/dags/test_dag.py               1841  0.00s             1           0  0.17s           2025-10-18T20:10:18
/opt/airflow/dags/weather_dag.py                                    1           0  0.13s           2025-10-18T20:10:25
/opt/airflow/dags/test_hello_world.py                               1           0  0.05s           2025-10-18T20:10:18
================================================================================
[2025-10-18T20:11:19.284+0000] {manager.py:878} INFO - 
================================================================================
DAG File Processing Stats

File Path                                    PID  Runtime      # DAGs    # Errors  Last Runtime    Last Run
-----------------------------------------  -----  ---------  --------  ----------  --------------  -------------------
/opt/airflow/dags/weather_pipeline_dag.py   1866  0.02s             1           0  0.28s           2025-10-18T20:10:48
/opt/airflow/dags/test_hello_world.py                               1           0  0.12s           2025-10-18T20:10:48
/opt/airflow/dags/test_dag.py               1868  0.00s             1           0  0.11s           2025-10-18T20:10:48
/opt/airflow/dags/weather_dag.py                                    1           0  0.08s           2025-10-18T20:10:56
================================================================================
[2025-10-18T20:11:49.918+0000] {manager.py:878} INFO - 
================================================================================
DAG File Processing Stats

File Path                                    PID  Runtime      # DAGs    # Errors  Last Runtime    Last Run
-----------------------------------------  -----  ---------  --------  ----------  --------------  -------------------
/opt/airflow/dags/weather_pipeline_dag.py   1897  0.04s             1           0  0.23s           2025-10-18T20:11:19
/opt/airflow/dags/test_dag.py               1899  0.01s             1           0  0.15s           2025-10-18T20:11:19
/opt/airflow/dags/weather_dag.py                                    1           0  0.13s           2025-10-18T20:11:26
/opt/airflow/dags/test_hello_world.py                               1           0  0.06s           2025-10-18T20:11:19
================================================================================
[2025-10-18T20:12:20.538+0000] {manager.py:878} INFO - 
================================================================================
DAG File Processing Stats

File Path                                    PID  Runtime      # DAGs    # Errors  Last Runtime    Last Run
-----------------------------------------  -----  ---------  --------  ----------  --------------  -------------------
/opt/airflow/dags/weather_pipeline_dag.py   1917  0.02s             1           0  0.25s           2025-10-18T20:11:50
/opt/airflow/dags/test_dag.py               1919  0.01s             1           0  0.13s           2025-10-18T20:11:50
/opt/airflow/dags/weather_dag.py                                    1           0  0.13s           2025-10-18T20:11:57
/opt/airflow/dags/test_hello_world.py                               1           0  0.10s           2025-10-18T20:11:50
================================================================================
[2025-10-18T20:12:51.142+0000] {manager.py:878} INFO - 
================================================================================
DAG File Processing Stats

File Path                                    PID  Runtime      # DAGs    # Errors  Last Runtime    Last Run
-----------------------------------------  -----  ---------  --------  ----------  --------------  -------------------
/opt/airflow/dags/weather_pipeline_dag.py   1937  0.04s             1           0  0.21s           2025-10-18T20:12:20
/opt/airflow/dags/test_dag.py               1939  0.01s             1           0  0.16s           2025-10-18T20:12:20
/opt/airflow/dags/weather_dag.py                                    1           0  0.07s           2025-10-18T20:12:27
/opt/airflow/dags/test_hello_world.py                               1           0  0.05s           2025-10-18T20:12:20
================================================================================
[2025-10-18T20:13:21.657+0000] {manager.py:878} INFO - 
================================================================================
DAG File Processing Stats

File Path                                    PID  Runtime      # DAGs    # Errors  Last Runtime    Last Run
-----------------------------------------  -----  ---------  --------  ----------  --------------  -------------------
/opt/airflow/dags/weather_pipeline_dag.py   1957  0.03s             1           0  0.21s           2025-10-18T20:12:51
/opt/airflow/dags/test_dag.py               1960  0.01s             1           0  0.12s           2025-10-18T20:12:51
/opt/airflow/dags/test_hello_world.py                               1           0  0.10s           2025-10-18T20:12:51
/opt/airflow/dags/weather_dag.py                                    1           0  0.09s           2025-10-18T20:12:58
================================================================================
[2025-10-18T20:13:37.112+0000] {manager.py:737} INFO - Searching for files in /opt/airflow/dags
[2025-10-18T20:13:37.130+0000] {manager.py:740} INFO - There are 4 files in /opt/airflow/dags
[2025-10-18T20:13:52.448+0000] {manager.py:878} INFO - 
================================================================================
DAG File Processing Stats

File Path                                    PID  Runtime      # DAGs    # Errors  Last Runtime    Last Run
-----------------------------------------  -----  ---------  --------  ----------  --------------  -------------------
/opt/airflow/dags/weather_pipeline_dag.py                           1           0  0.18s           2025-10-18T20:13:42
/opt/airflow/dags/weather_dag.py                                    1           0  0.16s           2025-10-18T20:13:29
/opt/airflow/dags/test_dag.py               1982  0.04s             1           0  0.15s           2025-10-18T20:13:21
/opt/airflow/dags/test_hello_world.py       1985  0.01s             1           0  0.05s           2025-10-18T20:13:21
================================================================================
[2025-10-18T20:14:22.982+0000] {manager.py:878} INFO - 
================================================================================
DAG File Processing Stats

File Path                                    PID  Runtime      # DAGs    # Errors  Last Runtime    Last Run
-----------------------------------------  -----  ---------  --------  ----------  --------------  -------------------
/opt/airflow/dags/weather_pipeline_dag.py                           1           0  0.18s           2025-10-18T20:14:12
/opt/airflow/dags/test_hello_world.py       2005  0.01s             1           0  0.15s           2025-10-18T20:13:52
/opt/airflow/dags/test_dag.py               2002  0.02s             1           0  0.15s           2025-10-18T20:13:52
/opt/airflow/dags/weather_dag.py                                    1           0  0.08s           2025-10-18T20:13:59
================================================================================
[2025-10-18T20:16:34.205+0000] {manager.py:470} INFO - Processing files using up to 2 processes at a time 
[2025-10-18T20:16:34.206+0000] {manager.py:471} INFO - Process each file at most once every 30 seconds
[2025-10-18T20:16:34.206+0000] {manager.py:472} INFO - Checking for new files in /opt/airflow/dags every 300 seconds
[2025-10-18T20:16:34.206+0000] {manager.py:737} INFO - Searching for files in /opt/airflow/dags
[2025-10-18T20:16:34.209+0000] {manager.py:740} INFO - There are 4 files in /opt/airflow/dags
[2025-10-18T20:16:34.260+0000] {manager.py:878} INFO - 
================================================================================
DAG File Processing Stats

File Path                                    PID  Runtime      # DAGs    # Errors  Last Runtime    Last Run
-----------------------------------------  -----  ---------  --------  ----------  --------------  ----------
/opt/airflow/dags/test_dag.py                                       0           0
/opt/airflow/dags/test_hello_world.py                               0           0
/opt/airflow/dags/weather_pipeline_dag.py   2244  0.03s             0           0
/opt/airflow/dags/weather_dag.py            2248  0.03s             0           0
================================================================================
[2025-10-18T20:17:04.655+0000] {manager.py:878} INFO - 
================================================================================
DAG File Processing Stats

File Path                                    PID  Runtime      # DAGs    # Errors  Last Runtime    Last Run
-----------------------------------------  -----  ---------  --------  ----------  --------------  -------------------
/opt/airflow/dags/weather_pipeline_dag.py   2265  0.03s             1           0  0.12s           2025-10-18T20:16:34
/opt/airflow/dags/test_hello_world.py                               1           0  0.07s           2025-10-18T20:16:34
/opt/airflow/dags/weather_dag.py            2267  0.00s             1           0  0.07s           2025-10-18T20:16:34
/opt/airflow/dags/test_dag.py                                       1           0  0.05s           2025-10-18T20:16:34
================================================================================
[2025-10-18T20:17:35.528+0000] {manager.py:878} INFO - 
================================================================================
DAG File Processing Stats

File Path                                    PID  Runtime      # DAGs    # Errors  Last Runtime    Last Run
-----------------------------------------  -----  ---------  --------  ----------  --------------  -------------------
/opt/airflow/dags/weather_dag.py            2287  0.01s             1           0  0.13s           2025-10-18T20:17:04
/opt/airflow/dags/weather_pipeline_dag.py   2285  0.06s             1           0  0.12s           2025-10-18T20:17:04
/opt/airflow/dags/test_dag.py                                       1           0  0.09s           2025-10-18T20:17:04
/opt/airflow/dags/test_hello_world.py                               1           0  0.06s           2025-10-18T20:17:04
================================================================================
[2025-10-18T20:18:05.609+0000] {manager.py:878} INFO - 
================================================================================
DAG File Processing Stats

File Path                                  PID    Runtime      # DAGs    # Errors  Last Runtime    Last Run
-----------------------------------------  -----  ---------  --------  ----------  --------------  -------------------
/opt/airflow/dags/weather_pipeline_dag.py                           1           0  0.69s           2025-10-18T20:17:36
/opt/airflow/dags/weather_dag.py                                    1           0  0.54s           2025-10-18T20:17:36
/opt/airflow/dags/test_dag.py                                       1           0  0.11s           2025-10-18T20:17:36
/opt/airflow/dags/test_hello_world.py                               1           0  0.11s           2025-10-18T20:17:36
================================================================================
[2025-10-18T20:18:36.382+0000] {manager.py:878} INFO - 
================================================================================
DAG File Processing Stats

File Path                                  PID    Runtime      # DAGs    # Errors  Last Runtime    Last Run
-----------------------------------------  -----  ---------  --------  ----------  --------------  -------------------
/opt/airflow/dags/weather_dag.py                                    1           0  0.15s           2025-10-18T20:18:06
/opt/airflow/dags/weather_pipeline_dag.py                           1           0  0.12s           2025-10-18T20:18:06
/opt/airflow/dags/test_dag.py                                       1           0  0.11s           2025-10-18T20:18:06
/opt/airflow/dags/test_hello_world.py                               1           0  0.08s           2025-10-18T20:18:06
================================================================================
[2025-10-18T20:19:06.870+0000] {manager.py:878} INFO - 
================================================================================
DAG File Processing Stats

File Path                                  PID    Runtime      # DAGs    # Errors  Last Runtime    Last Run
-----------------------------------------  -----  ---------  --------  ----------  --------------  -------------------
/opt/airflow/dags/weather_pipeline_dag.py                           1           0  0.17s           2025-10-18T20:18:37
/opt/airflow/dags/weather_dag.py                                    1           0  0.08s           2025-10-18T20:18:37
/opt/airflow/dags/test_hello_world.py                               1           0  0.07s           2025-10-18T20:18:37
/opt/airflow/dags/test_dag.py                                       1           0  0.06s           2025-10-18T20:18:37
================================================================================
[2025-10-18T20:19:37.378+0000] {manager.py:878} INFO - 
================================================================================
DAG File Processing Stats

File Path                                  PID    Runtime      # DAGs    # Errors  Last Runtime    Last Run
-----------------------------------------  -----  ---------  --------  ----------  --------------  -------------------
/opt/airflow/dags/weather_dag.py                                    1           0  0.10s           2025-10-18T20:19:08
/opt/airflow/dags/test_dag.py                                       1           0  0.09s           2025-10-18T20:19:08
/opt/airflow/dags/weather_pipeline_dag.py                           1           0  0.08s           2025-10-18T20:19:07
/opt/airflow/dags/test_hello_world.py                               1           0  0.06s           2025-10-18T20:19:08
================================================================================
[2025-10-18T20:20:08.054+0000] {manager.py:878} INFO - 
================================================================================
DAG File Processing Stats

File Path                                  PID    Runtime      # DAGs    # Errors  Last Runtime    Last Run
-----------------------------------------  -----  ---------  --------  ----------  --------------  -------------------
/opt/airflow/dags/weather_pipeline_dag.py                           1           0  0.18s           2025-10-18T20:19:38
/opt/airflow/dags/weather_dag.py                                    1           0  0.10s           2025-10-18T20:19:38
/opt/airflow/dags/test_hello_world.py                               1           0  0.07s           2025-10-18T20:19:38
/opt/airflow/dags/test_dag.py                                       1           0  0.06s           2025-10-18T20:19:38
================================================================================
[2025-10-18T20:20:38.689+0000] {manager.py:878} INFO - 
================================================================================
DAG File Processing Stats

File Path                                  PID    Runtime      # DAGs    # Errors  Last Runtime    Last Run
-----------------------------------------  -----  ---------  --------  ----------  --------------  -------------------
/opt/airflow/dags/weather_dag.py                                    1           0  0.12s           2025-10-18T20:20:09
/opt/airflow/dags/weather_pipeline_dag.py                           1           0  0.11s           2025-10-18T20:20:09
/opt/airflow/dags/test_dag.py                                       1           0  0.09s           2025-10-18T20:20:09
/opt/airflow/dags/test_hello_world.py                               1           0  0.05s           2025-10-18T20:20:09
================================================================================
[2025-10-18T20:21:09.387+0000] {manager.py:878} INFO - 
================================================================================
DAG File Processing Stats

File Path                                  PID    Runtime      # DAGs    # Errors  Last Runtime    Last Run
-----------------------------------------  -----  ---------  --------  ----------  --------------  -------------------
/opt/airflow/dags/weather_pipeline_dag.py                           1           0  0.20s           2025-10-18T20:20:39
/opt/airflow/dags/weather_dag.py                                    1           0  0.12s           2025-10-18T20:20:39
/opt/airflow/dags/test_hello_world.py                               1           0  0.09s           2025-10-18T20:20:40
/opt/airflow/dags/test_dag.py                                       1           0  0.05s           2025-10-18T20:20:39
================================================================================
[2025-10-18T20:21:34.916+0000] {manager.py:737} INFO - Searching for files in /opt/airflow/dags
[2025-10-18T20:21:34.933+0000] {manager.py:740} INFO - There are 4 files in /opt/airflow/dags
[2025-10-18T20:21:40.087+0000] {manager.py:878} INFO - 
================================================================================
DAG File Processing Stats

File Path                                  PID    Runtime      # DAGs    # Errors  Last Runtime    Last Run
-----------------------------------------  -----  ---------  --------  ----------  --------------  -------------------
/opt/airflow/dags/weather_dag.py                                    1           0  0.16s           2025-10-18T20:21:10
/opt/airflow/dags/weather_pipeline_dag.py                           1           0  0.14s           2025-10-18T20:21:10
/opt/airflow/dags/test_dag.py                                       1           0  0.10s           2025-10-18T20:21:10
/opt/airflow/dags/test_hello_world.py                               1           0  0.10s           2025-10-18T20:21:10
================================================================================
[2025-10-18T20:22:10.653+0000] {manager.py:878} INFO - 
================================================================================
DAG File Processing Stats

File Path                                  PID    Runtime      # DAGs    # Errors  Last Runtime    Last Run
-----------------------------------------  -----  ---------  --------  ----------  --------------  -------------------
/opt/airflow/dags/weather_pipeline_dag.py                           1           0  0.20s           2025-10-18T20:21:41
/opt/airflow/dags/weather_dag.py                                    1           0  0.11s           2025-10-18T20:21:41
/opt/airflow/dags/test_dag.py                                       1           0  0.09s           2025-10-18T20:21:41
/opt/airflow/dags/test_hello_world.py                               1           0  0.08s           2025-10-18T20:21:41
================================================================================
[2025-10-18T20:22:41.335+0000] {manager.py:878} INFO - 
================================================================================
DAG File Processing Stats

File Path                                  PID    Runtime      # DAGs    # Errors  Last Runtime    Last Run
-----------------------------------------  -----  ---------  --------  ----------  --------------  -------------------
/opt/airflow/dags/weather_dag.py                                    1           0  0.27s           2025-10-18T20:22:11
/opt/airflow/dags/weather_pipeline_dag.py                           1           0  0.18s           2025-10-18T20:22:11
/opt/airflow/dags/test_dag.py                                       1           0  0.14s           2025-10-18T20:22:11
/opt/airflow/dags/test_hello_world.py                               1           0  0.05s           2025-10-18T20:22:12
================================================================================
[2025-10-18T20:23:11.988+0000] {manager.py:878} INFO - 
================================================================================
DAG File Processing Stats

File Path                                  PID    Runtime      # DAGs    # Errors  Last Runtime    Last Run
-----------------------------------------  -----  ---------  --------  ----------  --------------  -------------------
/opt/airflow/dags/weather_pipeline_dag.py                           1           0  0.21s           2025-10-18T20:22:42
/opt/airflow/dags/weather_dag.py                                    1           0  0.11s           2025-10-18T20:22:42
/opt/airflow/dags/test_hello_world.py                               1           0  0.07s           2025-10-18T20:22:42
/opt/airflow/dags/test_dag.py                                       1           0  0.06s           2025-10-18T20:22:42
================================================================================
[2025-10-18T20:23:42.544+0000] {manager.py:878} INFO - 
================================================================================
DAG File Processing Stats

File Path                                  PID    Runtime      # DAGs    # Errors  Last Runtime    Last Run
-----------------------------------------  -----  ---------  --------  ----------  --------------  -------------------
/opt/airflow/dags/weather_dag.py                                    1           0  0.16s           2025-10-18T20:23:13
/opt/airflow/dags/weather_pipeline_dag.py                           1           0  0.13s           2025-10-18T20:23:13
/opt/airflow/dags/test_dag.py                                       1           0  0.10s           2025-10-18T20:23:13
/opt/airflow/dags/test_hello_world.py                               1           0  0.06s           2025-10-18T20:23:13
================================================================================
[2025-10-18T20:24:13.113+0000] {manager.py:878} INFO - 
================================================================================
DAG File Processing Stats

File Path                                  PID    Runtime      # DAGs    # Errors  Last Runtime    Last Run
-----------------------------------------  -----  ---------  --------  ----------  --------------  -------------------
/opt/airflow/dags/weather_pipeline_dag.py                           1           0  0.24s           2025-10-18T20:23:43
/opt/airflow/dags/weather_dag.py                                    1           0  0.12s           2025-10-18T20:23:43
/opt/airflow/dags/test_dag.py                                       1           0  0.09s           2025-10-18T20:23:43
/opt/airflow/dags/test_hello_world.py                               1           0  0.07s           2025-10-18T20:23:43
================================================================================
[2025-10-18T20:24:20.510+0000] {manager.py:470} INFO - Processing files using up to 2 processes at a time 
[2025-10-18T20:24:20.510+0000] {manager.py:471} INFO - Process each file at most once every 30 seconds
[2025-10-18T20:24:20.511+0000] {manager.py:472} INFO - Checking for new files in /opt/airflow/dags every 300 seconds
[2025-10-18T20:24:20.511+0000] {manager.py:737} INFO - Searching for files in /opt/airflow/dags
[2025-10-18T20:24:20.515+0000] {manager.py:740} INFO - There are 4 files in /opt/airflow/dags
[2025-10-18T20:24:20.670+0000] {manager.py:878} INFO - 
================================================================================
DAG File Processing Stats

File Path                                    PID  Runtime      # DAGs    # Errors  Last Runtime    Last Run
-----------------------------------------  -----  ---------  --------  ----------  --------------  ----------
/opt/airflow/dags/test_dag.py                                       0           0
/opt/airflow/dags/test_hello_world.py                               0           0
/opt/airflow/dags/weather_pipeline_dag.py   2722  0.09s             0           0
/opt/airflow/dags/weather_dag.py            2725  0.08s             0           0
================================================================================
[2025-10-18T20:24:43.817+0000] {manager.py:878} INFO - 
================================================================================
DAG File Processing Stats

File Path                                  PID    Runtime      # DAGs    # Errors  Last Runtime    Last Run
-----------------------------------------  -----  ---------  --------  ----------  --------------  -------------------
/opt/airflow/dags/weather_dag.py                                    1           0  0.21s           2025-10-18T20:24:14
/opt/airflow/dags/weather_pipeline_dag.py                           1           0  0.20s           2025-10-18T20:24:14
/opt/airflow/dags/test_dag.py                                       1           0  0.16s           2025-10-18T20:24:14
/opt/airflow/dags/test_hello_world.py                               1           0  0.14s           2025-10-18T20:24:14
================================================================================
[2025-10-18T20:24:51.239+0000] {manager.py:878} INFO - 
================================================================================
DAG File Processing Stats

File Path                                    PID  Runtime      # DAGs    # Errors  Last Runtime    Last Run
-----------------------------------------  -----  ---------  --------  ----------  --------------  -------------------
/opt/airflow/dags/weather_pipeline_dag.py   2763  0.03s             1           0  0.23s           2025-10-18T20:24:20
/opt/airflow/dags/weather_dag.py            2766  0.01s             1           0  0.19s           2025-10-18T20:24:20
/opt/airflow/dags/test_dag.py                                       1           0  0.06s           2025-10-18T20:24:20
/opt/airflow/dags/test_hello_world.py                               1           0  0.06s           2025-10-18T20:24:20
================================================================================
[2025-10-18T20:25:14.474+0000] {manager.py:878} INFO - 
================================================================================
DAG File Processing Stats

File Path                                  PID    Runtime      # DAGs    # Errors  Last Runtime    Last Run
-----------------------------------------  -----  ---------  --------  ----------  --------------  -------------------
/opt/airflow/dags/weather_pipeline_dag.py                           1           0  0.24s           2025-10-18T20:24:45
/opt/airflow/dags/weather_dag.py                                    1           0  0.13s           2025-10-18T20:24:44
/opt/airflow/dags/test_dag.py                                       1           0  0.10s           2025-10-18T20:24:45
/opt/airflow/dags/test_hello_world.py                               1           0  0.09s           2025-10-18T20:24:45
================================================================================
[2025-10-18T20:25:22.000+0000] {manager.py:878} INFO - 
================================================================================
DAG File Processing Stats

File Path                                    PID  Runtime      # DAGs    # Errors  Last Runtime    Last Run
-----------------------------------------  -----  ---------  --------  ----------  --------------  -------------------
/opt/airflow/dags/weather_pipeline_dag.py   2803  0.03s             1           0  0.16s           2025-10-18T20:24:51
/opt/airflow/dags/weather_dag.py            2805  0.00s             1           0  0.15s           2025-10-18T20:24:51
/opt/airflow/dags/test_dag.py                                       1           0  0.08s           2025-10-18T20:24:51
/opt/airflow/dags/test_hello_world.py                               1           0  0.07s           2025-10-18T20:24:51
================================================================================
[2025-10-18T20:25:45.103+0000] {manager.py:878} INFO - 
================================================================================
DAG File Processing Stats

File Path                                  PID    Runtime      # DAGs    # Errors  Last Runtime    Last Run
-----------------------------------------  -----  ---------  --------  ----------  --------------  -------------------
/opt/airflow/dags/weather_dag.py                                    1           0  0.17s           2025-10-18T20:25:15
/opt/airflow/dags/weather_pipeline_dag.py                           1           0  0.14s           2025-10-18T20:25:15
/opt/airflow/dags/test_dag.py                                       1           0  0.13s           2025-10-18T20:25:15
/opt/airflow/dags/test_hello_world.py                               1           0  0.06s           2025-10-18T20:25:15
================================================================================
[2025-10-18T20:25:52.446+0000] {manager.py:878} INFO - 
================================================================================
DAG File Processing Stats

File Path                                    PID  Runtime      # DAGs    # Errors  Last Runtime    Last Run
-----------------------------------------  -----  ---------  --------  ----------  --------------  -------------------
/opt/airflow/dags/weather_pipeline_dag.py   2844  0.03s             1           0  0.15s           2025-10-18T20:25:22
/opt/airflow/dags/weather_dag.py            2845  0.01s             1           0  0.11s           2025-10-18T20:25:22
/opt/airflow/dags/test_dag.py                                       1           0  0.06s           2025-10-18T20:25:22
/opt/airflow/dags/test_hello_world.py                               1           0  0.06s           2025-10-18T20:25:22
================================================================================
[2025-10-18T20:26:15.664+0000] {manager.py:878} INFO - 
================================================================================
DAG File Processing Stats

File Path                                  PID    Runtime      # DAGs    # Errors  Last Runtime    Last Run
-----------------------------------------  -----  ---------  --------  ----------  --------------  -------------------
/opt/airflow/dags/weather_pipeline_dag.py                           1           0  0.21s           2025-10-18T20:25:46
/opt/airflow/dags/weather_dag.py                                    1           0  0.13s           2025-10-18T20:25:46
/opt/airflow/dags/test_hello_world.py                               1           0  0.07s           2025-10-18T20:25:46
/opt/airflow/dags/test_dag.py                                       1           0  0.07s           2025-10-18T20:25:46
================================================================================
[2025-10-18T20:26:23.131+0000] {manager.py:878} INFO - 
================================================================================
DAG File Processing Stats

File Path                                    PID  Runtime      # DAGs    # Errors  Last Runtime    Last Run
-----------------------------------------  -----  ---------  --------  ----------  --------------  -------------------
/opt/airflow/dags/weather_pipeline_dag.py   2884  0.04s             1           0  0.12s           2025-10-18T20:25:52
/opt/airflow/dags/weather_dag.py            2886  0.00s             1           0  0.09s           2025-10-18T20:25:52
/opt/airflow/dags/test_dag.py                                       1           0  0.05s           2025-10-18T20:25:52
/opt/airflow/dags/test_hello_world.py                               1           0  0.05s           2025-10-18T20:25:52
================================================================================
[2025-10-18T20:26:35.208+0000] {manager.py:737} INFO - Searching for files in /opt/airflow/dags
[2025-10-18T20:26:35.224+0000] {manager.py:740} INFO - There are 4 files in /opt/airflow/dags
[2025-10-18T20:26:46.356+0000] {manager.py:878} INFO - 
================================================================================
DAG File Processing Stats

File Path                                  PID    Runtime      # DAGs    # Errors  Last Runtime    Last Run
-----------------------------------------  -----  ---------  --------  ----------  --------------  -------------------
/opt/airflow/dags/weather_dag.py                                    1           0  0.18s           2025-10-18T20:26:16
/opt/airflow/dags/test_dag.py                                       1           0  0.13s           2025-10-18T20:26:16
/opt/airflow/dags/weather_pipeline_dag.py                           1           0  0.13s           2025-10-18T20:26:16
/opt/airflow/dags/test_hello_world.py                               1           0  0.08s           2025-10-18T20:26:16
================================================================================
[2025-10-18T20:26:53.697+0000] {manager.py:878} INFO - 
================================================================================
DAG File Processing Stats

File Path                                    PID  Runtime      # DAGs    # Errors  Last Runtime    Last Run
-----------------------------------------  -----  ---------  --------  ----------  --------------  -------------------
/opt/airflow/dags/weather_pipeline_dag.py   2925  0.02s             1           0  0.25s           2025-10-18T20:26:23
/opt/airflow/dags/weather_dag.py            2928  0.00s             1           0  0.19s           2025-10-18T20:26:23
/opt/airflow/dags/test_hello_world.py                               1           0  0.07s           2025-10-18T20:26:23
/opt/airflow/dags/test_dag.py                                       1           0  0.07s           2025-10-18T20:26:23
================================================================================
[2025-10-18T20:27:16.970+0000] {manager.py:878} INFO - 
================================================================================
DAG File Processing Stats

File Path                                  PID    Runtime      # DAGs    # Errors  Last Runtime    Last Run
-----------------------------------------  -----  ---------  --------  ----------  --------------  -------------------
/opt/airflow/dags/weather_pipeline_dag.py                           1           0  0.20s           2025-10-18T20:26:47
/opt/airflow/dags/weather_dag.py                                    1           0  0.12s           2025-10-18T20:26:47
/opt/airflow/dags/test_hello_world.py                               1           0  0.08s           2025-10-18T20:26:47
/opt/airflow/dags/test_dag.py                                       1           0  0.06s           2025-10-18T20:26:47
================================================================================
[2025-10-18T20:27:24.206+0000] {manager.py:878} INFO - 
================================================================================
DAG File Processing Stats

File Path                                    PID  Runtime      # DAGs    # Errors  Last Runtime    Last Run
-----------------------------------------  -----  ---------  --------  ----------  --------------  -------------------
/opt/airflow/dags/weather_pipeline_dag.py   2965  0.02s             1           0  0.09s           2025-10-18T20:26:53
/opt/airflow/dags/weather_dag.py            2967  0.00s             1           0  0.08s           2025-10-18T20:26:53
/opt/airflow/dags/test_dag.py                                       1           0  0.04s           2025-10-18T20:26:53
/opt/airflow/dags/test_hello_world.py                               1           0  0.04s           2025-10-18T20:26:53
================================================================================
[2025-10-18T20:27:47.643+0000] {manager.py:878} INFO - 
================================================================================
DAG File Processing Stats

File Path                                  PID    Runtime      # DAGs    # Errors  Last Runtime    Last Run
-----------------------------------------  -----  ---------  --------  ----------  --------------  -------------------
/opt/airflow/dags/weather_dag.py                                    1           0  0.20s           2025-10-18T20:27:18
/opt/airflow/dags/weather_pipeline_dag.py                           1           0  0.16s           2025-10-18T20:27:18
/opt/airflow/dags/test_dag.py                                       1           0  0.12s           2025-10-18T20:27:18
/opt/airflow/dags/test_hello_world.py                               1           0  0.05s           2025-10-18T20:27:18
================================================================================
[2025-10-18T20:27:54.712+0000] {manager.py:878} INFO - 
================================================================================
DAG File Processing Stats

File Path                                    PID  Runtime      # DAGs    # Errors  Last Runtime    Last Run
-----------------------------------------  -----  ---------  --------  ----------  --------------  -------------------
/opt/airflow/dags/weather_pipeline_dag.py   3005  0.01s             1           0  0.10s           2025-10-18T20:27:24
/opt/airflow/dags/weather_dag.py            3007  0.00s             1           0  0.07s           2025-10-18T20:27:24
/opt/airflow/dags/test_dag.py                                       1           0  0.05s           2025-10-18T20:27:24
/opt/airflow/dags/test_hello_world.py                               1           0  0.05s           2025-10-18T20:27:24
================================================================================
[2025-10-18T20:28:18.132+0000] {manager.py:878} INFO - 
================================================================================
DAG File Processing Stats

File Path                                  PID    Runtime      # DAGs    # Errors  Last Runtime    Last Run
-----------------------------------------  -----  ---------  --------  ----------  --------------  -------------------
/opt/airflow/dags/weather_pipeline_dag.py                           1           0  0.21s           2025-10-18T20:27:48
/opt/airflow/dags/weather_dag.py                                    1           0  0.12s           2025-10-18T20:27:48
/opt/airflow/dags/test_hello_world.py                               1           0  0.07s           2025-10-18T20:27:48
/opt/airflow/dags/test_dag.py                                       1           0  0.06s           2025-10-18T20:27:48
================================================================================
[2025-10-18T20:28:25.098+0000] {manager.py:878} INFO - 
================================================================================
DAG File Processing Stats

File Path                                    PID  Runtime      # DAGs    # Errors  Last Runtime    Last Run
-----------------------------------------  -----  ---------  --------  ----------  --------------  -------------------
/opt/airflow/dags/weather_pipeline_dag.py   3045  0.02s             1           0  0.08s           2025-10-18T20:27:54
/opt/airflow/dags/weather_dag.py            3048  0.00s             1           0  0.06s           2025-10-18T20:27:54
/opt/airflow/dags/test_dag.py                                       1           0  0.05s           2025-10-18T20:27:54
/opt/airflow/dags/test_hello_world.py                               1           0  0.05s           2025-10-18T20:27:54
================================================================================
[2025-10-18T20:28:48.654+0000] {manager.py:878} INFO - 
================================================================================
DAG File Processing Stats

File Path                                  PID    Runtime      # DAGs    # Errors  Last Runtime    Last Run
-----------------------------------------  -----  ---------  --------  ----------  --------------  -------------------
/opt/airflow/dags/weather_dag.py                                    1           0  0.13s           2025-10-18T20:28:19
/opt/airflow/dags/weather_pipeline_dag.py                           1           0  0.11s           2025-10-18T20:28:19
/opt/airflow/dags/test_dag.py                                       1           0  0.09s           2025-10-18T20:28:19
/opt/airflow/dags/test_hello_world.py                               1           0  0.05s           2025-10-18T20:28:19
================================================================================
[2025-10-18T20:28:55.652+0000] {manager.py:878} INFO - 
================================================================================
DAG File Processing Stats

File Path                                    PID  Runtime      # DAGs    # Errors  Last Runtime    Last Run
-----------------------------------------  -----  ---------  --------  ----------  --------------  -------------------
/opt/airflow/dags/weather_pipeline_dag.py   3085  0.02s             1           0  0.08s           2025-10-18T20:28:25
/opt/airflow/dags/weather_dag.py            3087  0.01s             1           0  0.06s           2025-10-18T20:28:25
/opt/airflow/dags/test_dag.py                                       1           0  0.05s           2025-10-18T20:28:25
/opt/airflow/dags/test_hello_world.py                               1           0  0.04s           2025-10-18T20:28:25
================================================================================
[2025-10-18T20:29:19.147+0000] {manager.py:878} INFO - 
================================================================================
DAG File Processing Stats

File Path                                  PID    Runtime      # DAGs    # Errors  Last Runtime    Last Run
-----------------------------------------  -----  ---------  --------  ----------  --------------  -------------------
/opt/airflow/dags/weather_pipeline_dag.py                           1           0  0.24s           2025-10-18T20:28:49
/opt/airflow/dags/weather_dag.py                                    1           0  0.12s           2025-10-18T20:28:49
/opt/airflow/dags/test_dag.py                                       1           0  0.07s           2025-10-18T20:28:49
/opt/airflow/dags/test_hello_world.py                               1           0  0.07s           2025-10-18T20:28:49
================================================================================
[2025-10-18T20:29:20.986+0000] {manager.py:737} INFO - Searching for files in /opt/airflow/dags
[2025-10-18T20:29:20.997+0000] {manager.py:740} INFO - There are 4 files in /opt/airflow/dags
[2025-10-18T20:29:26.082+0000] {manager.py:878} INFO - 
================================================================================
DAG File Processing Stats

File Path                                    PID  Runtime      # DAGs    # Errors  Last Runtime    Last Run
-----------------------------------------  -----  ---------  --------  ----------  --------------  -------------------
/opt/airflow/dags/weather_pipeline_dag.py   3125  0.02s             1           0  0.10s           2025-10-18T20:28:55
/opt/airflow/dags/weather_dag.py            3128  0.00s             1           0  0.09s           2025-10-18T20:28:55
/opt/airflow/dags/test_dag.py                                       1           0  0.05s           2025-10-18T20:28:55
/opt/airflow/dags/test_hello_world.py                               1           0  0.05s           2025-10-18T20:28:55
================================================================================
[2025-10-18T20:29:49.548+0000] {manager.py:878} INFO - 
================================================================================
DAG File Processing Stats

File Path                                  PID    Runtime      # DAGs    # Errors  Last Runtime    Last Run
-----------------------------------------  -----  ---------  --------  ----------  --------------  -------------------
/opt/airflow/dags/weather_dag.py                                    1           0  0.10s           2025-10-18T20:29:20
/opt/airflow/dags/test_dag.py                                       1           0  0.08s           2025-10-18T20:29:20
/opt/airflow/dags/weather_pipeline_dag.py                           1           0  0.08s           2025-10-18T20:29:20
/opt/airflow/dags/test_hello_world.py                               1           0  0.05s           2025-10-18T20:29:20
================================================================================
[2025-10-18T20:29:56.510+0000] {manager.py:878} INFO - 
================================================================================
DAG File Processing Stats

File Path                                    PID  Runtime      # DAGs    # Errors  Last Runtime    Last Run
-----------------------------------------  -----  ---------  --------  ----------  --------------  -------------------
/opt/airflow/dags/weather_pipeline_dag.py   3165  0.02s             1           0  0.10s           2025-10-18T20:29:26
/opt/airflow/dags/weather_dag.py            3167  0.00s             1           0  0.07s           2025-10-18T20:29:26
/opt/airflow/dags/test_hello_world.py                               1           0  0.05s           2025-10-18T20:29:26
/opt/airflow/dags/test_dag.py                                       1           0  0.05s           2025-10-18T20:29:26
================================================================================
[2025-10-18T20:30:19.953+0000] {manager.py:878} INFO - 
================================================================================
DAG File Processing Stats

File Path                                  PID    Runtime      # DAGs    # Errors  Last Runtime    Last Run
-----------------------------------------  -----  ---------  --------  ----------  --------------  -------------------
/opt/airflow/dags/weather_pipeline_dag.py                           1           0  0.16s           2025-10-18T20:29:50
/opt/airflow/dags/weather_dag.py                                    1           0  0.09s           2025-10-18T20:29:50
/opt/airflow/dags/test_hello_world.py                               1           0  0.07s           2025-10-18T20:29:50
/opt/airflow/dags/test_dag.py                                       1           0  0.06s           2025-10-18T20:29:50
================================================================================
[2025-10-18T20:30:26.903+0000] {manager.py:878} INFO - 
================================================================================
DAG File Processing Stats

File Path                                    PID  Runtime      # DAGs    # Errors  Last Runtime    Last Run
-----------------------------------------  -----  ---------  --------  ----------  --------------  -------------------
/opt/airflow/dags/weather_pipeline_dag.py   3205  0.02s             1           0  0.09s           2025-10-18T20:29:56
/opt/airflow/dags/weather_dag.py            3207  0.00s             1           0  0.08s           2025-10-18T20:29:56
/opt/airflow/dags/test_dag.py                                       1           0  0.05s           2025-10-18T20:29:56
/opt/airflow/dags/test_hello_world.py                               1           0  0.05s           2025-10-18T20:29:56
================================================================================
[2025-10-18T20:30:50.594+0000] {manager.py:878} INFO - 
================================================================================
DAG File Processing Stats

File Path                                  PID    Runtime      # DAGs    # Errors  Last Runtime    Last Run
-----------------------------------------  -----  ---------  --------  ----------  --------------  -------------------
/opt/airflow/dags/weather_dag.py                                    1           0  0.18s           2025-10-18T20:30:21
/opt/airflow/dags/weather_pipeline_dag.py                           1           0  0.15s           2025-10-18T20:30:21
/opt/airflow/dags/test_dag.py                                       1           0  0.09s           2025-10-18T20:30:21
/opt/airflow/dags/test_hello_world.py                               1           0  0.05s           2025-10-18T20:30:21
================================================================================
[2025-10-18T20:30:57.555+0000] {manager.py:878} INFO - 
================================================================================
DAG File Processing Stats

File Path                                    PID  Runtime      # DAGs    # Errors  Last Runtime    Last Run
-----------------------------------------  -----  ---------  --------  ----------  --------------  -------------------
/opt/airflow/dags/weather_pipeline_dag.py   3245  0.02s             1           0  0.10s           2025-10-18T20:30:26
/opt/airflow/dags/weather_dag.py            3247  0.00s             1           0  0.07s           2025-10-18T20:30:26
/opt/airflow/dags/test_dag.py                                       1           0  0.06s           2025-10-18T20:30:27
/opt/airflow/dags/test_hello_world.py                               1           0  0.05s           2025-10-18T20:30:27
================================================================================
[2025-10-18T20:31:21.144+0000] {manager.py:878} INFO - 
================================================================================
DAG File Processing Stats

File Path                                  PID    Runtime      # DAGs    # Errors  Last Runtime    Last Run
-----------------------------------------  -----  ---------  --------  ----------  --------------  -------------------
/opt/airflow/dags/weather_pipeline_dag.py                           1           0  0.26s           2025-10-18T20:30:51
/opt/airflow/dags/weather_dag.py                                    1           0  0.14s           2025-10-18T20:30:51
/opt/airflow/dags/test_hello_world.py                               1           0  0.08s           2025-10-18T20:30:51
/opt/airflow/dags/test_dag.py                                       1           0  0.06s           2025-10-18T20:30:51
================================================================================
[2025-10-18T20:31:27.954+0000] {manager.py:878} INFO - 
================================================================================
DAG File Processing Stats

File Path                                    PID  Runtime      # DAGs    # Errors  Last Runtime    Last Run
-----------------------------------------  -----  ---------  --------  ----------  --------------  -------------------
/opt/airflow/dags/weather_pipeline_dag.py   3285  0.02s             1           0  0.10s           2025-10-18T20:30:57
/opt/airflow/dags/weather_dag.py            3287  0.00s             1           0  0.08s           2025-10-18T20:30:57
/opt/airflow/dags/test_dag.py                                       1           0  0.04s           2025-10-18T20:30:57
/opt/airflow/dags/test_hello_world.py                               1           0  0.04s           2025-10-18T20:30:57
================================================================================
[2025-10-18T20:31:35.526+0000] {manager.py:737} INFO - Searching for files in /opt/airflow/dags
[2025-10-18T20:31:35.542+0000] {manager.py:740} INFO - There are 4 files in /opt/airflow/dags
[2025-10-18T20:31:51.697+0000] {manager.py:878} INFO - 
================================================================================
DAG File Processing Stats

File Path                                  PID    Runtime      # DAGs    # Errors  Last Runtime    Last Run
-----------------------------------------  -----  ---------  --------  ----------  --------------  -------------------
/opt/airflow/dags/weather_dag.py                                    1           0  0.16s           2025-10-18T20:31:22
/opt/airflow/dags/weather_pipeline_dag.py                           1           0  0.14s           2025-10-18T20:31:22
/opt/airflow/dags/test_dag.py                                       1           0  0.09s           2025-10-18T20:31:22
/opt/airflow/dags/test_hello_world.py                               1           0  0.05s           2025-10-18T20:31:22
================================================================================
[2025-10-18T20:31:58.373+0000] {manager.py:878} INFO - 
================================================================================
DAG File Processing Stats

File Path                                    PID  Runtime      # DAGs    # Errors  Last Runtime    Last Run
-----------------------------------------  -----  ---------  --------  ----------  --------------  -------------------
/opt/airflow/dags/weather_pipeline_dag.py   3325  0.01s             1           0  0.10s           2025-10-18T20:31:28
/opt/airflow/dags/weather_dag.py            3327  0.00s             1           0  0.07s           2025-10-18T20:31:28
/opt/airflow/dags/test_dag.py                                       1           0  0.05s           2025-10-18T20:31:28
/opt/airflow/dags/test_hello_world.py                               1           0  0.05s           2025-10-18T20:31:28
================================================================================
[2025-10-18T20:32:22.200+0000] {manager.py:878} INFO - 
================================================================================
DAG File Processing Stats

File Path                                  PID    Runtime      # DAGs    # Errors  Last Runtime    Last Run
-----------------------------------------  -----  ---------  --------  ----------  --------------  -------------------
/opt/airflow/dags/weather_pipeline_dag.py                           1           0  0.18s           2025-10-18T20:31:52
/opt/airflow/dags/weather_dag.py                                    1           0  0.10s           2025-10-18T20:31:52
/opt/airflow/dags/test_hello_world.py                               1           0  0.07s           2025-10-18T20:31:52
/opt/airflow/dags/test_dag.py                                       1           0  0.06s           2025-10-18T20:31:52
================================================================================
[2025-10-18T20:32:28.801+0000] {manager.py:878} INFO - 
================================================================================
DAG File Processing Stats

File Path                                    PID  Runtime      # DAGs    # Errors  Last Runtime    Last Run
-----------------------------------------  -----  ---------  --------  ----------  --------------  -------------------
/opt/airflow/dags/weather_pipeline_dag.py   3365  0.04s             1           0  0.08s           2025-10-18T20:31:58
/opt/airflow/dags/weather_dag.py            3366  0.00s             1           0  0.08s           2025-10-18T20:31:58
/opt/airflow/dags/test_hello_world.py                               1           0  0.05s           2025-10-18T20:31:58
/opt/airflow/dags/test_dag.py                                       1           0  0.05s           2025-10-18T20:31:58
================================================================================
[2025-10-18T20:32:52.809+0000] {manager.py:878} INFO - 
================================================================================
DAG File Processing Stats

File Path                                  PID    Runtime      # DAGs    # Errors  Last Runtime    Last Run
-----------------------------------------  -----  ---------  --------  ----------  --------------  -------------------
/opt/airflow/dags/weather_dag.py                                    1           0  0.17s           2025-10-18T20:32:23
/opt/airflow/dags/weather_pipeline_dag.py                           1           0  0.14s           2025-10-18T20:32:23
/opt/airflow/dags/test_dag.py                                       1           0  0.12s           2025-10-18T20:32:23
/opt/airflow/dags/test_hello_world.py                               1           0  0.08s           2025-10-18T20:32:23
================================================================================
[2025-10-18T20:32:59.277+0000] {manager.py:878} INFO - 
================================================================================
DAG File Processing Stats

File Path                                    PID  Runtime      # DAGs    # Errors  Last Runtime    Last Run
-----------------------------------------  -----  ---------  --------  ----------  --------------  -------------------
/opt/airflow/dags/weather_pipeline_dag.py   3405  0.02s             1           0  0.13s           2025-10-18T20:32:28
/opt/airflow/dags/weather_dag.py            3406  0.01s             1           0  0.10s           2025-10-18T20:32:28
/opt/airflow/dags/test_hello_world.py                               1           0  0.05s           2025-10-18T20:32:28
/opt/airflow/dags/test_dag.py                                       1           0  0.05s           2025-10-18T20:32:28
================================================================================
[2025-10-18T20:33:23.709+0000] {manager.py:878} INFO - 
================================================================================
DAG File Processing Stats

File Path                                  PID    Runtime      # DAGs    # Errors  Last Runtime    Last Run
-----------------------------------------  -----  ---------  --------  ----------  --------------  -------------------
/opt/airflow/dags/weather_pipeline_dag.py                           1           0  0.23s           2025-10-18T20:32:54
/opt/airflow/dags/weather_dag.py                                    1           0  0.14s           2025-10-18T20:32:54
/opt/airflow/dags/test_hello_world.py                               1           0  0.09s           2025-10-18T20:32:54
/opt/airflow/dags/test_dag.py                                       1           0  0.08s           2025-10-18T20:32:54
================================================================================
[2025-10-18T20:33:29.826+0000] {manager.py:878} INFO - 
================================================================================
DAG File Processing Stats

File Path                                    PID  Runtime      # DAGs    # Errors  Last Runtime    Last Run
-----------------------------------------  -----  ---------  --------  ----------  --------------  -------------------
/opt/airflow/dags/weather_pipeline_dag.py   3445  0.04s             1           0  0.09s           2025-10-18T20:32:59
/opt/airflow/dags/weather_dag.py            3447  0.01s             1           0  0.07s           2025-10-18T20:32:59
/opt/airflow/dags/test_dag.py                                       1           0  0.05s           2025-10-18T20:32:59
/opt/airflow/dags/test_hello_world.py                               1           0  0.05s           2025-10-18T20:32:59
================================================================================
[2025-10-18T20:33:54.226+0000] {manager.py:878} INFO - 
================================================================================
DAG File Processing Stats

File Path                                  PID    Runtime      # DAGs    # Errors  Last Runtime    Last Run
-----------------------------------------  -----  ---------  --------  ----------  --------------  -------------------
/opt/airflow/dags/weather_dag.py                                    1           0  0.15s           2025-10-18T20:33:24
/opt/airflow/dags/weather_pipeline_dag.py                           1           0  0.15s           2025-10-18T20:33:24
/opt/airflow/dags/test_dag.py                                       1           0  0.13s           2025-10-18T20:33:25
/opt/airflow/dags/test_hello_world.py                               1           0  0.07s           2025-10-18T20:33:24
================================================================================
[2025-10-18T20:34:00.322+0000] {manager.py:878} INFO - 
================================================================================
DAG File Processing Stats

File Path                                    PID  Runtime      # DAGs    # Errors  Last Runtime    Last Run
-----------------------------------------  -----  ---------  --------  ----------  --------------  -------------------
/opt/airflow/dags/weather_pipeline_dag.py   3485  0.02s             1           0  0.16s           2025-10-18T20:33:29
/opt/airflow/dags/weather_dag.py            3487  0.00s             1           0  0.14s           2025-10-18T20:33:29
/opt/airflow/dags/test_hello_world.py                               1           0  0.08s           2025-10-18T20:33:30
/opt/airflow/dags/test_dag.py                                       1           0  0.06s           2025-10-18T20:33:30
================================================================================
[2025-10-18T20:34:21.705+0000] {manager.py:737} INFO - Searching for files in /opt/airflow/dags
[2025-10-18T20:34:21.720+0000] {manager.py:740} INFO - There are 4 files in /opt/airflow/dags
[2025-10-18T20:34:24.723+0000] {manager.py:878} INFO - 
================================================================================
DAG File Processing Stats

File Path                                  PID    Runtime      # DAGs    # Errors  Last Runtime    Last Run
-----------------------------------------  -----  ---------  --------  ----------  --------------  -------------------
/opt/airflow/dags/weather_pipeline_dag.py                           1           0  0.23s           2025-10-18T20:33:55
/opt/airflow/dags/weather_dag.py                                    1           0  0.14s           2025-10-18T20:33:55
/opt/airflow/dags/test_hello_world.py                               1           0  0.08s           2025-10-18T20:33:55
/opt/airflow/dags/test_dag.py                                       1           0  0.07s           2025-10-18T20:33:55
================================================================================
[2025-10-18T20:34:30.833+0000] {manager.py:878} INFO - 
================================================================================
DAG File Processing Stats

File Path                                    PID  Runtime      # DAGs    # Errors  Last Runtime    Last Run
-----------------------------------------  -----  ---------  --------  ----------  --------------  -------------------
/opt/airflow/dags/weather_pipeline_dag.py   3525  0.02s             1           0  0.11s           2025-10-18T20:34:00
/opt/airflow/dags/weather_dag.py            3528  0.00s             1           0  0.08s           2025-10-18T20:34:00
/opt/airflow/dags/test_dag.py                                       1           0  0.06s           2025-10-18T20:34:00
/opt/airflow/dags/test_hello_world.py                               1           0  0.06s           2025-10-18T20:34:00
================================================================================
[2025-10-18T20:34:55.264+0000] {manager.py:878} INFO - 
================================================================================
DAG File Processing Stats

File Path                                  PID    Runtime      # DAGs    # Errors  Last Runtime    Last Run
-----------------------------------------  -----  ---------  --------  ----------  --------------  -------------------
/opt/airflow/dags/weather_dag.py                                    1           0  0.13s           2025-10-18T20:34:25
/opt/airflow/dags/weather_pipeline_dag.py                           1           0  0.11s           2025-10-18T20:34:25
/opt/airflow/dags/test_dag.py                                       1           0  0.10s           2025-10-18T20:34:25
/opt/airflow/dags/test_hello_world.py                               1           0  0.05s           2025-10-18T20:34:25
================================================================================
[2025-10-18T20:35:01.291+0000] {manager.py:878} INFO - 
================================================================================
DAG File Processing Stats

File Path                                    PID  Runtime      # DAGs    # Errors  Last Runtime    Last Run
-----------------------------------------  -----  ---------  --------  ----------  --------------  -------------------
/opt/airflow/dags/weather_pipeline_dag.py   3565  0.02s             1           0  0.08s           2025-10-18T20:34:30
/opt/airflow/dags/weather_dag.py            3567  0.00s             1           0  0.07s           2025-10-18T20:34:30
/opt/airflow/dags/test_hello_world.py                               1           0  0.05s           2025-10-18T20:34:30
/opt/airflow/dags/test_dag.py                                       1           0  0.04s           2025-10-18T20:34:30
================================================================================
[2025-10-18T20:35:25.740+0000] {manager.py:878} INFO - 
================================================================================
DAG File Processing Stats

File Path                                  PID    Runtime      # DAGs    # Errors  Last Runtime    Last Run
-----------------------------------------  -----  ---------  --------  ----------  --------------  -------------------
/opt/airflow/dags/weather_pipeline_dag.py                           1           0  0.19s           2025-10-18T20:34:56
/opt/airflow/dags/weather_dag.py                                    1           0  0.11s           2025-10-18T20:34:56
/opt/airflow/dags/test_hello_world.py                               1           0  0.07s           2025-10-18T20:34:56
/opt/airflow/dags/test_dag.py                                       1           0  0.06s           2025-10-18T20:34:56
================================================================================
[2025-10-18T20:35:31.758+0000] {manager.py:878} INFO - 
================================================================================
DAG File Processing Stats

File Path                                    PID  Runtime      # DAGs    # Errors  Last Runtime    Last Run
-----------------------------------------  -----  ---------  --------  ----------  --------------  -------------------
/opt/airflow/dags/weather_pipeline_dag.py   3605  0.01s             1           0  0.09s           2025-10-18T20:35:01
/opt/airflow/dags/weather_dag.py            3607  0.00s             1           0  0.06s           2025-10-18T20:35:01
/opt/airflow/dags/test_dag.py                                       1           0  0.05s           2025-10-18T20:35:01
/opt/airflow/dags/test_hello_world.py                               1           0  0.04s           2025-10-18T20:35:01
================================================================================
[2025-10-18T20:35:56.267+0000] {manager.py:878} INFO - 
================================================================================
DAG File Processing Stats

File Path                                  PID    Runtime      # DAGs    # Errors  Last Runtime    Last Run
-----------------------------------------  -----  ---------  --------  ----------  --------------  -------------------
/opt/airflow/dags/weather_dag.py                                    1           0  0.15s           2025-10-18T20:35:26
/opt/airflow/dags/weather_pipeline_dag.py                           1           0  0.14s           2025-10-18T20:35:26
/opt/airflow/dags/test_dag.py                                       1           0  0.10s           2025-10-18T20:35:26
/opt/airflow/dags/test_hello_world.py                               1           0  0.07s           2025-10-18T20:35:27
================================================================================
[2025-10-18T20:36:02.117+0000] {manager.py:878} INFO - 
================================================================================
DAG File Processing Stats

File Path                                    PID  Runtime      # DAGs    # Errors  Last Runtime    Last Run
-----------------------------------------  -----  ---------  --------  ----------  --------------  -------------------
/opt/airflow/dags/weather_pipeline_dag.py   3645  0.02s             1           0  0.08s           2025-10-18T20:35:31
/opt/airflow/dags/weather_dag.py            3648  0.00s             1           0  0.06s           2025-10-18T20:35:31
/opt/airflow/dags/test_dag.py                                       1           0  0.05s           2025-10-18T20:35:31
/opt/airflow/dags/test_hello_world.py                               1           0  0.05s           2025-10-18T20:35:31
================================================================================
[2025-10-18T20:36:26.776+0000] {manager.py:878} INFO - 
================================================================================
DAG File Processing Stats

File Path                                  PID    Runtime      # DAGs    # Errors  Last Runtime    Last Run
-----------------------------------------  -----  ---------  --------  ----------  --------------  -------------------
/opt/airflow/dags/weather_pipeline_dag.py                           1           0  0.17s           2025-10-18T20:35:57
/opt/airflow/dags/weather_dag.py                                    1           0  0.10s           2025-10-18T20:35:57
/opt/airflow/dags/test_hello_world.py                               1           0  0.07s           2025-10-18T20:35:57
/opt/airflow/dags/test_dag.py                                       1           0  0.06s           2025-10-18T20:35:57
================================================================================
[2025-10-18T20:36:32.608+0000] {manager.py:878} INFO - 
================================================================================
DAG File Processing Stats

File Path                                    PID  Runtime      # DAGs    # Errors  Last Runtime    Last Run
-----------------------------------------  -----  ---------  --------  ----------  --------------  -------------------
/opt/airflow/dags/weather_pipeline_dag.py   3685  0.02s             1           0  0.07s           2025-10-18T20:36:02
/opt/airflow/dags/weather_dag.py            3687  0.00s             1           0  0.07s           2025-10-18T20:36:02
/opt/airflow/dags/test_hello_world.py                               1           0  0.05s           2025-10-18T20:36:02
/opt/airflow/dags/test_dag.py                                       1           0  0.05s           2025-10-18T20:36:02
================================================================================
[2025-10-18T20:36:36.098+0000] {manager.py:737} INFO - Searching for files in /opt/airflow/dags
[2025-10-18T20:36:36.109+0000] {manager.py:740} INFO - There are 4 files in /opt/airflow/dags
[2025-10-18T20:36:57.306+0000] {manager.py:878} INFO - 
================================================================================
DAG File Processing Stats

File Path                                  PID    Runtime      # DAGs    # Errors  Last Runtime    Last Run
-----------------------------------------  -----  ---------  --------  ----------  --------------  -------------------
/opt/airflow/dags/weather_dag.py                                    1           0  0.14s           2025-10-18T20:36:27
/opt/airflow/dags/weather_pipeline_dag.py                           1           0  0.12s           2025-10-18T20:36:27
/opt/airflow/dags/test_dag.py                                       1           0  0.10s           2025-10-18T20:36:28
/opt/airflow/dags/test_hello_world.py                               1           0  0.06s           2025-10-18T20:36:28
================================================================================
[2025-10-18T20:37:03.057+0000] {manager.py:878} INFO - 
================================================================================
DAG File Processing Stats

File Path                                    PID  Runtime      # DAGs    # Errors  Last Runtime    Last Run
-----------------------------------------  -----  ---------  --------  ----------  --------------  -------------------
/opt/airflow/dags/weather_pipeline_dag.py   3725  0.01s             1           0  0.09s           2025-10-18T20:36:32
/opt/airflow/dags/weather_dag.py            3727  0.00s             1           0  0.08s           2025-10-18T20:36:32
/opt/airflow/dags/test_hello_world.py                               1           0  0.05s           2025-10-18T20:36:32
/opt/airflow/dags/test_dag.py                                       1           0  0.05s           2025-10-18T20:36:32
================================================================================
[2025-10-18T20:37:28.039+0000] {manager.py:878} INFO - 
================================================================================
DAG File Processing Stats

File Path                                  PID    Runtime      # DAGs    # Errors  Last Runtime    Last Run
-----------------------------------------  -----  ---------  --------  ----------  --------------  -------------------
/opt/airflow/dags/weather_pipeline_dag.py                           1           0  0.24s           2025-10-18T20:36:58
/opt/airflow/dags/weather_dag.py                                    1           0  0.13s           2025-10-18T20:36:58
/opt/airflow/dags/test_hello_world.py                               1           0  0.08s           2025-10-18T20:36:58
/opt/airflow/dags/test_dag.py                                       1           0  0.07s           2025-10-18T20:36:58
================================================================================
[2025-10-18T20:37:33.513+0000] {manager.py:878} INFO - 
================================================================================
DAG File Processing Stats

File Path                                    PID  Runtime      # DAGs    # Errors  Last Runtime    Last Run
-----------------------------------------  -----  ---------  --------  ----------  --------------  -------------------
/opt/airflow/dags/weather_dag.py            3767  0.00s             1           0  0.08s           2025-10-18T20:37:03
/opt/airflow/dags/weather_pipeline_dag.py   3765  0.02s             1           0  0.08s           2025-10-18T20:37:03
/opt/airflow/dags/test_hello_world.py                               1           0  0.05s           2025-10-18T20:37:03
/opt/airflow/dags/test_dag.py                                       1           0  0.05s           2025-10-18T20:37:03
================================================================================
[2025-10-18T20:37:58.515+0000] {manager.py:878} INFO - 
================================================================================
DAG File Processing Stats

File Path                                  PID    Runtime      # DAGs    # Errors  Last Runtime    Last Run
-----------------------------------------  -----  ---------  --------  ----------  --------------  -------------------
/opt/airflow/dags/weather_dag.py                                    1           0  0.15s           2025-10-18T20:37:29
/opt/airflow/dags/weather_pipeline_dag.py                           1           0  0.14s           2025-10-18T20:37:29
/opt/airflow/dags/test_dag.py                                       1           0  0.10s           2025-10-18T20:37:29
/opt/airflow/dags/test_hello_world.py                               1           0  0.05s           2025-10-18T20:37:29
================================================================================
[2025-10-18T20:38:04.063+0000] {manager.py:878} INFO - 
================================================================================
DAG File Processing Stats

File Path                                    PID  Runtime      # DAGs    # Errors  Last Runtime    Last Run
-----------------------------------------  -----  ---------  --------  ----------  --------------  -------------------
/opt/airflow/dags/weather_pipeline_dag.py   3805  0.02s             1           0  0.09s           2025-10-18T20:37:33
/opt/airflow/dags/weather_dag.py            3807  0.00s             1           0  0.07s           2025-10-18T20:37:33
/opt/airflow/dags/test_dag.py                                       1           0  0.05s           2025-10-18T20:37:33
/opt/airflow/dags/test_hello_world.py                               1           0  0.04s           2025-10-18T20:37:33
================================================================================
[2025-10-18T20:38:29.060+0000] {manager.py:878} INFO - 
================================================================================
DAG File Processing Stats

File Path                                  PID    Runtime      # DAGs    # Errors  Last Runtime    Last Run
-----------------------------------------  -----  ---------  --------  ----------  --------------  -------------------
/opt/airflow/dags/weather_pipeline_dag.py                           1           0  0.25s           2025-10-18T20:37:59
/opt/airflow/dags/weather_dag.py                                    1           0  0.16s           2025-10-18T20:37:59
/opt/airflow/dags/test_hello_world.py                               1           0  0.08s           2025-10-18T20:37:59
/opt/airflow/dags/test_dag.py                                       1           0  0.06s           2025-10-18T20:37:59
================================================================================
[2025-10-18T20:38:34.497+0000] {manager.py:878} INFO - 
================================================================================
DAG File Processing Stats

File Path                                    PID  Runtime      # DAGs    # Errors  Last Runtime    Last Run
-----------------------------------------  -----  ---------  --------  ----------  --------------  -------------------
/opt/airflow/dags/weather_pipeline_dag.py   3845  0.04s             1           0  0.10s           2025-10-18T20:38:04
/opt/airflow/dags/weather_dag.py            3847  0.00s             1           0  0.07s           2025-10-18T20:38:04
/opt/airflow/dags/test_dag.py                                       1           0  0.05s           2025-10-18T20:38:04
/opt/airflow/dags/test_hello_world.py                               1           0  0.04s           2025-10-18T20:38:04
================================================================================
[2025-10-18T20:38:59.596+0000] {manager.py:878} INFO - 
================================================================================
DAG File Processing Stats

File Path                                  PID    Runtime      # DAGs    # Errors  Last Runtime    Last Run
-----------------------------------------  -----  ---------  --------  ----------  --------------  -------------------
/opt/airflow/dags/weather_dag.py                                    1           0  0.15s           2025-10-18T20:38:30
/opt/airflow/dags/weather_pipeline_dag.py                           1           0  0.14s           2025-10-18T20:38:30
/opt/airflow/dags/test_dag.py                                       1           0  0.09s           2025-10-18T20:38:30
/opt/airflow/dags/test_hello_world.py                               1           0  0.05s           2025-10-18T20:38:30
================================================================================
[2025-10-18T20:39:04.919+0000] {manager.py:878} INFO - 
================================================================================
DAG File Processing Stats

File Path                                    PID  Runtime      # DAGs    # Errors  Last Runtime    Last Run
-----------------------------------------  -----  ---------  --------  ----------  --------------  -------------------
/opt/airflow/dags/weather_pipeline_dag.py   3885  0.01s             1           0  0.12s           2025-10-18T20:38:34
/opt/airflow/dags/weather_dag.py            3887  0.00s             1           0  0.09s           2025-10-18T20:38:34
/opt/airflow/dags/test_hello_world.py                               1           0  0.05s           2025-10-18T20:38:34
/opt/airflow/dags/test_dag.py                                       1           0  0.05s           2025-10-18T20:38:34
================================================================================
[2025-10-18T20:39:22.157+0000] {manager.py:737} INFO - Searching for files in /opt/airflow/dags
[2025-10-18T20:39:22.171+0000] {manager.py:740} INFO - There are 4 files in /opt/airflow/dags
[2025-10-18T20:39:30.090+0000] {manager.py:878} INFO - 
================================================================================
DAG File Processing Stats

File Path                                  PID    Runtime      # DAGs    # Errors  Last Runtime    Last Run
-----------------------------------------  -----  ---------  --------  ----------  --------------  -------------------
/opt/airflow/dags/weather_pipeline_dag.py                           1           0  0.19s           2025-10-18T20:39:00
/opt/airflow/dags/weather_dag.py                                    1           0  0.10s           2025-10-18T20:39:00
/opt/airflow/dags/test_hello_world.py                               1           0  0.07s           2025-10-18T20:39:00
/opt/airflow/dags/test_dag.py                                       1           0  0.06s           2025-10-18T20:39:00
================================================================================
[2025-10-18T20:39:35.547+0000] {manager.py:878} INFO - 
================================================================================
DAG File Processing Stats

File Path                                    PID  Runtime      # DAGs    # Errors  Last Runtime    Last Run
-----------------------------------------  -----  ---------  --------  ----------  --------------  -------------------
/opt/airflow/dags/weather_pipeline_dag.py   3925  0.04s             1           0  0.08s           2025-10-18T20:39:04
/opt/airflow/dags/weather_dag.py            3927  0.01s             1           0  0.08s           2025-10-18T20:39:04
/opt/airflow/dags/test_hello_world.py                               1           0  0.05s           2025-10-18T20:39:05
/opt/airflow/dags/test_dag.py                                       1           0  0.04s           2025-10-18T20:39:05
================================================================================
[2025-10-18T20:40:00.808+0000] {manager.py:878} INFO - 
================================================================================
DAG File Processing Stats

File Path                                  PID    Runtime      # DAGs    # Errors  Last Runtime    Last Run
-----------------------------------------  -----  ---------  --------  ----------  --------------  -------------------
/opt/airflow/dags/weather_dag.py                                    1           0  0.19s           2025-10-18T20:39:31
/opt/airflow/dags/weather_pipeline_dag.py                           1           0  0.17s           2025-10-18T20:39:31
/opt/airflow/dags/test_dag.py                                       1           0  0.10s           2025-10-18T20:39:31
/opt/airflow/dags/test_hello_world.py                               1           0  0.06s           2025-10-18T20:39:31
================================================================================
[2025-10-18T20:40:06.071+0000] {manager.py:878} INFO - 
================================================================================
DAG File Processing Stats

File Path                                    PID  Runtime      # DAGs    # Errors  Last Runtime    Last Run
-----------------------------------------  -----  ---------  --------  ----------  --------------  -------------------
/opt/airflow/dags/weather_pipeline_dag.py   3965  0.01s             1           0  0.15s           2025-10-18T20:39:35
/opt/airflow/dags/weather_dag.py            3967  0.00s             1           0  0.11s           2025-10-18T20:39:35
/opt/airflow/dags/test_dag.py                                       1           0  0.06s           2025-10-18T20:39:35
/opt/airflow/dags/test_hello_world.py                               1           0  0.05s           2025-10-18T20:39:35
================================================================================
[2025-10-18T20:40:31.274+0000] {manager.py:878} INFO - 
================================================================================
DAG File Processing Stats

File Path                                  PID    Runtime      # DAGs    # Errors  Last Runtime    Last Run
-----------------------------------------  -----  ---------  --------  ----------  --------------  -------------------
/opt/airflow/dags/weather_pipeline_dag.py                           1           0  0.23s           2025-10-18T20:40:02
/opt/airflow/dags/weather_dag.py                                    1           0  0.13s           2025-10-18T20:40:02
/opt/airflow/dags/test_hello_world.py                               1           0  0.09s           2025-10-18T20:40:02
/opt/airflow/dags/test_dag.py                                       1           0  0.07s           2025-10-18T20:40:02
================================================================================
[2025-10-18T20:40:36.537+0000] {manager.py:878} INFO - 
================================================================================
DAG File Processing Stats

File Path                                    PID  Runtime      # DAGs    # Errors  Last Runtime    Last Run
-----------------------------------------  -----  ---------  --------  ----------  --------------  -------------------
/opt/airflow/dags/weather_pipeline_dag.py   4005  0.02s             1           0  0.07s           2025-10-18T20:40:06
/opt/airflow/dags/weather_dag.py            4006  0.00s             1           0  0.07s           2025-10-18T20:40:06
/opt/airflow/dags/test_hello_world.py                               1           0  0.05s           2025-10-18T20:40:06
/opt/airflow/dags/test_dag.py                                       1           0  0.05s           2025-10-18T20:40:06
================================================================================
[2025-10-18T20:41:01.848+0000] {manager.py:878} INFO - 
================================================================================
DAG File Processing Stats

File Path                                  PID    Runtime      # DAGs    # Errors  Last Runtime    Last Run
-----------------------------------------  -----  ---------  --------  ----------  --------------  -------------------
/opt/airflow/dags/weather_dag.py                                    1           0  0.16s           2025-10-18T20:40:32
/opt/airflow/dags/weather_pipeline_dag.py                           1           0  0.14s           2025-10-18T20:40:32
/opt/airflow/dags/test_dag.py                                       1           0  0.10s           2025-10-18T20:40:32
/opt/airflow/dags/test_hello_world.py                               1           0  0.06s           2025-10-18T20:40:32
================================================================================
[2025-10-18T20:41:07.031+0000] {manager.py:878} INFO - 
================================================================================
DAG File Processing Stats

File Path                                    PID  Runtime      # DAGs    # Errors  Last Runtime    Last Run
-----------------------------------------  -----  ---------  --------  ----------  --------------  -------------------
/opt/airflow/dags/weather_pipeline_dag.py   4045  0.03s             1           0  0.09s           2025-10-18T20:40:36
/opt/airflow/dags/weather_dag.py            4047  0.01s             1           0  0.06s           2025-10-18T20:40:36
/opt/airflow/dags/test_dag.py                                       1           0  0.05s           2025-10-18T20:40:36
/opt/airflow/dags/test_hello_world.py                               1           0  0.05s           2025-10-18T20:40:36
================================================================================
[2025-10-18T20:41:24.913+0000] {manager.py:1016} ERROR - Processor for /opt/airflow/dags/weather_pipeline_dag.py exited with return code 1.
[2025-10-18T20:41:31.972+0000] {manager.py:878} INFO - 
================================================================================
DAG File Processing Stats

File Path                                  PID    Runtime      # DAGs    # Errors  Last Runtime    Last Run
-----------------------------------------  -----  ---------  --------  ----------  --------------  -------------------
/opt/airflow/dags/weather_pipeline_dag.py                           0          -1  0.53s           2025-10-18T20:41:24
/opt/airflow/dags/weather_dag.py                                    1           0  0.12s           2025-10-18T20:41:03
/opt/airflow/dags/test_hello_world.py                               1           0  0.08s           2025-10-18T20:41:03
/opt/airflow/dags/test_dag.py                                       1           0  0.06s           2025-10-18T20:41:03
================================================================================
[2025-10-18T20:41:36.727+0000] {manager.py:737} INFO - Searching for files in /opt/airflow/dags
[2025-10-18T20:41:36.743+0000] {manager.py:740} INFO - There are 4 files in /opt/airflow/dags
[2025-10-18T20:41:37.557+0000] {manager.py:878} INFO - 
================================================================================
DAG File Processing Stats

File Path                                    PID  Runtime      # DAGs    # Errors  Last Runtime    Last Run
-----------------------------------------  -----  ---------  --------  ----------  --------------  -------------------
/opt/airflow/dags/weather_pipeline_dag.py                           1           0  0.21s           2025-10-18T20:41:24
/opt/airflow/dags/weather_dag.py            4090  0.04s             1           0  0.08s           2025-10-18T20:41:07
/opt/airflow/dags/test_dag.py               4092  0.00s             1           0  0.05s           2025-10-18T20:41:07
/opt/airflow/dags/test_hello_world.py                               1           0  0.05s           2025-10-18T20:41:07
================================================================================
[2025-10-18T20:42:02.122+0000] {manager.py:878} INFO - 
================================================================================
DAG File Processing Stats

File Path                                  PID    Runtime      # DAGs    # Errors  Last Runtime    Last Run
-----------------------------------------  -----  ---------  --------  ----------  --------------  -------------------
/opt/airflow/dags/weather_dag.py                                    1           0  0.21s           2025-10-18T20:41:33
/opt/airflow/dags/test_dag.py                                       1           0  0.17s           2025-10-18T20:41:33
/opt/airflow/dags/weather_pipeline_dag.py                           1           0  0.14s           2025-10-18T20:41:55
/opt/airflow/dags/test_hello_world.py                               1           0  0.07s           2025-10-18T20:41:33
================================================================================
[2025-10-18T20:42:08.178+0000] {manager.py:878} INFO - 
================================================================================
DAG File Processing Stats

File Path                                    PID  Runtime      # DAGs    # Errors  Last Runtime    Last Run
-----------------------------------------  -----  ---------  --------  ----------  --------------  -------------------
/opt/airflow/dags/weather_pipeline_dag.py                           1           0  0.17s           2025-10-18T20:41:55
/opt/airflow/dags/weather_dag.py            4130  0.01s             1           0  0.14s           2025-10-18T20:41:37
/opt/airflow/dags/test_dag.py               4132  0.00s             1           0  0.11s           2025-10-18T20:41:37
/opt/airflow/dags/test_hello_world.py                               1           0  0.04s           2025-10-18T20:41:37
================================================================================
[2025-10-18T20:42:32.584+0000] {manager.py:878} INFO - 
================================================================================
DAG File Processing Stats

File Path                                  PID    Runtime      # DAGs    # Errors  Last Runtime    Last Run
-----------------------------------------  -----  ---------  --------  ----------  --------------  -------------------
/opt/airflow/dags/weather_dag.py                                    1           0  0.15s           2025-10-18T20:42:04
/opt/airflow/dags/weather_pipeline_dag.py                           1           0  0.14s           2025-10-18T20:42:25
/opt/airflow/dags/test_dag.py                                       1           0  0.11s           2025-10-18T20:42:04
/opt/airflow/dags/test_hello_world.py                               1           0  0.09s           2025-10-18T20:42:04
================================================================================
[2025-10-18T20:42:38.597+0000] {manager.py:878} INFO - 
================================================================================
DAG File Processing Stats

File Path                                    PID  Runtime      # DAGs    # Errors  Last Runtime    Last Run
-----------------------------------------  -----  ---------  --------  ----------  --------------  -------------------
/opt/airflow/dags/weather_pipeline_dag.py                           1           0  0.16s           2025-10-18T20:42:25
/opt/airflow/dags/weather_dag.py            4170  0.01s             1           0  0.09s           2025-10-18T20:42:08
/opt/airflow/dags/test_dag.py               4172  0.00s             1           0  0.08s           2025-10-18T20:42:08
/opt/airflow/dags/test_hello_world.py                               1           0  0.04s           2025-10-18T20:42:08
================================================================================
[2025-10-18T20:43:03.361+0000] {manager.py:878} INFO - 
================================================================================
DAG File Processing Stats

File Path                                  PID    Runtime      # DAGs    # Errors  Last Runtime    Last Run
-----------------------------------------  -----  ---------  --------  ----------  --------------  -------------------
/opt/airflow/dags/test_dag.py                                       1           0  0.12s           2025-10-18T20:42:34
/opt/airflow/dags/weather_pipeline_dag.py                           1           0  0.11s           2025-10-18T20:42:56
/opt/airflow/dags/weather_dag.py                                    1           0  0.08s           2025-10-18T20:42:34
/opt/airflow/dags/test_hello_world.py                               1           0  0.06s           2025-10-18T20:42:34
================================================================================
[2025-10-18T20:43:09.387+0000] {manager.py:878} INFO - 
================================================================================
DAG File Processing Stats

File Path                                    PID  Runtime      # DAGs    # Errors  Last Runtime    Last Run
-----------------------------------------  -----  ---------  --------  ----------  --------------  -------------------
/opt/airflow/dags/weather_pipeline_dag.py                           1           0  0.18s           2025-10-18T20:42:56
/opt/airflow/dags/weather_dag.py            4210  0.03s             1           0  0.08s           2025-10-18T20:42:38
/opt/airflow/dags/test_dag.py               4213  0.00s             1           0  0.07s           2025-10-18T20:42:38
/opt/airflow/dags/test_hello_world.py                               1           0  0.04s           2025-10-18T20:42:38
================================================================================
[2025-10-18T20:43:33.766+0000] {manager.py:878} INFO - 
================================================================================
DAG File Processing Stats

File Path                                  PID    Runtime      # DAGs    # Errors  Last Runtime    Last Run
-----------------------------------------  -----  ---------  --------  ----------  --------------  -------------------
/opt/airflow/dags/weather_pipeline_dag.py                           1           0  0.13s           2025-10-18T20:43:26
/opt/airflow/dags/weather_dag.py                                    1           0  0.08s           2025-10-18T20:43:05
/opt/airflow/dags/test_hello_world.py                               1           0  0.08s           2025-10-18T20:43:05
/opt/airflow/dags/test_dag.py                                       1           0  0.07s           2025-10-18T20:43:05
================================================================================
[2025-10-18T20:43:39.860+0000] {manager.py:878} INFO - 
================================================================================
DAG File Processing Stats

File Path                                    PID  Runtime      # DAGs    # Errors  Last Runtime    Last Run
-----------------------------------------  -----  ---------  --------  ----------  --------------  -------------------
/opt/airflow/dags/weather_pipeline_dag.py                           1           0  0.12s           2025-10-18T20:43:26
/opt/airflow/dags/weather_dag.py            4250  0.02s             1           0  0.11s           2025-10-18T20:43:09
/opt/airflow/dags/test_dag.py               4252  0.00s             1           0  0.09s           2025-10-18T20:43:09
/opt/airflow/dags/test_hello_world.py                               1           0  0.04s           2025-10-18T20:43:09
================================================================================
[2025-10-18T20:44:04.307+0000] {manager.py:878} INFO - 
================================================================================
DAG File Processing Stats

File Path                                  PID    Runtime      # DAGs    # Errors  Last Runtime    Last Run
-----------------------------------------  -----  ---------  --------  ----------  --------------  -------------------
/opt/airflow/dags/test_dag.py                                       1           0  0.19s           2025-10-18T20:43:36
/opt/airflow/dags/weather_dag.py                                    1           0  0.15s           2025-10-18T20:43:35
/opt/airflow/dags/test_hello_world.py                               1           0  0.10s           2025-10-18T20:43:36
/opt/airflow/dags/weather_pipeline_dag.py                           1           0  0.08s           2025-10-18T20:43:57
================================================================================
[2025-10-18T20:44:10.325+0000] {manager.py:878} INFO - 
================================================================================
DAG File Processing Stats

File Path                                    PID  Runtime      # DAGs    # Errors  Last Runtime    Last Run
-----------------------------------------  -----  ---------  --------  ----------  --------------  -------------------
/opt/airflow/dags/weather_pipeline_dag.py                           1           0  0.13s           2025-10-18T20:43:57
/opt/airflow/dags/weather_dag.py            4290  0.02s             1           0  0.09s           2025-10-18T20:43:39
/opt/airflow/dags/test_dag.py               4292  0.00s             1           0  0.07s           2025-10-18T20:43:39
/opt/airflow/dags/test_hello_world.py                               1           0  0.04s           2025-10-18T20:43:39
================================================================================
[2025-10-18T20:44:22.492+0000] {manager.py:737} INFO - Searching for files in /opt/airflow/dags
[2025-10-18T20:44:22.515+0000] {manager.py:740} INFO - There are 4 files in /opt/airflow/dags
[2025-10-18T20:44:34.781+0000] {manager.py:878} INFO - 
================================================================================
DAG File Processing Stats

File Path                                  PID    Runtime      # DAGs    # Errors  Last Runtime    Last Run
-----------------------------------------  -----  ---------  --------  ----------  --------------  -------------------
/opt/airflow/dags/weather_dag.py                                    1           0  0.14s           2025-10-18T20:44:06
/opt/airflow/dags/test_dag.py                                       1           0  0.11s           2025-10-18T20:44:06
/opt/airflow/dags/weather_pipeline_dag.py                           1           0  0.10s           2025-10-18T20:44:27
/opt/airflow/dags/test_hello_world.py                               1           0  0.08s           2025-10-18T20:44:06
================================================================================
[2025-10-18T20:44:40.807+0000] {manager.py:878} INFO - 
================================================================================
DAG File Processing Stats

File Path                                    PID  Runtime      # DAGs    # Errors  Last Runtime    Last Run
-----------------------------------------  -----  ---------  --------  ----------  --------------  -------------------
/opt/airflow/dags/weather_pipeline_dag.py                           1           0  0.17s           2025-10-18T20:44:27
/opt/airflow/dags/weather_dag.py            4330  0.04s             1           0  0.09s           2025-10-18T20:44:10
/opt/airflow/dags/test_dag.py               4332  0.00s             1           0  0.07s           2025-10-18T20:44:10
/opt/airflow/dags/test_hello_world.py                               1           0  0.04s           2025-10-18T20:44:10
================================================================================
[2025-10-18T20:45:05.236+0000] {manager.py:878} INFO - 
================================================================================
DAG File Processing Stats

File Path                                  PID    Runtime      # DAGs    # Errors  Last Runtime    Last Run
-----------------------------------------  -----  ---------  --------  ----------  --------------  -------------------
/opt/airflow/dags/weather_pipeline_dag.py                           1           0  0.12s           2025-10-18T20:44:58
/opt/airflow/dags/test_dag.py                                       1           0  0.12s           2025-10-18T20:44:36
/opt/airflow/dags/weather_dag.py                                    1           0  0.07s           2025-10-18T20:44:36
/opt/airflow/dags/test_hello_world.py                               1           0  0.06s           2025-10-18T20:44:36
================================================================================
[2025-10-18T20:45:11.323+0000] {manager.py:878} INFO - 
================================================================================
DAG File Processing Stats

File Path                                    PID  Runtime      # DAGs    # Errors  Last Runtime    Last Run
-----------------------------------------  -----  ---------  --------  ----------  --------------  -------------------
/opt/airflow/dags/weather_dag.py            4370  0.02s             1           0  0.16s           2025-10-18T20:44:40
/opt/airflow/dags/weather_pipeline_dag.py                           1           0  0.16s           2025-10-18T20:44:58
/opt/airflow/dags/test_dag.py               4372  0.00s             1           0  0.12s           2025-10-18T20:44:40
/opt/airflow/dags/test_hello_world.py                               1           0  0.04s           2025-10-18T20:44:40
================================================================================
[2025-10-18T20:45:35.947+0000] {manager.py:878} INFO - 
================================================================================
DAG File Processing Stats

File Path                                  PID    Runtime      # DAGs    # Errors  Last Runtime    Last Run
-----------------------------------------  -----  ---------  --------  ----------  --------------  -------------------
/opt/airflow/dags/weather_dag.py                                    1           0  0.16s           2025-10-18T20:45:07
/opt/airflow/dags/weather_pipeline_dag.py                           1           0  0.16s           2025-10-18T20:45:28
/opt/airflow/dags/test_dag.py                                       1           0  0.14s           2025-10-18T20:45:07
/opt/airflow/dags/test_hello_world.py                               1           0  0.10s           2025-10-18T20:45:07
================================================================================
[2025-10-18T20:45:41.997+0000] {manager.py:878} INFO - 
================================================================================
DAG File Processing Stats

File Path                                    PID  Runtime      # DAGs    # Errors  Last Runtime    Last Run
-----------------------------------------  -----  ---------  --------  ----------  --------------  -------------------
/opt/airflow/dags/weather_dag.py            4410  0.01s             1           0  0.14s           2025-10-18T20:45:11
/opt/airflow/dags/weather_pipeline_dag.py                           1           0  0.14s           2025-10-18T20:45:28
/opt/airflow/dags/test_dag.py               4412  0.00s             1           0  0.13s           2025-10-18T20:45:11
/opt/airflow/dags/test_hello_world.py                               1           0  0.06s           2025-10-18T20:45:11
================================================================================
[2025-10-18T20:46:06.475+0000] {manager.py:878} INFO - 
================================================================================
DAG File Processing Stats

File Path                                  PID    Runtime      # DAGs    # Errors  Last Runtime    Last Run
-----------------------------------------  -----  ---------  --------  ----------  --------------  -------------------
/opt/airflow/dags/test_dag.py                                       1           0  0.18s           2025-10-18T20:45:38
/opt/airflow/dags/weather_dag.py                                    1           0  0.14s           2025-10-18T20:45:38
/opt/airflow/dags/weather_pipeline_dag.py                           1           0  0.07s           2025-10-18T20:45:59
/opt/airflow/dags/test_hello_world.py                               1           0  0.07s           2025-10-18T20:45:38
================================================================================
[2025-10-18T20:46:12.396+0000] {manager.py:878} INFO - 
================================================================================
DAG File Processing Stats

File Path                                    PID  Runtime      # DAGs    # Errors  Last Runtime    Last Run
-----------------------------------------  -----  ---------  --------  ----------  --------------  -------------------
/opt/airflow/dags/weather_pipeline_dag.py                           1           0  0.12s           2025-10-18T20:45:59
/opt/airflow/dags/weather_dag.py            4450  0.02s             1           0  0.08s           2025-10-18T20:45:42
/opt/airflow/dags/test_dag.py               4453  0.01s             1           0  0.07s           2025-10-18T20:45:42
/opt/airflow/dags/test_hello_world.py                               1           0  0.04s           2025-10-18T20:45:42
================================================================================
[2025-10-18T20:46:36.957+0000] {manager.py:737} INFO - Searching for files in /opt/airflow/dags
[2025-10-18T20:46:36.974+0000] {manager.py:740} INFO - There are 4 files in /opt/airflow/dags
[2025-10-18T20:46:36.990+0000] {manager.py:878} INFO - 
================================================================================
DAG File Processing Stats

File Path                                  PID    Runtime      # DAGs    # Errors  Last Runtime    Last Run
-----------------------------------------  -----  ---------  --------  ----------  --------------  -------------------
/opt/airflow/dags/test_hello_world.py                               1           0  0.12s           2025-10-18T20:46:08
/opt/airflow/dags/weather_dag.py                                    1           0  0.10s           2025-10-18T20:46:08
/opt/airflow/dags/test_dag.py                                       1           0  0.09s           2025-10-18T20:46:08
/opt/airflow/dags/weather_pipeline_dag.py                           1           0  0.08s           2025-10-18T20:46:29
================================================================================
[2025-10-18T20:46:42.824+0000] {manager.py:878} INFO - 
================================================================================
DAG File Processing Stats

File Path                                    PID  Runtime      # DAGs    # Errors  Last Runtime    Last Run
-----------------------------------------  -----  ---------  --------  ----------  --------------  -------------------
/opt/airflow/dags/weather_pipeline_dag.py                           1           0  0.15s           2025-10-18T20:46:29
/opt/airflow/dags/weather_dag.py            4490  0.02s             1           0  0.09s           2025-10-18T20:46:12
/opt/airflow/dags/test_dag.py               4491  0.00s             1           0  0.08s           2025-10-18T20:46:12
/opt/airflow/dags/test_hello_world.py                               1           0  0.04s           2025-10-18T20:46:12
================================================================================
[2025-10-18T20:47:07.470+0000] {manager.py:878} INFO - 
================================================================================
DAG File Processing Stats

File Path                                  PID    Runtime      # DAGs    # Errors  Last Runtime    Last Run
-----------------------------------------  -----  ---------  --------  ----------  --------------  -------------------
/opt/airflow/dags/test_dag.py                                       1           0  0.16s           2025-10-18T20:46:39
/opt/airflow/dags/weather_dag.py                                    1           0  0.11s           2025-10-18T20:46:39
/opt/airflow/dags/test_hello_world.py                               1           0  0.10s           2025-10-18T20:46:39
/opt/airflow/dags/weather_pipeline_dag.py                           1           0  0.09s           2025-10-18T20:47:00
================================================================================
[2025-10-18T20:47:13.271+0000] {manager.py:878} INFO - 
================================================================================
DAG File Processing Stats

File Path                                    PID  Runtime      # DAGs    # Errors  Last Runtime    Last Run
-----------------------------------------  -----  ---------  --------  ----------  --------------  -------------------
/opt/airflow/dags/weather_pipeline_dag.py                           1           0  0.13s           2025-10-18T20:47:00
/opt/airflow/dags/weather_dag.py            4530  0.02s             1           0  0.09s           2025-10-18T20:46:42
/opt/airflow/dags/test_dag.py               4532  0.00s             1           0  0.08s           2025-10-18T20:46:42
/opt/airflow/dags/test_hello_world.py                               1           0  0.04s           2025-10-18T20:46:42
================================================================================
[2025-10-18T20:47:38.037+0000] {manager.py:878} INFO - 
================================================================================
DAG File Processing Stats

File Path                                  PID    Runtime      # DAGs    # Errors  Last Runtime    Last Run
-----------------------------------------  -----  ---------  --------  ----------  --------------  -------------------
/opt/airflow/dags/weather_dag.py                                    1           0  0.11s           2025-10-18T20:47:09
/opt/airflow/dags/test_dag.py                                       1           0  0.10s           2025-10-18T20:47:09
/opt/airflow/dags/weather_pipeline_dag.py                           1           0  0.09s           2025-10-18T20:47:30
/opt/airflow/dags/test_hello_world.py                               1           0  0.08s           2025-10-18T20:47:09
================================================================================
[2025-10-18T20:47:43.837+0000] {manager.py:878} INFO - 
================================================================================
DAG File Processing Stats

File Path                                    PID  Runtime      # DAGs    # Errors  Last Runtime    Last Run
-----------------------------------------  -----  ---------  --------  ----------  --------------  -------------------
/opt/airflow/dags/weather_pipeline_dag.py                           1           0  0.14s           2025-10-18T20:47:30
/opt/airflow/dags/weather_dag.py            4570  0.02s             1           0  0.08s           2025-10-18T20:47:13
/opt/airflow/dags/test_dag.py               4572  0.00s             1           0  0.07s           2025-10-18T20:47:13
/opt/airflow/dags/test_hello_world.py                               1           0  0.04s           2025-10-18T20:47:13
================================================================================
[2025-10-18T20:48:08.895+0000] {manager.py:878} INFO - 
================================================================================
DAG File Processing Stats

File Path                                  PID    Runtime      # DAGs    # Errors  Last Runtime    Last Run
-----------------------------------------  -----  ---------  --------  ----------  --------------  -------------------
/opt/airflow/dags/weather_pipeline_dag.py                           1           0  0.23s           2025-10-18T20:48:01
/opt/airflow/dags/test_dag.py                                       1           0  0.18s           2025-10-18T20:47:40
/opt/airflow/dags/weather_dag.py                                    1           0  0.14s           2025-10-18T20:47:40
/opt/airflow/dags/test_hello_world.py                               1           0  0.08s           2025-10-18T20:47:40
================================================================================
[2025-10-18T20:48:14.426+0000] {manager.py:878} INFO - 
================================================================================
DAG File Processing Stats

File Path                                    PID  Runtime      # DAGs    # Errors  Last Runtime    Last Run
-----------------------------------------  -----  ---------  --------  ----------  --------------  -------------------
/opt/airflow/dags/weather_pipeline_dag.py                           1           0  0.55s           2025-10-18T20:48:01
/opt/airflow/dags/weather_dag.py            4610  0.09s             1           0  0.12s           2025-10-18T20:47:43
/opt/airflow/dags/test_dag.py               4611  0.01s             1           0  0.07s           2025-10-18T20:47:43
/opt/airflow/dags/test_hello_world.py                               1           0  0.07s           2025-10-18T20:47:43
================================================================================
[2025-10-18T20:48:39.615+0000] {manager.py:878} INFO - 
================================================================================
DAG File Processing Stats

File Path                                  PID    Runtime      # DAGs    # Errors  Last Runtime    Last Run
-----------------------------------------  -----  ---------  --------  ----------  --------------  -------------------
/opt/airflow/dags/weather_dag.py                                    1           0  0.18s           2025-10-18T20:48:11
/opt/airflow/dags/test_dag.py                                       1           0  0.17s           2025-10-18T20:48:11
/opt/airflow/dags/weather_pipeline_dag.py                           1           0  0.13s           2025-10-18T20:48:32
/opt/airflow/dags/test_hello_world.py                               1           0  0.10s           2025-10-18T20:48:11
================================================================================
[2025-10-18T20:48:45.313+0000] {manager.py:878} INFO - 
================================================================================
DAG File Processing Stats

File Path                                    PID  Runtime      # DAGs    # Errors  Last Runtime    Last Run
-----------------------------------------  -----  ---------  --------  ----------  --------------  -------------------
/opt/airflow/dags/weather_dag.py            4650  0.04s             1           0  0.46s           2025-10-18T20:48:14
/opt/airflow/dags/test_dag.py               4652  0.00s             1           0  0.37s           2025-10-18T20:48:14
/opt/airflow/dags/weather_pipeline_dag.py                           1           0  0.15s           2025-10-18T20:48:32
/opt/airflow/dags/test_hello_world.py                               1           0  0.13s           2025-10-18T20:48:14
================================================================================
[2025-10-18T20:49:10.098+0000] {manager.py:878} INFO - 
================================================================================
DAG File Processing Stats

File Path                                  PID    Runtime      # DAGs    # Errors  Last Runtime    Last Run
-----------------------------------------  -----  ---------  --------  ----------  --------------  -------------------
/opt/airflow/dags/test_dag.py                                       1           0  0.17s           2025-10-18T20:48:41
/opt/airflow/dags/weather_dag.py                                    1           0  0.15s           2025-10-18T20:48:41
/opt/airflow/dags/test_hello_world.py                               1           0  0.08s           2025-10-18T20:48:41
/opt/airflow/dags/weather_pipeline_dag.py                           1           0  0.08s           2025-10-18T20:49:03
================================================================================
[2025-10-18T20:49:15.774+0000] {manager.py:878} INFO - 
================================================================================
DAG File Processing Stats

File Path                                    PID  Runtime      # DAGs    # Errors  Last Runtime    Last Run
-----------------------------------------  -----  ---------  --------  ----------  --------------  -------------------
/opt/airflow/dags/weather_dag.py            4690  0.02s             1           0  0.15s           2025-10-18T20:48:45
/opt/airflow/dags/test_dag.py               4692  0.00s             1           0  0.11s           2025-10-18T20:48:45
/opt/airflow/dags/weather_pipeline_dag.py                           1           0  0.10s           2025-10-18T20:49:02
/opt/airflow/dags/test_hello_world.py                               1           0  0.04s           2025-10-18T20:48:45
================================================================================
[2025-10-18T20:49:22.985+0000] {manager.py:737} INFO - Searching for files in /opt/airflow/dags
[2025-10-18T20:49:23.002+0000] {manager.py:740} INFO - There are 4 files in /opt/airflow/dags
[2025-10-18T20:49:40.740+0000] {manager.py:878} INFO - 
================================================================================
DAG File Processing Stats

File Path                                  PID    Runtime      # DAGs    # Errors  Last Runtime    Last Run
-----------------------------------------  -----  ---------  --------  ----------  --------------  -------------------
/opt/airflow/dags/test_dag.py                                       1           0  0.14s           2025-10-18T20:49:12
/opt/airflow/dags/weather_dag.py                                    1           0  0.11s           2025-10-18T20:49:12
/opt/airflow/dags/weather_pipeline_dag.py                           1           0  0.10s           2025-10-18T20:49:33
/opt/airflow/dags/test_hello_world.py                               1           0  0.10s           2025-10-18T20:49:12
================================================================================
[2025-10-18T20:49:46.509+0000] {manager.py:878} INFO - 
================================================================================
DAG File Processing Stats

File Path                                    PID  Runtime      # DAGs    # Errors  Last Runtime    Last Run
-----------------------------------------  -----  ---------  --------  ----------  --------------  -------------------
/opt/airflow/dags/weather_pipeline_dag.py                           1           0  0.17s           2025-10-18T20:49:33
/opt/airflow/dags/weather_dag.py            4730  0.05s             1           0  0.10s           2025-10-18T20:49:15
/opt/airflow/dags/test_dag.py               4733  0.00s             1           0  0.08s           2025-10-18T20:49:15
/opt/airflow/dags/test_hello_world.py                               1           0  0.04s           2025-10-18T20:49:15
================================================================================
[2025-10-18T20:50:11.402+0000] {manager.py:878} INFO - 
================================================================================
DAG File Processing Stats

File Path                                  PID    Runtime      # DAGs    # Errors  Last Runtime    Last Run
-----------------------------------------  -----  ---------  --------  ----------  --------------  -------------------
/opt/airflow/dags/test_dag.py                                       1           0  0.18s           2025-10-18T20:49:42
/opt/airflow/dags/weather_dag.py                                    1           0  0.16s           2025-10-18T20:49:42
/opt/airflow/dags/weather_pipeline_dag.py                           1           0  0.08s           2025-10-18T20:50:04
/opt/airflow/dags/test_hello_world.py                               1           0  0.06s           2025-10-18T20:49:43
================================================================================
[2025-10-18T20:50:17.137+0000] {manager.py:878} INFO - 
================================================================================
DAG File Processing Stats

File Path                                    PID  Runtime      # DAGs    # Errors  Last Runtime    Last Run
-----------------------------------------  -----  ---------  --------  ----------  --------------  -------------------
/opt/airflow/dags/weather_dag.py            4770  0.05s             1           0  0.17s           2025-10-18T20:49:46
/opt/airflow/dags/weather_pipeline_dag.py                           1           0  0.14s           2025-10-18T20:50:04
/opt/airflow/dags/test_dag.py               4771  0.01s             1           0  0.13s           2025-10-18T20:49:46
/opt/airflow/dags/test_hello_world.py                               1           0  0.04s           2025-10-18T20:49:46
================================================================================
[2025-10-18T20:50:41.920+0000] {manager.py:878} INFO - 
================================================================================
DAG File Processing Stats

File Path                                  PID    Runtime      # DAGs    # Errors  Last Runtime    Last Run
-----------------------------------------  -----  ---------  --------  ----------  --------------  -------------------
/opt/airflow/dags/weather_dag.py                                    1           0  0.16s           2025-10-18T20:50:13
/opt/airflow/dags/test_dag.py                                       1           0  0.13s           2025-10-18T20:50:13
/opt/airflow/dags/test_hello_world.py                               1           0  0.11s           2025-10-18T20:50:13
/opt/airflow/dags/weather_pipeline_dag.py                           1           0  0.09s           2025-10-18T20:50:34
================================================================================
[2025-10-18T20:50:47.656+0000] {manager.py:878} INFO - 
================================================================================
DAG File Processing Stats

File Path                                    PID  Runtime      # DAGs    # Errors  Last Runtime    Last Run
-----------------------------------------  -----  ---------  --------  ----------  --------------  -------------------
/opt/airflow/dags/weather_dag.py            4810  0.04s             1           0  0.21s           2025-10-18T20:50:17
/opt/airflow/dags/test_dag.py               4811  0.00s             1           0  0.17s           2025-10-18T20:50:17
/opt/airflow/dags/weather_pipeline_dag.py                           1           0  0.15s           2025-10-18T20:50:34
/opt/airflow/dags/test_hello_world.py                               1           0  0.06s           2025-10-18T20:50:17
================================================================================
[2025-10-18T20:51:12.443+0000] {manager.py:878} INFO - 
================================================================================
DAG File Processing Stats

File Path                                  PID    Runtime      # DAGs    # Errors  Last Runtime    Last Run
-----------------------------------------  -----  ---------  --------  ----------  --------------  -------------------
/opt/airflow/dags/test_dag.py                                       1           0  0.19s           2025-10-18T20:50:44
/opt/airflow/dags/test_hello_world.py                               1           0  0.16s           2025-10-18T20:50:44
/opt/airflow/dags/weather_pipeline_dag.py                           1           0  0.11s           2025-10-18T20:51:05
/opt/airflow/dags/weather_dag.py                                    1           0  0.09s           2025-10-18T20:50:44
================================================================================
[2025-10-18T20:51:18.019+0000] {manager.py:878} INFO - 
================================================================================
DAG File Processing Stats

File Path                                    PID  Runtime      # DAGs    # Errors  Last Runtime    Last Run
-----------------------------------------  -----  ---------  --------  ----------  --------------  -------------------
/opt/airflow/dags/weather_dag.py            4850  0.02s             1           0  0.14s           2025-10-18T20:50:47
/opt/airflow/dags/weather_pipeline_dag.py                           1           0  0.12s           2025-10-18T20:51:04
/opt/airflow/dags/test_dag.py               4853  0.00s             1           0  0.10s           2025-10-18T20:50:47
/opt/airflow/dags/test_hello_world.py                               1           0  0.04s           2025-10-18T20:50:47
================================================================================
[2025-10-18T20:51:37.137+0000] {manager.py:737} INFO - Searching for files in /opt/airflow/dags
[2025-10-18T20:51:37.148+0000] {manager.py:740} INFO - There are 4 files in /opt/airflow/dags
[2025-10-18T20:51:43.244+0000] {manager.py:878} INFO - 
================================================================================
DAG File Processing Stats

File Path                                  PID    Runtime      # DAGs    # Errors  Last Runtime    Last Run
-----------------------------------------  -----  ---------  --------  ----------  --------------  -------------------
/opt/airflow/dags/test_dag.py                                       1           0  0.13s           2025-10-18T20:51:14
/opt/airflow/dags/weather_pipeline_dag.py                           1           0  0.12s           2025-10-18T20:51:36
/opt/airflow/dags/weather_dag.py                                    1           0  0.09s           2025-10-18T20:51:14
/opt/airflow/dags/test_hello_world.py                               1           0  0.06s           2025-10-18T20:51:14
================================================================================
[2025-10-18T20:51:48.636+0000] {manager.py:878} INFO - 
================================================================================
DAG File Processing Stats

File Path                                    PID  Runtime      # DAGs    # Errors  Last Runtime    Last Run
-----------------------------------------  -----  ---------  --------  ----------  --------------  -------------------
/opt/airflow/dags/weather_pipeline_dag.py                           1           0  0.14s           2025-10-18T20:51:35
/opt/airflow/dags/weather_dag.py            4890  0.03s             1           0  0.11s           2025-10-18T20:51:18
/opt/airflow/dags/test_dag.py               4892  0.01s             1           0  0.09s           2025-10-18T20:51:18
/opt/airflow/dags/test_hello_world.py                               1           0  0.04s           2025-10-18T20:51:18
================================================================================
[2025-10-18T20:52:13.863+0000] {manager.py:878} INFO - 
================================================================================
DAG File Processing Stats

File Path                                  PID    Runtime      # DAGs    # Errors  Last Runtime    Last Run
-----------------------------------------  -----  ---------  --------  ----------  --------------  -------------------
/opt/airflow/dags/weather_dag.py                                    1           0  0.17s           2025-10-18T20:51:45
/opt/airflow/dags/test_dag.py                                       1           0  0.15s           2025-10-18T20:51:45
/opt/airflow/dags/test_hello_world.py                               1           0  0.10s           2025-10-18T20:51:45
/opt/airflow/dags/weather_pipeline_dag.py                           1           0  0.10s           2025-10-18T20:52:06
================================================================================
[2025-10-18T20:52:19.426+0000] {manager.py:878} INFO - 
================================================================================
DAG File Processing Stats

File Path                                    PID  Runtime      # DAGs    # Errors  Last Runtime    Last Run
-----------------------------------------  -----  ---------  --------  ----------  --------------  -------------------
/opt/airflow/dags/weather_dag.py            4930  0.05s             1           0  0.15s           2025-10-18T20:51:48
/opt/airflow/dags/weather_pipeline_dag.py                           1           0  0.15s           2025-10-18T20:52:06
/opt/airflow/dags/test_dag.py               4931  0.00s             1           0  0.12s           2025-10-18T20:51:48
/opt/airflow/dags/test_hello_world.py                               1           0  0.04s           2025-10-18T20:51:48
================================================================================
[2025-10-18T20:52:44.204+0000] {manager.py:878} INFO - 
================================================================================
DAG File Processing Stats

File Path                                  PID    Runtime      # DAGs    # Errors  Last Runtime    Last Run
-----------------------------------------  -----  ---------  --------  ----------  --------------  -------------------
/opt/airflow/dags/test_dag.py                                       1           0  0.59s           2025-10-18T20:52:16
/opt/airflow/dags/weather_dag.py                                    1           0  0.53s           2025-10-18T20:52:16
/opt/airflow/dags/weather_pipeline_dag.py                           1           0  0.12s           2025-10-18T20:52:37
/opt/airflow/dags/test_hello_world.py                               1           0  0.11s           2025-10-18T20:52:16
================================================================================
[2025-10-18T20:52:49.885+0000] {manager.py:878} INFO - 
================================================================================
DAG File Processing Stats

File Path                                    PID  Runtime      # DAGs    # Errors  Last Runtime    Last Run
-----------------------------------------  -----  ---------  --------  ----------  --------------  -------------------
/opt/airflow/dags/weather_dag.py            4970  0.02s             1           0  0.18s           2025-10-18T20:52:19
/opt/airflow/dags/weather_pipeline_dag.py                           1           0  0.15s           2025-10-18T20:52:36
/opt/airflow/dags/test_dag.py               4973  0.00s             1           0  0.13s           2025-10-18T20:52:19
/opt/airflow/dags/test_hello_world.py                               1           0  0.04s           2025-10-18T20:52:19
================================================================================
[2025-10-18T20:53:14.627+0000] {manager.py:878} INFO - 
================================================================================
DAG File Processing Stats

File Path                                  PID    Runtime      # DAGs    # Errors  Last Runtime    Last Run
-----------------------------------------  -----  ---------  --------  ----------  --------------  -------------------
/opt/airflow/dags/weather_pipeline_dag.py                           1           0  0.09s           2025-10-18T20:53:07
/opt/airflow/dags/weather_dag.py                                    1           0  0.09s           2025-10-18T20:52:47
/opt/airflow/dags/test_hello_world.py                               1           0  0.08s           2025-10-18T20:52:47
/opt/airflow/dags/test_dag.py                                       1           0  0.08s           2025-10-18T20:52:47
================================================================================
[2025-10-18T20:53:20.222+0000] {manager.py:878} INFO - 
================================================================================
DAG File Processing Stats

File Path                                    PID  Runtime      # DAGs    # Errors  Last Runtime    Last Run
-----------------------------------------  -----  ---------  --------  ----------  --------------  -------------------
/opt/airflow/dags/weather_pipeline_dag.py                           1           0  0.12s           2025-10-18T20:53:07
/opt/airflow/dags/weather_dag.py            5010  0.02s             1           0  0.08s           2025-10-18T20:52:49
/opt/airflow/dags/test_dag.py               5012  0.00s             1           0  0.06s           2025-10-18T20:52:49
/opt/airflow/dags/test_hello_world.py                               1           0  0.04s           2025-10-18T20:52:49
================================================================================
[2025-10-18T20:53:45.108+0000] {manager.py:878} INFO - 
================================================================================
DAG File Processing Stats

File Path                                  PID    Runtime      # DAGs    # Errors  Last Runtime    Last Run
-----------------------------------------  -----  ---------  --------  ----------  --------------  -------------------
/opt/airflow/dags/test_dag.py                                       1           0  0.14s           2025-10-18T20:53:17
/opt/airflow/dags/weather_dag.py                                    1           0  0.10s           2025-10-18T20:53:17
/opt/airflow/dags/weather_pipeline_dag.py                           1           0  0.09s           2025-10-18T20:53:38
/opt/airflow/dags/test_hello_world.py                               1           0  0.06s           2025-10-18T20:53:17
================================================================================
[2025-10-18T20:53:50.984+0000] {manager.py:878} INFO - 
================================================================================
DAG File Processing Stats

File Path                                    PID  Runtime      # DAGs    # Errors  Last Runtime    Last Run
-----------------------------------------  -----  ---------  --------  ----------  --------------  -------------------
/opt/airflow/dags/weather_pipeline_dag.py                           1           0  0.19s           2025-10-18T20:53:37
/opt/airflow/dags/weather_dag.py            5050  0.02s             1           0  0.08s           2025-10-18T20:53:20
/opt/airflow/dags/test_dag.py               5052  0.00s             1           0  0.08s           2025-10-18T20:53:20
/opt/airflow/dags/test_hello_world.py                               1           0  0.04s           2025-10-18T20:53:20
================================================================================
[2025-10-18T20:54:15.697+0000] {manager.py:878} INFO - 
================================================================================
DAG File Processing Stats

File Path                                  PID    Runtime      # DAGs    # Errors  Last Runtime    Last Run
-----------------------------------------  -----  ---------  --------  ----------  --------------  -------------------
/opt/airflow/dags/weather_dag.py                                    1           0  0.14s           2025-10-18T20:53:48
/opt/airflow/dags/test_dag.py                                       1           0  0.12s           2025-10-18T20:53:48
/opt/airflow/dags/test_hello_world.py                               1           0  0.09s           2025-10-18T20:53:48
/opt/airflow/dags/weather_pipeline_dag.py                           1           0  0.08s           2025-10-18T20:54:08
================================================================================
[2025-10-18T20:54:21.700+0000] {manager.py:878} INFO - 
================================================================================
DAG File Processing Stats

File Path                                    PID  Runtime      # DAGs    # Errors  Last Runtime    Last Run
-----------------------------------------  -----  ---------  --------  ----------  --------------  -------------------
/opt/airflow/dags/weather_pipeline_dag.py                           1           0  0.13s           2025-10-18T20:54:08
/opt/airflow/dags/weather_dag.py            5097  0.02s             1           0  0.10s           2025-10-18T20:53:51
/opt/airflow/dags/test_dag.py               5098  0.00s             1           0  0.09s           2025-10-18T20:53:51
/opt/airflow/dags/test_hello_world.py                               1           0  0.04s           2025-10-18T20:53:51
================================================================================
[2025-10-18T20:54:23.819+0000] {manager.py:737} INFO - Searching for files in /opt/airflow/dags
[2025-10-18T20:54:23.832+0000] {manager.py:740} INFO - There are 4 files in /opt/airflow/dags
[2025-10-18T20:54:46.199+0000] {manager.py:878} INFO - 
================================================================================
DAG File Processing Stats

File Path                                  PID    Runtime      # DAGs    # Errors  Last Runtime    Last Run
-----------------------------------------  -----  ---------  --------  ----------  --------------  -------------------
/opt/airflow/dags/test_dag.py                                       1           0  0.17s           2025-10-18T20:54:18
/opt/airflow/dags/weather_dag.py                                    1           0  0.15s           2025-10-18T20:54:18
/opt/airflow/dags/weather_pipeline_dag.py                           1           0  0.08s           2025-10-18T20:54:39
/opt/airflow/dags/test_hello_world.py                               1           0  0.06s           2025-10-18T20:54:18
================================================================================
[2025-10-18T20:54:52.221+0000] {manager.py:878} INFO - 
================================================================================
DAG File Processing Stats

File Path                                    PID  Runtime      # DAGs    # Errors  Last Runtime    Last Run
-----------------------------------------  -----  ---------  --------  ----------  --------------  -------------------
/opt/airflow/dags/weather_pipeline_dag.py                           1           0  0.15s           2025-10-18T20:54:39
/opt/airflow/dags/weather_dag.py            5164  0.02s             1           0  0.11s           2025-10-18T20:54:21
/opt/airflow/dags/test_dag.py               5166  0.00s             1           0  0.10s           2025-10-18T20:54:21
/opt/airflow/dags/test_hello_world.py                               1           0  0.04s           2025-10-18T20:54:21
================================================================================
[2025-10-18T20:55:16.821+0000] {manager.py:878} INFO - 
================================================================================
DAG File Processing Stats

File Path                                  PID    Runtime      # DAGs    # Errors  Last Runtime    Last Run
-----------------------------------------  -----  ---------  --------  ----------  --------------  -------------------
/opt/airflow/dags/weather_pipeline_dag.py                           1           0  0.15s           2025-10-18T20:55:09
/opt/airflow/dags/test_hello_world.py                               1           0  0.13s           2025-10-18T20:54:49
/opt/airflow/dags/weather_dag.py                                    1           0  0.12s           2025-10-18T20:54:49
/opt/airflow/dags/test_dag.py                                       1           0  0.11s           2025-10-18T20:54:49
================================================================================
[2025-10-18T20:55:22.943+0000] {manager.py:878} INFO - 
================================================================================
DAG File Processing Stats

File Path                                    PID  Runtime      # DAGs    # Errors  Last Runtime    Last Run
-----------------------------------------  -----  ---------  --------  ----------  --------------  -------------------
/opt/airflow/dags/weather_pipeline_dag.py                           1           0  0.18s           2025-10-18T20:55:09
/opt/airflow/dags/weather_dag.py            5205  0.03s             1           0  0.16s           2025-10-18T20:54:52
/opt/airflow/dags/test_dag.py               5207  0.00s             1           0  0.13s           2025-10-18T20:54:52
/opt/airflow/dags/test_hello_world.py                               1           0  0.06s           2025-10-18T20:54:52
================================================================================
[2025-10-18T20:55:47.515+0000] {manager.py:878} INFO - 
================================================================================
DAG File Processing Stats

File Path                                  PID    Runtime      # DAGs    # Errors  Last Runtime    Last Run
-----------------------------------------  -----  ---------  --------  ----------  --------------  -------------------
/opt/airflow/dags/test_dag.py                                       1           0  0.22s           2025-10-18T20:55:20
/opt/airflow/dags/weather_dag.py                                    1           0  0.18s           2025-10-18T20:55:20
/opt/airflow/dags/weather_pipeline_dag.py                           1           0  0.08s           2025-10-18T20:55:40
/opt/airflow/dags/test_hello_world.py                               1           0  0.08s           2025-10-18T20:55:20
================================================================================
[2025-10-18T20:55:53.643+0000] {manager.py:878} INFO - 
================================================================================
DAG File Processing Stats

File Path                                    PID  Runtime      # DAGs    # Errors  Last Runtime    Last Run
-----------------------------------------  -----  ---------  --------  ----------  --------------  -------------------
/opt/airflow/dags/weather_dag.py            5245  0.04s             1           0  0.14s           2025-10-18T20:55:23
/opt/airflow/dags/weather_pipeline_dag.py                           1           0  0.12s           2025-10-18T20:55:40
/opt/airflow/dags/test_dag.py               5247  0.01s             1           0  0.11s           2025-10-18T20:55:23
/opt/airflow/dags/test_hello_world.py                               1           0  0.04s           2025-10-18T20:55:23
================================================================================
[2025-10-18T20:56:18.077+0000] {manager.py:878} INFO - 
================================================================================
DAG File Processing Stats

File Path                                  PID    Runtime      # DAGs    # Errors  Last Runtime    Last Run
-----------------------------------------  -----  ---------  --------  ----------  --------------  -------------------
/opt/airflow/dags/test_hello_world.py                               1           0  1.09s           2025-10-18T20:55:51
/opt/airflow/dags/weather_dag.py                                    1           0  0.21s           2025-10-18T20:55:50
/opt/airflow/dags/test_dag.py                                       1           0  0.19s           2025-10-18T20:55:50
/opt/airflow/dags/weather_pipeline_dag.py                           1           0  0.16s           2025-10-18T20:56:11
================================================================================
[2025-10-18T20:56:24.495+0000] {manager.py:878} INFO - 
================================================================================
DAG File Processing Stats

File Path                                    PID  Runtime      # DAGs    # Errors  Last Runtime    Last Run
-----------------------------------------  -----  ---------  --------  ----------  --------------  -------------------
/opt/airflow/dags/weather_dag.py            5285  0.03s             1           0  0.19s           2025-10-18T20:55:53
/opt/airflow/dags/weather_pipeline_dag.py                           1           0  0.17s           2025-10-18T20:56:11
/opt/airflow/dags/test_dag.py               5287  0.01s             1           0  0.15s           2025-10-18T20:55:53
/opt/airflow/dags/test_hello_world.py                               1           0  0.07s           2025-10-18T20:55:53
================================================================================
[2025-10-18T20:56:37.787+0000] {manager.py:737} INFO - Searching for files in /opt/airflow/dags
[2025-10-18T20:56:37.796+0000] {manager.py:740} INFO - There are 4 files in /opt/airflow/dags
[2025-10-18T20:56:48.987+0000] {manager.py:878} INFO - 
================================================================================
DAG File Processing Stats

File Path                                  PID    Runtime      # DAGs    # Errors  Last Runtime    Last Run
-----------------------------------------  -----  ---------  --------  ----------  --------------  -------------------
/opt/airflow/dags/weather_dag.py                                    1           0  0.20s           2025-10-18T20:56:21
/opt/airflow/dags/test_dag.py                                       1           0  0.19s           2025-10-18T20:56:21
/opt/airflow/dags/weather_pipeline_dag.py                           1           0  0.15s           2025-10-18T20:56:41
/opt/airflow/dags/test_hello_world.py                               1           0  0.07s           2025-10-18T20:56:22
================================================================================
[2025-10-18T20:56:55.158+0000] {manager.py:878} INFO - 
================================================================================
DAG File Processing Stats

File Path                                    PID  Runtime      # DAGs    # Errors  Last Runtime    Last Run
-----------------------------------------  -----  ---------  --------  ----------  --------------  -------------------
/opt/airflow/dags/weather_dag.py            5325  0.03s             1           0  0.31s           2025-10-18T20:56:24
/opt/airflow/dags/test_dag.py               5326  0.01s             1           0  0.29s           2025-10-18T20:56:24
/opt/airflow/dags/weather_pipeline_dag.py                           1           0  0.09s           2025-10-18T20:56:42
/opt/airflow/dags/test_hello_world.py                               1           0  0.07s           2025-10-18T20:56:24
================================================================================
[2025-10-18T20:57:19.651+0000] {manager.py:878} INFO - 
================================================================================
DAG File Processing Stats

File Path                                  PID    Runtime      # DAGs    # Errors  Last Runtime    Last Run
-----------------------------------------  -----  ---------  --------  ----------  --------------  -------------------
/opt/airflow/dags/weather_pipeline_dag.py                           1           0  0.17s           2025-10-18T20:57:12
/opt/airflow/dags/weather_dag.py                                    1           0  0.16s           2025-10-18T20:56:52
/opt/airflow/dags/test_dag.py                                       1           0  0.13s           2025-10-18T20:56:52
/opt/airflow/dags/test_hello_world.py                               1           0  0.13s           2025-10-18T20:56:53
================================================================================
[2025-10-18T20:57:25.790+0000] {manager.py:878} INFO - 
================================================================================
DAG File Processing Stats

File Path                                    PID  Runtime      # DAGs    # Errors  Last Runtime    Last Run
-----------------------------------------  -----  ---------  --------  ----------  --------------  -------------------
/opt/airflow/dags/weather_pipeline_dag.py                           1           0  0.18s           2025-10-18T20:57:12
/opt/airflow/dags/weather_dag.py            5365  0.03s             1           0  0.12s           2025-10-18T20:56:55
/opt/airflow/dags/test_dag.py               5367  0.01s             1           0  0.09s           2025-10-18T20:56:55
/opt/airflow/dags/test_hello_world.py                               1           0  0.04s           2025-10-18T20:56:55
================================================================================
[2025-10-18T20:57:49.751+0000] {manager.py:878} INFO - 
================================================================================
DAG File Processing Stats

File Path                                  PID    Runtime      # DAGs    # Errors  Last Runtime    Last Run
-----------------------------------------  -----  ---------  --------  ----------  --------------  -------------------
/opt/airflow/dags/weather_dag.py                                    1           0  0.19s           2025-10-18T20:57:22
/opt/airflow/dags/weather_pipeline_dag.py                           1           0  0.17s           2025-10-18T20:57:43
/opt/airflow/dags/test_dag.py                                       1           0  0.14s           2025-10-18T20:57:22
/opt/airflow/dags/test_hello_world.py                               1           0  0.07s           2025-10-18T20:57:23
================================================================================
[2025-10-18T20:57:56.006+0000] {manager.py:878} INFO - 
================================================================================
DAG File Processing Stats

File Path                                    PID  Runtime      # DAGs    # Errors  Last Runtime    Last Run
-----------------------------------------  -----  ---------  --------  ----------  --------------  -------------------
/opt/airflow/dags/test_dag.py                                       1           0  0.25s           2025-10-18T20:57:26
/opt/airflow/dags/weather_dag.py            5405  0.01s             1           0  0.20s           2025-10-18T20:57:25
/opt/airflow/dags/weather_pipeline_dag.py                           1           0  0.17s           2025-10-18T20:57:43
/opt/airflow/dags/test_hello_world.py                               1           0  0.09s           2025-10-18T20:57:26
================================================================================
[2025-10-18T20:58:20.468+0000] {manager.py:878} INFO - 
================================================================================
DAG File Processing Stats

File Path                                  PID    Runtime      # DAGs    # Errors  Last Runtime    Last Run
-----------------------------------------  -----  ---------  --------  ----------  --------------  -------------------
/opt/airflow/dags/weather_dag.py                                    1           0  0.57s           2025-10-18T20:57:53
/opt/airflow/dags/test_dag.py                                       1           0  0.48s           2025-10-18T20:57:53
/opt/airflow/dags/weather_pipeline_dag.py                           1           0  0.13s           2025-10-18T20:58:14
/opt/airflow/dags/test_hello_world.py                               1           0  0.11s           2025-10-18T20:57:54
================================================================================
[2025-10-18T20:58:26.767+0000] {manager.py:878} INFO - 
================================================================================
DAG File Processing Stats

File Path                                    PID  Runtime      # DAGs    # Errors  Last Runtime    Last Run
-----------------------------------------  -----  ---------  --------  ----------  --------------  -------------------
/opt/airflow/dags/weather_dag.py            5445  0.07s             1           0  0.25s           2025-10-18T20:57:56
/opt/airflow/dags/test_hello_world.py                               1           0  0.14s           2025-10-18T20:57:56
/opt/airflow/dags/test_dag.py               5447  0.00s             1           0  0.10s           2025-10-18T20:57:56
/opt/airflow/dags/weather_pipeline_dag.py                           1           0  0.08s           2025-10-18T20:58:14
================================================================================
