[2025-10-18T19:33:34.010+0000] {processor.py:161} INFO - Started process (PID=290) to work on /opt/airflow/dags/weather_pipeline_dag.py
[2025-10-18T19:33:34.014+0000] {processor.py:830} INFO - Processing file /opt/airflow/dags/weather_pipeline_dag.py for tasks to queue
[2025-10-18T19:33:34.016+0000] {logging_mixin.py:188} INFO - [2025-10-18T19:33:34.016+0000] {dagbag.py:545} INFO - Filling up the DagBag from /opt/airflow/dags/weather_pipeline_dag.py
[2025-10-18T19:33:34.090+0000] {processor.py:840} INFO - DAG(s) 'weather_pipeline_dag' retrieved from /opt/airflow/dags/weather_pipeline_dag.py
[2025-10-18T19:33:34.157+0000] {logging_mixin.py:188} INFO - [2025-10-18T19:33:34.157+0000] {override.py:1858} INFO - Created Permission View: can read on DAG:weather_pipeline_dag
[2025-10-18T19:33:34.162+0000] {logging_mixin.py:188} INFO - [2025-10-18T19:33:34.162+0000] {override.py:1858} INFO - Created Permission View: can delete on DAG:weather_pipeline_dag
[2025-10-18T19:33:34.170+0000] {logging_mixin.py:188} INFO - [2025-10-18T19:33:34.170+0000] {override.py:1858} INFO - Created Permission View: can edit on DAG:weather_pipeline_dag
[2025-10-18T19:33:34.170+0000] {logging_mixin.py:188} INFO - [2025-10-18T19:33:34.170+0000] {dag.py:3089} INFO - Sync 1 DAGs
[2025-10-18T19:33:34.174+0000] {logging_mixin.py:188} INFO - [2025-10-18T19:33:34.174+0000] {dag.py:3111} INFO - Creating ORM DAG for weather_pipeline_dag
[2025-10-18T19:33:34.178+0000] {logging_mixin.py:188} INFO - [2025-10-18T19:33:34.178+0000] {dag.py:3947} INFO - Setting next_dagrun for weather_pipeline_dag to 2025-10-19 00:00:00+00:00, run_after=2025-10-19 00:05:00+00:00
[2025-10-18T19:33:34.183+0000] {processor.py:183} INFO - Processing /opt/airflow/dags/weather_pipeline_dag.py took 0.176 seconds
[2025-10-18T19:34:04.775+0000] {processor.py:161} INFO - Started process (PID=318) to work on /opt/airflow/dags/weather_pipeline_dag.py
[2025-10-18T19:34:04.776+0000] {processor.py:830} INFO - Processing file /opt/airflow/dags/weather_pipeline_dag.py for tasks to queue
[2025-10-18T19:34:04.778+0000] {logging_mixin.py:188} INFO - [2025-10-18T19:34:04.778+0000] {dagbag.py:545} INFO - Filling up the DagBag from /opt/airflow/dags/weather_pipeline_dag.py
[2025-10-18T19:34:04.880+0000] {processor.py:840} INFO - DAG(s) 'weather_pipeline_dag' retrieved from /opt/airflow/dags/weather_pipeline_dag.py
[2025-10-18T19:34:04.901+0000] {logging_mixin.py:188} INFO - [2025-10-18T19:34:04.901+0000] {dag.py:3089} INFO - Sync 1 DAGs
[2025-10-18T19:34:04.914+0000] {logging_mixin.py:188} INFO - [2025-10-18T19:34:04.914+0000] {dag.py:3947} INFO - Setting next_dagrun for weather_pipeline_dag to 2025-10-19 00:00:00+00:00, run_after=2025-10-19 00:05:00+00:00
[2025-10-18T19:34:04.921+0000] {processor.py:183} INFO - Processing /opt/airflow/dags/weather_pipeline_dag.py took 0.151 seconds
[2025-10-18T19:34:35.398+0000] {processor.py:161} INFO - Started process (PID=338) to work on /opt/airflow/dags/weather_pipeline_dag.py
[2025-10-18T19:34:35.399+0000] {processor.py:830} INFO - Processing file /opt/airflow/dags/weather_pipeline_dag.py for tasks to queue
[2025-10-18T19:34:35.404+0000] {logging_mixin.py:188} INFO - [2025-10-18T19:34:35.403+0000] {dagbag.py:545} INFO - Filling up the DagBag from /opt/airflow/dags/weather_pipeline_dag.py
[2025-10-18T19:34:35.506+0000] {processor.py:840} INFO - DAG(s) 'weather_pipeline_dag' retrieved from /opt/airflow/dags/weather_pipeline_dag.py
[2025-10-18T19:34:35.526+0000] {logging_mixin.py:188} INFO - [2025-10-18T19:34:35.525+0000] {dag.py:3089} INFO - Sync 1 DAGs
[2025-10-18T19:34:35.537+0000] {logging_mixin.py:188} INFO - [2025-10-18T19:34:35.537+0000] {dag.py:3947} INFO - Setting next_dagrun for weather_pipeline_dag to 2025-10-19 00:00:00+00:00, run_after=2025-10-19 00:05:00+00:00
[2025-10-18T19:34:35.546+0000] {processor.py:183} INFO - Processing /opt/airflow/dags/weather_pipeline_dag.py took 0.157 seconds
[2025-10-18T19:35:05.940+0000] {processor.py:161} INFO - Started process (PID=375) to work on /opt/airflow/dags/weather_pipeline_dag.py
[2025-10-18T19:35:05.941+0000] {processor.py:830} INFO - Processing file /opt/airflow/dags/weather_pipeline_dag.py for tasks to queue
[2025-10-18T19:35:05.945+0000] {logging_mixin.py:188} INFO - [2025-10-18T19:35:05.945+0000] {dagbag.py:545} INFO - Filling up the DagBag from /opt/airflow/dags/weather_pipeline_dag.py
[2025-10-18T19:35:06.042+0000] {processor.py:840} INFO - DAG(s) 'weather_pipeline_dag' retrieved from /opt/airflow/dags/weather_pipeline_dag.py
[2025-10-18T19:35:06.059+0000] {logging_mixin.py:188} INFO - [2025-10-18T19:35:06.059+0000] {dag.py:3089} INFO - Sync 1 DAGs
[2025-10-18T19:35:06.068+0000] {logging_mixin.py:188} INFO - [2025-10-18T19:35:06.068+0000] {dag.py:3947} INFO - Setting next_dagrun for weather_pipeline_dag to 2025-10-19 00:00:00+00:00, run_after=2025-10-19 00:05:00+00:00
[2025-10-18T19:35:06.075+0000] {processor.py:183} INFO - Processing /opt/airflow/dags/weather_pipeline_dag.py took 0.144 seconds
[2025-10-18T19:35:36.628+0000] {processor.py:161} INFO - Started process (PID=395) to work on /opt/airflow/dags/weather_pipeline_dag.py
[2025-10-18T19:35:36.629+0000] {processor.py:830} INFO - Processing file /opt/airflow/dags/weather_pipeline_dag.py for tasks to queue
[2025-10-18T19:35:36.632+0000] {logging_mixin.py:188} INFO - [2025-10-18T19:35:36.632+0000] {dagbag.py:545} INFO - Filling up the DagBag from /opt/airflow/dags/weather_pipeline_dag.py
[2025-10-18T19:35:36.784+0000] {processor.py:840} INFO - DAG(s) 'weather_pipeline_dag' retrieved from /opt/airflow/dags/weather_pipeline_dag.py
[2025-10-18T19:35:36.810+0000] {logging_mixin.py:188} INFO - [2025-10-18T19:35:36.810+0000] {dag.py:3089} INFO - Sync 1 DAGs
[2025-10-18T19:35:36.830+0000] {logging_mixin.py:188} INFO - [2025-10-18T19:35:36.830+0000] {dag.py:3947} INFO - Setting next_dagrun for weather_pipeline_dag to 2025-10-19 00:00:00+00:00, run_after=2025-10-19 00:05:00+00:00
[2025-10-18T19:35:36.847+0000] {processor.py:183} INFO - Processing /opt/airflow/dags/weather_pipeline_dag.py took 0.232 seconds
[2025-10-18T19:36:07.314+0000] {processor.py:161} INFO - Started process (PID=415) to work on /opt/airflow/dags/weather_pipeline_dag.py
[2025-10-18T19:36:07.315+0000] {processor.py:830} INFO - Processing file /opt/airflow/dags/weather_pipeline_dag.py for tasks to queue
[2025-10-18T19:36:07.318+0000] {logging_mixin.py:188} INFO - [2025-10-18T19:36:07.317+0000] {dagbag.py:545} INFO - Filling up the DagBag from /opt/airflow/dags/weather_pipeline_dag.py
[2025-10-18T19:36:07.420+0000] {processor.py:840} INFO - DAG(s) 'weather_pipeline_dag' retrieved from /opt/airflow/dags/weather_pipeline_dag.py
[2025-10-18T19:36:07.437+0000] {logging_mixin.py:188} INFO - [2025-10-18T19:36:07.437+0000] {dag.py:3089} INFO - Sync 1 DAGs
[2025-10-18T19:36:07.447+0000] {logging_mixin.py:188} INFO - [2025-10-18T19:36:07.447+0000] {dag.py:3947} INFO - Setting next_dagrun for weather_pipeline_dag to 2025-10-19 00:00:00+00:00, run_after=2025-10-19 00:05:00+00:00
[2025-10-18T19:36:07.457+0000] {processor.py:183} INFO - Processing /opt/airflow/dags/weather_pipeline_dag.py took 0.152 seconds
[2025-10-18T19:36:37.857+0000] {processor.py:161} INFO - Started process (PID=435) to work on /opt/airflow/dags/weather_pipeline_dag.py
[2025-10-18T19:36:37.858+0000] {processor.py:830} INFO - Processing file /opt/airflow/dags/weather_pipeline_dag.py for tasks to queue
[2025-10-18T19:36:37.861+0000] {logging_mixin.py:188} INFO - [2025-10-18T19:36:37.861+0000] {dagbag.py:545} INFO - Filling up the DagBag from /opt/airflow/dags/weather_pipeline_dag.py
[2025-10-18T19:36:37.932+0000] {processor.py:840} INFO - DAG(s) 'weather_pipeline_dag' retrieved from /opt/airflow/dags/weather_pipeline_dag.py
[2025-10-18T19:36:37.948+0000] {logging_mixin.py:188} INFO - [2025-10-18T19:36:37.948+0000] {dag.py:3089} INFO - Sync 1 DAGs
[2025-10-18T19:36:37.957+0000] {logging_mixin.py:188} INFO - [2025-10-18T19:36:37.957+0000] {dag.py:3947} INFO - Setting next_dagrun for weather_pipeline_dag to 2025-10-19 00:00:00+00:00, run_after=2025-10-19 00:05:00+00:00
[2025-10-18T19:36:37.965+0000] {processor.py:183} INFO - Processing /opt/airflow/dags/weather_pipeline_dag.py took 0.116 seconds
[2025-10-18T19:37:08.709+0000] {processor.py:161} INFO - Started process (PID=455) to work on /opt/airflow/dags/weather_pipeline_dag.py
[2025-10-18T19:37:08.710+0000] {processor.py:830} INFO - Processing file /opt/airflow/dags/weather_pipeline_dag.py for tasks to queue
[2025-10-18T19:37:08.714+0000] {logging_mixin.py:188} INFO - [2025-10-18T19:37:08.714+0000] {dagbag.py:545} INFO - Filling up the DagBag from /opt/airflow/dags/weather_pipeline_dag.py
[2025-10-18T19:37:08.829+0000] {processor.py:840} INFO - DAG(s) 'weather_pipeline_dag' retrieved from /opt/airflow/dags/weather_pipeline_dag.py
[2025-10-18T19:37:08.845+0000] {logging_mixin.py:188} INFO - [2025-10-18T19:37:08.845+0000] {dag.py:3089} INFO - Sync 1 DAGs
[2025-10-18T19:37:08.855+0000] {logging_mixin.py:188} INFO - [2025-10-18T19:37:08.855+0000] {dag.py:3947} INFO - Setting next_dagrun for weather_pipeline_dag to 2025-10-19 00:00:00+00:00, run_after=2025-10-19 00:05:00+00:00
[2025-10-18T19:37:08.865+0000] {processor.py:183} INFO - Processing /opt/airflow/dags/weather_pipeline_dag.py took 0.166 seconds
[2025-10-18T19:37:39.292+0000] {processor.py:161} INFO - Started process (PID=500) to work on /opt/airflow/dags/weather_pipeline_dag.py
[2025-10-18T19:37:39.293+0000] {processor.py:830} INFO - Processing file /opt/airflow/dags/weather_pipeline_dag.py for tasks to queue
[2025-10-18T19:37:39.296+0000] {logging_mixin.py:188} INFO - [2025-10-18T19:37:39.295+0000] {dagbag.py:545} INFO - Filling up the DagBag from /opt/airflow/dags/weather_pipeline_dag.py
[2025-10-18T19:37:39.398+0000] {processor.py:840} INFO - DAG(s) 'weather_pipeline_dag' retrieved from /opt/airflow/dags/weather_pipeline_dag.py
[2025-10-18T19:37:39.415+0000] {logging_mixin.py:188} INFO - [2025-10-18T19:37:39.415+0000] {dag.py:3089} INFO - Sync 1 DAGs
[2025-10-18T19:37:39.426+0000] {logging_mixin.py:188} INFO - [2025-10-18T19:37:39.426+0000] {dag.py:3947} INFO - Setting next_dagrun for weather_pipeline_dag to 2025-10-19 00:00:00+00:00, run_after=2025-10-19 00:05:00+00:00
[2025-10-18T19:37:39.434+0000] {processor.py:183} INFO - Processing /opt/airflow/dags/weather_pipeline_dag.py took 0.153 seconds
[2025-10-18T19:38:09.846+0000] {processor.py:161} INFO - Started process (PID=520) to work on /opt/airflow/dags/weather_pipeline_dag.py
[2025-10-18T19:38:09.848+0000] {processor.py:830} INFO - Processing file /opt/airflow/dags/weather_pipeline_dag.py for tasks to queue
[2025-10-18T19:38:09.850+0000] {logging_mixin.py:188} INFO - [2025-10-18T19:38:09.850+0000] {dagbag.py:545} INFO - Filling up the DagBag from /opt/airflow/dags/weather_pipeline_dag.py
[2025-10-18T19:38:09.954+0000] {processor.py:840} INFO - DAG(s) 'weather_pipeline_dag' retrieved from /opt/airflow/dags/weather_pipeline_dag.py
[2025-10-18T19:38:09.973+0000] {logging_mixin.py:188} INFO - [2025-10-18T19:38:09.973+0000] {dag.py:3089} INFO - Sync 1 DAGs
[2025-10-18T19:38:09.985+0000] {logging_mixin.py:188} INFO - [2025-10-18T19:38:09.984+0000] {dag.py:3947} INFO - Setting next_dagrun for weather_pipeline_dag to 2025-10-19 00:00:00+00:00, run_after=2025-10-19 00:05:00+00:00
[2025-10-18T19:38:09.993+0000] {processor.py:183} INFO - Processing /opt/airflow/dags/weather_pipeline_dag.py took 0.157 seconds
[2025-10-18T19:38:40.446+0000] {processor.py:161} INFO - Started process (PID=540) to work on /opt/airflow/dags/weather_pipeline_dag.py
[2025-10-18T19:38:40.448+0000] {processor.py:830} INFO - Processing file /opt/airflow/dags/weather_pipeline_dag.py for tasks to queue
[2025-10-18T19:38:40.452+0000] {logging_mixin.py:188} INFO - [2025-10-18T19:38:40.451+0000] {dagbag.py:545} INFO - Filling up the DagBag from /opt/airflow/dags/weather_pipeline_dag.py
[2025-10-18T19:38:40.555+0000] {processor.py:840} INFO - DAG(s) 'weather_pipeline_dag' retrieved from /opt/airflow/dags/weather_pipeline_dag.py
[2025-10-18T19:38:40.572+0000] {logging_mixin.py:188} INFO - [2025-10-18T19:38:40.572+0000] {dag.py:3089} INFO - Sync 1 DAGs
[2025-10-18T19:38:40.584+0000] {logging_mixin.py:188} INFO - [2025-10-18T19:38:40.584+0000] {dag.py:3947} INFO - Setting next_dagrun for weather_pipeline_dag to 2025-10-19 00:00:00+00:00, run_after=2025-10-19 00:05:00+00:00
[2025-10-18T19:38:40.591+0000] {processor.py:183} INFO - Processing /opt/airflow/dags/weather_pipeline_dag.py took 0.158 seconds
[2025-10-18T19:39:11.003+0000] {processor.py:161} INFO - Started process (PID=560) to work on /opt/airflow/dags/weather_pipeline_dag.py
[2025-10-18T19:39:11.004+0000] {processor.py:830} INFO - Processing file /opt/airflow/dags/weather_pipeline_dag.py for tasks to queue
[2025-10-18T19:39:11.010+0000] {logging_mixin.py:188} INFO - [2025-10-18T19:39:11.010+0000] {dagbag.py:545} INFO - Filling up the DagBag from /opt/airflow/dags/weather_pipeline_dag.py
[2025-10-18T19:39:11.124+0000] {processor.py:840} INFO - DAG(s) 'weather_pipeline_dag' retrieved from /opt/airflow/dags/weather_pipeline_dag.py
[2025-10-18T19:39:11.141+0000] {logging_mixin.py:188} INFO - [2025-10-18T19:39:11.141+0000] {dag.py:3089} INFO - Sync 1 DAGs
[2025-10-18T19:39:11.156+0000] {logging_mixin.py:188} INFO - [2025-10-18T19:39:11.156+0000] {dag.py:3947} INFO - Setting next_dagrun for weather_pipeline_dag to 2025-10-19 00:00:00+00:00, run_after=2025-10-19 00:05:00+00:00
[2025-10-18T19:39:11.163+0000] {processor.py:183} INFO - Processing /opt/airflow/dags/weather_pipeline_dag.py took 0.182 seconds
[2025-10-18T19:39:41.659+0000] {processor.py:161} INFO - Started process (PID=580) to work on /opt/airflow/dags/weather_pipeline_dag.py
[2025-10-18T19:39:41.660+0000] {processor.py:830} INFO - Processing file /opt/airflow/dags/weather_pipeline_dag.py for tasks to queue
[2025-10-18T19:39:41.665+0000] {logging_mixin.py:188} INFO - [2025-10-18T19:39:41.665+0000] {dagbag.py:545} INFO - Filling up the DagBag from /opt/airflow/dags/weather_pipeline_dag.py
[2025-10-18T19:39:41.775+0000] {processor.py:840} INFO - DAG(s) 'weather_pipeline_dag' retrieved from /opt/airflow/dags/weather_pipeline_dag.py
[2025-10-18T19:39:41.799+0000] {logging_mixin.py:188} INFO - [2025-10-18T19:39:41.799+0000] {dag.py:3089} INFO - Sync 1 DAGs
[2025-10-18T19:39:41.810+0000] {logging_mixin.py:188} INFO - [2025-10-18T19:39:41.810+0000] {dag.py:3947} INFO - Setting next_dagrun for weather_pipeline_dag to 2025-10-19 00:00:00+00:00, run_after=2025-10-19 00:05:00+00:00
[2025-10-18T19:39:41.820+0000] {processor.py:183} INFO - Processing /opt/airflow/dags/weather_pipeline_dag.py took 0.172 seconds
[2025-10-18T19:40:12.330+0000] {processor.py:161} INFO - Started process (PID=600) to work on /opt/airflow/dags/weather_pipeline_dag.py
[2025-10-18T19:40:12.331+0000] {processor.py:830} INFO - Processing file /opt/airflow/dags/weather_pipeline_dag.py for tasks to queue
[2025-10-18T19:40:12.334+0000] {logging_mixin.py:188} INFO - [2025-10-18T19:40:12.333+0000] {dagbag.py:545} INFO - Filling up the DagBag from /opt/airflow/dags/weather_pipeline_dag.py
[2025-10-18T19:40:12.444+0000] {processor.py:840} INFO - DAG(s) 'weather_pipeline_dag' retrieved from /opt/airflow/dags/weather_pipeline_dag.py
[2025-10-18T19:40:12.464+0000] {logging_mixin.py:188} INFO - [2025-10-18T19:40:12.464+0000] {dag.py:3089} INFO - Sync 1 DAGs
[2025-10-18T19:40:12.474+0000] {logging_mixin.py:188} INFO - [2025-10-18T19:40:12.474+0000] {dag.py:3947} INFO - Setting next_dagrun for weather_pipeline_dag to 2025-10-19 00:00:00+00:00, run_after=2025-10-19 00:05:00+00:00
[2025-10-18T19:40:12.481+0000] {processor.py:183} INFO - Processing /opt/airflow/dags/weather_pipeline_dag.py took 0.161 seconds
[2025-10-18T19:40:42.908+0000] {processor.py:161} INFO - Started process (PID=620) to work on /opt/airflow/dags/weather_pipeline_dag.py
[2025-10-18T19:40:42.909+0000] {processor.py:830} INFO - Processing file /opt/airflow/dags/weather_pipeline_dag.py for tasks to queue
[2025-10-18T19:40:42.914+0000] {logging_mixin.py:188} INFO - [2025-10-18T19:40:42.914+0000] {dagbag.py:545} INFO - Filling up the DagBag from /opt/airflow/dags/weather_pipeline_dag.py
[2025-10-18T19:40:43.002+0000] {processor.py:840} INFO - DAG(s) 'weather_pipeline_dag' retrieved from /opt/airflow/dags/weather_pipeline_dag.py
[2025-10-18T19:40:43.020+0000] {logging_mixin.py:188} INFO - [2025-10-18T19:40:43.019+0000] {dag.py:3089} INFO - Sync 1 DAGs
[2025-10-18T19:40:43.032+0000] {logging_mixin.py:188} INFO - [2025-10-18T19:40:43.032+0000] {dag.py:3947} INFO - Setting next_dagrun for weather_pipeline_dag to 2025-10-19 00:00:00+00:00, run_after=2025-10-19 00:05:00+00:00
[2025-10-18T19:40:43.039+0000] {processor.py:183} INFO - Processing /opt/airflow/dags/weather_pipeline_dag.py took 0.139 seconds
[2025-10-18T19:41:13.452+0000] {processor.py:161} INFO - Started process (PID=640) to work on /opt/airflow/dags/weather_pipeline_dag.py
[2025-10-18T19:41:13.454+0000] {processor.py:830} INFO - Processing file /opt/airflow/dags/weather_pipeline_dag.py for tasks to queue
[2025-10-18T19:41:13.456+0000] {logging_mixin.py:188} INFO - [2025-10-18T19:41:13.456+0000] {dagbag.py:545} INFO - Filling up the DagBag from /opt/airflow/dags/weather_pipeline_dag.py
[2025-10-18T19:41:13.558+0000] {processor.py:840} INFO - DAG(s) 'weather_pipeline_dag' retrieved from /opt/airflow/dags/weather_pipeline_dag.py
[2025-10-18T19:41:13.582+0000] {logging_mixin.py:188} INFO - [2025-10-18T19:41:13.582+0000] {dag.py:3089} INFO - Sync 1 DAGs
[2025-10-18T19:41:13.592+0000] {logging_mixin.py:188} INFO - [2025-10-18T19:41:13.592+0000] {dag.py:3947} INFO - Setting next_dagrun for weather_pipeline_dag to 2025-10-19 00:00:00+00:00, run_after=2025-10-19 00:05:00+00:00
[2025-10-18T19:41:13.600+0000] {processor.py:183} INFO - Processing /opt/airflow/dags/weather_pipeline_dag.py took 0.161 seconds
[2025-10-18T19:41:44.082+0000] {processor.py:161} INFO - Started process (PID=667) to work on /opt/airflow/dags/weather_pipeline_dag.py
[2025-10-18T19:41:44.084+0000] {processor.py:830} INFO - Processing file /opt/airflow/dags/weather_pipeline_dag.py for tasks to queue
[2025-10-18T19:41:44.088+0000] {logging_mixin.py:188} INFO - [2025-10-18T19:41:44.088+0000] {dagbag.py:545} INFO - Filling up the DagBag from /opt/airflow/dags/weather_pipeline_dag.py
[2025-10-18T19:41:44.189+0000] {processor.py:840} INFO - DAG(s) 'weather_pipeline_dag' retrieved from /opt/airflow/dags/weather_pipeline_dag.py
[2025-10-18T19:41:44.207+0000] {logging_mixin.py:188} INFO - [2025-10-18T19:41:44.207+0000] {dag.py:3089} INFO - Sync 1 DAGs
[2025-10-18T19:41:44.223+0000] {logging_mixin.py:188} INFO - [2025-10-18T19:41:44.222+0000] {dag.py:3947} INFO - Setting next_dagrun for weather_pipeline_dag to 2025-10-19 00:00:00+00:00, run_after=2025-10-19 00:05:00+00:00
[2025-10-18T19:41:44.230+0000] {processor.py:183} INFO - Processing /opt/airflow/dags/weather_pipeline_dag.py took 0.163 seconds
[2025-10-18T19:42:14.684+0000] {processor.py:161} INFO - Started process (PID=692) to work on /opt/airflow/dags/weather_pipeline_dag.py
[2025-10-18T19:42:14.685+0000] {processor.py:830} INFO - Processing file /opt/airflow/dags/weather_pipeline_dag.py for tasks to queue
[2025-10-18T19:42:14.688+0000] {logging_mixin.py:188} INFO - [2025-10-18T19:42:14.687+0000] {dagbag.py:545} INFO - Filling up the DagBag from /opt/airflow/dags/weather_pipeline_dag.py
[2025-10-18T19:42:14.804+0000] {processor.py:840} INFO - DAG(s) 'weather_pipeline_dag' retrieved from /opt/airflow/dags/weather_pipeline_dag.py
[2025-10-18T19:42:14.822+0000] {logging_mixin.py:188} INFO - [2025-10-18T19:42:14.822+0000] {dag.py:3089} INFO - Sync 1 DAGs
[2025-10-18T19:42:14.833+0000] {logging_mixin.py:188} INFO - [2025-10-18T19:42:14.832+0000] {dag.py:3947} INFO - Setting next_dagrun for weather_pipeline_dag to 2025-10-19 00:00:00+00:00, run_after=2025-10-19 00:05:00+00:00
[2025-10-18T19:42:14.839+0000] {processor.py:183} INFO - Processing /opt/airflow/dags/weather_pipeline_dag.py took 0.164 seconds
[2025-10-18T19:42:45.222+0000] {processor.py:161} INFO - Started process (PID=712) to work on /opt/airflow/dags/weather_pipeline_dag.py
[2025-10-18T19:42:45.224+0000] {processor.py:830} INFO - Processing file /opt/airflow/dags/weather_pipeline_dag.py for tasks to queue
[2025-10-18T19:42:45.228+0000] {logging_mixin.py:188} INFO - [2025-10-18T19:42:45.228+0000] {dagbag.py:545} INFO - Filling up the DagBag from /opt/airflow/dags/weather_pipeline_dag.py
[2025-10-18T19:42:45.337+0000] {processor.py:840} INFO - DAG(s) 'weather_pipeline_dag' retrieved from /opt/airflow/dags/weather_pipeline_dag.py
[2025-10-18T19:42:45.369+0000] {logging_mixin.py:188} INFO - [2025-10-18T19:42:45.369+0000] {dag.py:3089} INFO - Sync 1 DAGs
[2025-10-18T19:42:45.384+0000] {logging_mixin.py:188} INFO - [2025-10-18T19:42:45.384+0000] {dag.py:3947} INFO - Setting next_dagrun for weather_pipeline_dag to 2025-10-19 00:00:00+00:00, run_after=2025-10-19 00:05:00+00:00
[2025-10-18T19:42:45.397+0000] {processor.py:183} INFO - Processing /opt/airflow/dags/weather_pipeline_dag.py took 0.183 seconds
[2025-10-18T19:43:15.832+0000] {processor.py:161} INFO - Started process (PID=732) to work on /opt/airflow/dags/weather_pipeline_dag.py
[2025-10-18T19:43:15.833+0000] {processor.py:830} INFO - Processing file /opt/airflow/dags/weather_pipeline_dag.py for tasks to queue
[2025-10-18T19:43:15.835+0000] {logging_mixin.py:188} INFO - [2025-10-18T19:43:15.835+0000] {dagbag.py:545} INFO - Filling up the DagBag from /opt/airflow/dags/weather_pipeline_dag.py
[2025-10-18T19:43:15.945+0000] {processor.py:840} INFO - DAG(s) 'weather_pipeline_dag' retrieved from /opt/airflow/dags/weather_pipeline_dag.py
[2025-10-18T19:43:15.960+0000] {logging_mixin.py:188} INFO - [2025-10-18T19:43:15.960+0000] {dag.py:3089} INFO - Sync 1 DAGs
[2025-10-18T19:43:15.973+0000] {logging_mixin.py:188} INFO - [2025-10-18T19:43:15.973+0000] {dag.py:3947} INFO - Setting next_dagrun for weather_pipeline_dag to 2025-10-19 00:00:00+00:00, run_after=2025-10-19 00:05:00+00:00
[2025-10-18T19:43:15.980+0000] {processor.py:183} INFO - Processing /opt/airflow/dags/weather_pipeline_dag.py took 0.157 seconds
[2025-10-18T19:43:46.472+0000] {processor.py:161} INFO - Started process (PID=752) to work on /opt/airflow/dags/weather_pipeline_dag.py
[2025-10-18T19:43:46.474+0000] {processor.py:830} INFO - Processing file /opt/airflow/dags/weather_pipeline_dag.py for tasks to queue
[2025-10-18T19:43:46.476+0000] {logging_mixin.py:188} INFO - [2025-10-18T19:43:46.476+0000] {dagbag.py:545} INFO - Filling up the DagBag from /opt/airflow/dags/weather_pipeline_dag.py
[2025-10-18T19:43:46.573+0000] {processor.py:840} INFO - DAG(s) 'weather_pipeline_dag' retrieved from /opt/airflow/dags/weather_pipeline_dag.py
[2025-10-18T19:43:46.603+0000] {logging_mixin.py:188} INFO - [2025-10-18T19:43:46.603+0000] {dag.py:3089} INFO - Sync 1 DAGs
[2025-10-18T19:43:46.616+0000] {logging_mixin.py:188} INFO - [2025-10-18T19:43:46.616+0000] {dag.py:3947} INFO - Setting next_dagrun for weather_pipeline_dag to 2025-10-19 00:00:00+00:00, run_after=2025-10-19 00:05:00+00:00
[2025-10-18T19:43:46.625+0000] {processor.py:183} INFO - Processing /opt/airflow/dags/weather_pipeline_dag.py took 0.161 seconds
[2025-10-18T19:44:16.995+0000] {processor.py:161} INFO - Started process (PID=772) to work on /opt/airflow/dags/weather_pipeline_dag.py
[2025-10-18T19:44:16.996+0000] {processor.py:830} INFO - Processing file /opt/airflow/dags/weather_pipeline_dag.py for tasks to queue
[2025-10-18T19:44:16.998+0000] {logging_mixin.py:188} INFO - [2025-10-18T19:44:16.998+0000] {dagbag.py:545} INFO - Filling up the DagBag from /opt/airflow/dags/weather_pipeline_dag.py
[2025-10-18T19:44:17.113+0000] {processor.py:840} INFO - DAG(s) 'weather_pipeline_dag' retrieved from /opt/airflow/dags/weather_pipeline_dag.py
[2025-10-18T19:44:17.132+0000] {logging_mixin.py:188} INFO - [2025-10-18T19:44:17.132+0000] {dag.py:3089} INFO - Sync 1 DAGs
[2025-10-18T19:44:17.145+0000] {logging_mixin.py:188} INFO - [2025-10-18T19:44:17.145+0000] {dag.py:3947} INFO - Setting next_dagrun for weather_pipeline_dag to 2025-10-19 00:00:00+00:00, run_after=2025-10-19 00:05:00+00:00
[2025-10-18T19:44:17.158+0000] {processor.py:183} INFO - Processing /opt/airflow/dags/weather_pipeline_dag.py took 0.170 seconds
[2025-10-18T19:44:47.602+0000] {processor.py:161} INFO - Started process (PID=792) to work on /opt/airflow/dags/weather_pipeline_dag.py
[2025-10-18T19:44:47.603+0000] {processor.py:830} INFO - Processing file /opt/airflow/dags/weather_pipeline_dag.py for tasks to queue
[2025-10-18T19:44:47.608+0000] {logging_mixin.py:188} INFO - [2025-10-18T19:44:47.608+0000] {dagbag.py:545} INFO - Filling up the DagBag from /opt/airflow/dags/weather_pipeline_dag.py
[2025-10-18T19:44:47.711+0000] {processor.py:840} INFO - DAG(s) 'weather_pipeline_dag' retrieved from /opt/airflow/dags/weather_pipeline_dag.py
[2025-10-18T19:44:47.741+0000] {logging_mixin.py:188} INFO - [2025-10-18T19:44:47.741+0000] {dag.py:3089} INFO - Sync 1 DAGs
[2025-10-18T19:44:47.756+0000] {logging_mixin.py:188} INFO - [2025-10-18T19:44:47.756+0000] {dag.py:3947} INFO - Setting next_dagrun for weather_pipeline_dag to 2025-10-19 00:00:00+00:00, run_after=2025-10-19 00:05:00+00:00
[2025-10-18T19:44:47.768+0000] {processor.py:183} INFO - Processing /opt/airflow/dags/weather_pipeline_dag.py took 0.180 seconds
[2025-10-18T19:45:18.320+0000] {processor.py:161} INFO - Started process (PID=812) to work on /opt/airflow/dags/weather_pipeline_dag.py
[2025-10-18T19:45:18.322+0000] {processor.py:830} INFO - Processing file /opt/airflow/dags/weather_pipeline_dag.py for tasks to queue
[2025-10-18T19:45:18.325+0000] {logging_mixin.py:188} INFO - [2025-10-18T19:45:18.324+0000] {dagbag.py:545} INFO - Filling up the DagBag from /opt/airflow/dags/weather_pipeline_dag.py
[2025-10-18T19:45:18.441+0000] {processor.py:840} INFO - DAG(s) 'weather_pipeline_dag' retrieved from /opt/airflow/dags/weather_pipeline_dag.py
[2025-10-18T19:45:18.459+0000] {logging_mixin.py:188} INFO - [2025-10-18T19:45:18.459+0000] {dag.py:3089} INFO - Sync 1 DAGs
[2025-10-18T19:45:18.473+0000] {logging_mixin.py:188} INFO - [2025-10-18T19:45:18.473+0000] {dag.py:3947} INFO - Setting next_dagrun for weather_pipeline_dag to 2025-10-19 00:00:00+00:00, run_after=2025-10-19 00:05:00+00:00
[2025-10-18T19:45:18.480+0000] {processor.py:183} INFO - Processing /opt/airflow/dags/weather_pipeline_dag.py took 0.172 seconds
[2025-10-18T19:45:49.041+0000] {processor.py:161} INFO - Started process (PID=832) to work on /opt/airflow/dags/weather_pipeline_dag.py
[2025-10-18T19:45:49.042+0000] {processor.py:830} INFO - Processing file /opt/airflow/dags/weather_pipeline_dag.py for tasks to queue
[2025-10-18T19:45:49.045+0000] {logging_mixin.py:188} INFO - [2025-10-18T19:45:49.045+0000] {dagbag.py:545} INFO - Filling up the DagBag from /opt/airflow/dags/weather_pipeline_dag.py
[2025-10-18T19:45:49.161+0000] {processor.py:840} INFO - DAG(s) 'weather_pipeline_dag' retrieved from /opt/airflow/dags/weather_pipeline_dag.py
[2025-10-18T19:45:49.187+0000] {logging_mixin.py:188} INFO - [2025-10-18T19:45:49.187+0000] {dag.py:3089} INFO - Sync 1 DAGs
[2025-10-18T19:45:49.207+0000] {logging_mixin.py:188} INFO - [2025-10-18T19:45:49.207+0000] {dag.py:3947} INFO - Setting next_dagrun for weather_pipeline_dag to 2025-10-19 00:00:00+00:00, run_after=2025-10-19 00:05:00+00:00
[2025-10-18T19:45:49.216+0000] {processor.py:183} INFO - Processing /opt/airflow/dags/weather_pipeline_dag.py took 0.187 seconds
[2025-10-18T19:46:19.652+0000] {processor.py:161} INFO - Started process (PID=852) to work on /opt/airflow/dags/weather_pipeline_dag.py
[2025-10-18T19:46:19.653+0000] {processor.py:830} INFO - Processing file /opt/airflow/dags/weather_pipeline_dag.py for tasks to queue
[2025-10-18T19:46:19.656+0000] {logging_mixin.py:188} INFO - [2025-10-18T19:46:19.656+0000] {dagbag.py:545} INFO - Filling up the DagBag from /opt/airflow/dags/weather_pipeline_dag.py
[2025-10-18T19:46:19.759+0000] {processor.py:840} INFO - DAG(s) 'weather_pipeline_dag' retrieved from /opt/airflow/dags/weather_pipeline_dag.py
[2025-10-18T19:46:19.778+0000] {logging_mixin.py:188} INFO - [2025-10-18T19:46:19.778+0000] {dag.py:3089} INFO - Sync 1 DAGs
[2025-10-18T19:46:19.789+0000] {logging_mixin.py:188} INFO - [2025-10-18T19:46:19.788+0000] {dag.py:3947} INFO - Setting next_dagrun for weather_pipeline_dag to 2025-10-19 00:00:00+00:00, run_after=2025-10-19 00:05:00+00:00
[2025-10-18T19:46:19.798+0000] {processor.py:183} INFO - Processing /opt/airflow/dags/weather_pipeline_dag.py took 0.153 seconds
[2025-10-18T19:46:50.285+0000] {processor.py:161} INFO - Started process (PID=872) to work on /opt/airflow/dags/weather_pipeline_dag.py
[2025-10-18T19:46:50.287+0000] {processor.py:830} INFO - Processing file /opt/airflow/dags/weather_pipeline_dag.py for tasks to queue
[2025-10-18T19:46:50.289+0000] {logging_mixin.py:188} INFO - [2025-10-18T19:46:50.289+0000] {dagbag.py:545} INFO - Filling up the DagBag from /opt/airflow/dags/weather_pipeline_dag.py
[2025-10-18T19:46:50.389+0000] {processor.py:840} INFO - DAG(s) 'weather_pipeline_dag' retrieved from /opt/airflow/dags/weather_pipeline_dag.py
[2025-10-18T19:46:50.407+0000] {logging_mixin.py:188} INFO - [2025-10-18T19:46:50.407+0000] {dag.py:3089} INFO - Sync 1 DAGs
[2025-10-18T19:46:50.421+0000] {logging_mixin.py:188} INFO - [2025-10-18T19:46:50.421+0000] {dag.py:3947} INFO - Setting next_dagrun for weather_pipeline_dag to 2025-10-19 00:00:00+00:00, run_after=2025-10-19 00:05:00+00:00
[2025-10-18T19:46:50.429+0000] {processor.py:183} INFO - Processing /opt/airflow/dags/weather_pipeline_dag.py took 0.162 seconds
[2025-10-18T19:47:20.863+0000] {processor.py:161} INFO - Started process (PID=892) to work on /opt/airflow/dags/weather_pipeline_dag.py
[2025-10-18T19:47:20.864+0000] {processor.py:830} INFO - Processing file /opt/airflow/dags/weather_pipeline_dag.py for tasks to queue
[2025-10-18T19:47:20.867+0000] {logging_mixin.py:188} INFO - [2025-10-18T19:47:20.867+0000] {dagbag.py:545} INFO - Filling up the DagBag from /opt/airflow/dags/weather_pipeline_dag.py
[2025-10-18T19:47:20.972+0000] {processor.py:840} INFO - DAG(s) 'weather_pipeline_dag' retrieved from /opt/airflow/dags/weather_pipeline_dag.py
[2025-10-18T19:47:20.991+0000] {logging_mixin.py:188} INFO - [2025-10-18T19:47:20.991+0000] {dag.py:3089} INFO - Sync 1 DAGs
[2025-10-18T19:47:21.004+0000] {logging_mixin.py:188} INFO - [2025-10-18T19:47:21.004+0000] {dag.py:3947} INFO - Setting next_dagrun for weather_pipeline_dag to 2025-10-19 00:00:00+00:00, run_after=2025-10-19 00:05:00+00:00
[2025-10-18T19:47:21.013+0000] {processor.py:183} INFO - Processing /opt/airflow/dags/weather_pipeline_dag.py took 0.162 seconds
[2025-10-18T19:47:51.414+0000] {processor.py:161} INFO - Started process (PID=912) to work on /opt/airflow/dags/weather_pipeline_dag.py
[2025-10-18T19:47:51.415+0000] {processor.py:830} INFO - Processing file /opt/airflow/dags/weather_pipeline_dag.py for tasks to queue
[2025-10-18T19:47:51.417+0000] {logging_mixin.py:188} INFO - [2025-10-18T19:47:51.417+0000] {dagbag.py:545} INFO - Filling up the DagBag from /opt/airflow/dags/weather_pipeline_dag.py
[2025-10-18T19:47:51.508+0000] {processor.py:840} INFO - DAG(s) 'weather_pipeline_dag' retrieved from /opt/airflow/dags/weather_pipeline_dag.py
[2025-10-18T19:47:51.526+0000] {logging_mixin.py:188} INFO - [2025-10-18T19:47:51.526+0000] {dag.py:3089} INFO - Sync 1 DAGs
[2025-10-18T19:47:51.539+0000] {logging_mixin.py:188} INFO - [2025-10-18T19:47:51.539+0000] {dag.py:3947} INFO - Setting next_dagrun for weather_pipeline_dag to 2025-10-19 00:00:00+00:00, run_after=2025-10-19 00:05:00+00:00
[2025-10-18T19:47:51.546+0000] {processor.py:183} INFO - Processing /opt/airflow/dags/weather_pipeline_dag.py took 0.144 seconds
[2025-10-18T19:48:21.926+0000] {processor.py:161} INFO - Started process (PID=932) to work on /opt/airflow/dags/weather_pipeline_dag.py
[2025-10-18T19:48:21.928+0000] {processor.py:830} INFO - Processing file /opt/airflow/dags/weather_pipeline_dag.py for tasks to queue
[2025-10-18T19:48:21.931+0000] {logging_mixin.py:188} INFO - [2025-10-18T19:48:21.931+0000] {dagbag.py:545} INFO - Filling up the DagBag from /opt/airflow/dags/weather_pipeline_dag.py
[2025-10-18T19:48:22.053+0000] {processor.py:840} INFO - DAG(s) 'weather_pipeline_dag' retrieved from /opt/airflow/dags/weather_pipeline_dag.py
[2025-10-18T19:48:22.078+0000] {logging_mixin.py:188} INFO - [2025-10-18T19:48:22.078+0000] {dag.py:3089} INFO - Sync 1 DAGs
[2025-10-18T19:48:22.094+0000] {logging_mixin.py:188} INFO - [2025-10-18T19:48:22.094+0000] {dag.py:3947} INFO - Setting next_dagrun for weather_pipeline_dag to 2025-10-19 00:00:00+00:00, run_after=2025-10-19 00:05:00+00:00
[2025-10-18T19:48:22.102+0000] {processor.py:183} INFO - Processing /opt/airflow/dags/weather_pipeline_dag.py took 0.188 seconds
[2025-10-18T19:48:52.547+0000] {processor.py:161} INFO - Started process (PID=952) to work on /opt/airflow/dags/weather_pipeline_dag.py
[2025-10-18T19:48:52.548+0000] {processor.py:830} INFO - Processing file /opt/airflow/dags/weather_pipeline_dag.py for tasks to queue
[2025-10-18T19:48:52.551+0000] {logging_mixin.py:188} INFO - [2025-10-18T19:48:52.551+0000] {dagbag.py:545} INFO - Filling up the DagBag from /opt/airflow/dags/weather_pipeline_dag.py
[2025-10-18T19:48:52.655+0000] {processor.py:840} INFO - DAG(s) 'weather_pipeline_dag' retrieved from /opt/airflow/dags/weather_pipeline_dag.py
[2025-10-18T19:48:52.675+0000] {logging_mixin.py:188} INFO - [2025-10-18T19:48:52.675+0000] {dag.py:3089} INFO - Sync 1 DAGs
[2025-10-18T19:48:52.687+0000] {logging_mixin.py:188} INFO - [2025-10-18T19:48:52.687+0000] {dag.py:3947} INFO - Setting next_dagrun for weather_pipeline_dag to 2025-10-19 00:00:00+00:00, run_after=2025-10-19 00:05:00+00:00
[2025-10-18T19:48:52.694+0000] {processor.py:183} INFO - Processing /opt/airflow/dags/weather_pipeline_dag.py took 0.156 seconds
[2025-10-18T19:49:23.165+0000] {processor.py:161} INFO - Started process (PID=972) to work on /opt/airflow/dags/weather_pipeline_dag.py
[2025-10-18T19:49:23.168+0000] {processor.py:830} INFO - Processing file /opt/airflow/dags/weather_pipeline_dag.py for tasks to queue
[2025-10-18T19:49:23.174+0000] {logging_mixin.py:188} INFO - [2025-10-18T19:49:23.173+0000] {dagbag.py:545} INFO - Filling up the DagBag from /opt/airflow/dags/weather_pipeline_dag.py
[2025-10-18T19:49:23.280+0000] {processor.py:840} INFO - DAG(s) 'weather_pipeline_dag' retrieved from /opt/airflow/dags/weather_pipeline_dag.py
[2025-10-18T19:49:23.298+0000] {logging_mixin.py:188} INFO - [2025-10-18T19:49:23.298+0000] {dag.py:3089} INFO - Sync 1 DAGs
[2025-10-18T19:49:23.308+0000] {logging_mixin.py:188} INFO - [2025-10-18T19:49:23.308+0000] {dag.py:3947} INFO - Setting next_dagrun for weather_pipeline_dag to 2025-10-19 00:00:00+00:00, run_after=2025-10-19 00:05:00+00:00
[2025-10-18T19:49:23.315+0000] {processor.py:183} INFO - Processing /opt/airflow/dags/weather_pipeline_dag.py took 0.160 seconds
[2025-10-18T19:49:53.830+0000] {processor.py:161} INFO - Started process (PID=992) to work on /opt/airflow/dags/weather_pipeline_dag.py
[2025-10-18T19:49:53.831+0000] {processor.py:830} INFO - Processing file /opt/airflow/dags/weather_pipeline_dag.py for tasks to queue
[2025-10-18T19:49:53.839+0000] {logging_mixin.py:188} INFO - [2025-10-18T19:49:53.839+0000] {dagbag.py:545} INFO - Filling up the DagBag from /opt/airflow/dags/weather_pipeline_dag.py
[2025-10-18T19:49:53.939+0000] {processor.py:840} INFO - DAG(s) 'weather_pipeline_dag' retrieved from /opt/airflow/dags/weather_pipeline_dag.py
[2025-10-18T19:49:53.962+0000] {logging_mixin.py:188} INFO - [2025-10-18T19:49:53.962+0000] {dag.py:3089} INFO - Sync 1 DAGs
[2025-10-18T19:49:53.978+0000] {logging_mixin.py:188} INFO - [2025-10-18T19:49:53.978+0000] {dag.py:3947} INFO - Setting next_dagrun for weather_pipeline_dag to 2025-10-19 00:00:00+00:00, run_after=2025-10-19 00:05:00+00:00
[2025-10-18T19:49:53.987+0000] {processor.py:183} INFO - Processing /opt/airflow/dags/weather_pipeline_dag.py took 0.171 seconds
[2025-10-18T19:50:24.432+0000] {processor.py:161} INFO - Started process (PID=1012) to work on /opt/airflow/dags/weather_pipeline_dag.py
[2025-10-18T19:50:24.434+0000] {processor.py:830} INFO - Processing file /opt/airflow/dags/weather_pipeline_dag.py for tasks to queue
[2025-10-18T19:50:24.436+0000] {logging_mixin.py:188} INFO - [2025-10-18T19:50:24.436+0000] {dagbag.py:545} INFO - Filling up the DagBag from /opt/airflow/dags/weather_pipeline_dag.py
[2025-10-18T19:50:24.550+0000] {processor.py:840} INFO - DAG(s) 'weather_pipeline_dag' retrieved from /opt/airflow/dags/weather_pipeline_dag.py
[2025-10-18T19:50:24.568+0000] {logging_mixin.py:188} INFO - [2025-10-18T19:50:24.568+0000] {dag.py:3089} INFO - Sync 1 DAGs
[2025-10-18T19:50:24.590+0000] {logging_mixin.py:188} INFO - [2025-10-18T19:50:24.590+0000] {dag.py:3947} INFO - Setting next_dagrun for weather_pipeline_dag to 2025-10-19 00:00:00+00:00, run_after=2025-10-19 00:05:00+00:00
[2025-10-18T19:50:24.598+0000] {processor.py:183} INFO - Processing /opt/airflow/dags/weather_pipeline_dag.py took 0.181 seconds
[2025-10-18T19:50:55.148+0000] {processor.py:161} INFO - Started process (PID=1032) to work on /opt/airflow/dags/weather_pipeline_dag.py
[2025-10-18T19:50:55.150+0000] {processor.py:830} INFO - Processing file /opt/airflow/dags/weather_pipeline_dag.py for tasks to queue
[2025-10-18T19:50:55.152+0000] {logging_mixin.py:188} INFO - [2025-10-18T19:50:55.152+0000] {dagbag.py:545} INFO - Filling up the DagBag from /opt/airflow/dags/weather_pipeline_dag.py
[2025-10-18T19:50:55.250+0000] {processor.py:840} INFO - DAG(s) 'weather_pipeline_dag' retrieved from /opt/airflow/dags/weather_pipeline_dag.py
[2025-10-18T19:50:55.276+0000] {logging_mixin.py:188} INFO - [2025-10-18T19:50:55.275+0000] {dag.py:3089} INFO - Sync 1 DAGs
[2025-10-18T19:50:55.286+0000] {logging_mixin.py:188} INFO - [2025-10-18T19:50:55.286+0000] {dag.py:3947} INFO - Setting next_dagrun for weather_pipeline_dag to 2025-10-19 00:00:00+00:00, run_after=2025-10-19 00:05:00+00:00
[2025-10-18T19:50:55.296+0000] {processor.py:183} INFO - Processing /opt/airflow/dags/weather_pipeline_dag.py took 0.164 seconds
[2025-10-18T19:51:25.829+0000] {processor.py:161} INFO - Started process (PID=1052) to work on /opt/airflow/dags/weather_pipeline_dag.py
[2025-10-18T19:51:25.830+0000] {processor.py:830} INFO - Processing file /opt/airflow/dags/weather_pipeline_dag.py for tasks to queue
[2025-10-18T19:51:25.833+0000] {logging_mixin.py:188} INFO - [2025-10-18T19:51:25.832+0000] {dagbag.py:545} INFO - Filling up the DagBag from /opt/airflow/dags/weather_pipeline_dag.py
[2025-10-18T19:51:25.942+0000] {processor.py:840} INFO - DAG(s) 'weather_pipeline_dag' retrieved from /opt/airflow/dags/weather_pipeline_dag.py
[2025-10-18T19:51:25.959+0000] {logging_mixin.py:188} INFO - [2025-10-18T19:51:25.959+0000] {dag.py:3089} INFO - Sync 1 DAGs
[2025-10-18T19:51:25.974+0000] {logging_mixin.py:188} INFO - [2025-10-18T19:51:25.974+0000] {dag.py:3947} INFO - Setting next_dagrun for weather_pipeline_dag to 2025-10-19 00:00:00+00:00, run_after=2025-10-19 00:05:00+00:00
[2025-10-18T19:51:25.986+0000] {processor.py:183} INFO - Processing /opt/airflow/dags/weather_pipeline_dag.py took 0.170 seconds
[2025-10-18T19:51:56.523+0000] {processor.py:161} INFO - Started process (PID=1072) to work on /opt/airflow/dags/weather_pipeline_dag.py
[2025-10-18T19:51:56.524+0000] {processor.py:830} INFO - Processing file /opt/airflow/dags/weather_pipeline_dag.py for tasks to queue
[2025-10-18T19:51:56.529+0000] {logging_mixin.py:188} INFO - [2025-10-18T19:51:56.528+0000] {dagbag.py:545} INFO - Filling up the DagBag from /opt/airflow/dags/weather_pipeline_dag.py
[2025-10-18T19:51:56.642+0000] {processor.py:840} INFO - DAG(s) 'weather_pipeline_dag' retrieved from /opt/airflow/dags/weather_pipeline_dag.py
[2025-10-18T19:51:56.671+0000] {logging_mixin.py:188} INFO - [2025-10-18T19:51:56.671+0000] {dag.py:3089} INFO - Sync 1 DAGs
[2025-10-18T19:51:56.688+0000] {logging_mixin.py:188} INFO - [2025-10-18T19:51:56.688+0000] {dag.py:3947} INFO - Setting next_dagrun for weather_pipeline_dag to 2025-10-19 00:00:00+00:00, run_after=2025-10-19 00:05:00+00:00
[2025-10-18T19:51:56.697+0000] {processor.py:183} INFO - Processing /opt/airflow/dags/weather_pipeline_dag.py took 0.188 seconds
[2025-10-18T19:52:27.188+0000] {processor.py:161} INFO - Started process (PID=1092) to work on /opt/airflow/dags/weather_pipeline_dag.py
[2025-10-18T19:52:27.189+0000] {processor.py:830} INFO - Processing file /opt/airflow/dags/weather_pipeline_dag.py for tasks to queue
[2025-10-18T19:52:27.196+0000] {logging_mixin.py:188} INFO - [2025-10-18T19:52:27.195+0000] {dagbag.py:545} INFO - Filling up the DagBag from /opt/airflow/dags/weather_pipeline_dag.py
[2025-10-18T19:52:27.303+0000] {processor.py:840} INFO - DAG(s) 'weather_pipeline_dag' retrieved from /opt/airflow/dags/weather_pipeline_dag.py
[2025-10-18T19:52:27.332+0000] {logging_mixin.py:188} INFO - [2025-10-18T19:52:27.332+0000] {dag.py:3089} INFO - Sync 1 DAGs
[2025-10-18T19:52:27.346+0000] {logging_mixin.py:188} INFO - [2025-10-18T19:52:27.346+0000] {dag.py:3947} INFO - Setting next_dagrun for weather_pipeline_dag to 2025-10-19 00:00:00+00:00, run_after=2025-10-19 00:05:00+00:00
[2025-10-18T19:52:27.355+0000] {processor.py:183} INFO - Processing /opt/airflow/dags/weather_pipeline_dag.py took 0.183 seconds
[2025-10-18T19:52:57.850+0000] {processor.py:161} INFO - Started process (PID=1112) to work on /opt/airflow/dags/weather_pipeline_dag.py
[2025-10-18T19:52:57.851+0000] {processor.py:830} INFO - Processing file /opt/airflow/dags/weather_pipeline_dag.py for tasks to queue
[2025-10-18T19:52:57.854+0000] {logging_mixin.py:188} INFO - [2025-10-18T19:52:57.854+0000] {dagbag.py:545} INFO - Filling up the DagBag from /opt/airflow/dags/weather_pipeline_dag.py
[2025-10-18T19:52:57.992+0000] {processor.py:840} INFO - DAG(s) 'weather_pipeline_dag' retrieved from /opt/airflow/dags/weather_pipeline_dag.py
[2025-10-18T19:52:58.016+0000] {logging_mixin.py:188} INFO - [2025-10-18T19:52:58.016+0000] {dag.py:3089} INFO - Sync 1 DAGs
[2025-10-18T19:52:58.026+0000] {logging_mixin.py:188} INFO - [2025-10-18T19:52:58.026+0000] {dag.py:3947} INFO - Setting next_dagrun for weather_pipeline_dag to 2025-10-19 00:00:00+00:00, run_after=2025-10-19 00:05:00+00:00
[2025-10-18T19:52:58.042+0000] {processor.py:183} INFO - Processing /opt/airflow/dags/weather_pipeline_dag.py took 0.205 seconds
[2025-10-18T19:53:28.501+0000] {processor.py:161} INFO - Started process (PID=1132) to work on /opt/airflow/dags/weather_pipeline_dag.py
[2025-10-18T19:53:28.502+0000] {processor.py:830} INFO - Processing file /opt/airflow/dags/weather_pipeline_dag.py for tasks to queue
[2025-10-18T19:53:28.506+0000] {logging_mixin.py:188} INFO - [2025-10-18T19:53:28.506+0000] {dagbag.py:545} INFO - Filling up the DagBag from /opt/airflow/dags/weather_pipeline_dag.py
[2025-10-18T19:53:28.611+0000] {processor.py:840} INFO - DAG(s) 'weather_pipeline_dag' retrieved from /opt/airflow/dags/weather_pipeline_dag.py
[2025-10-18T19:53:28.627+0000] {logging_mixin.py:188} INFO - [2025-10-18T19:53:28.627+0000] {dag.py:3089} INFO - Sync 1 DAGs
[2025-10-18T19:53:28.638+0000] {logging_mixin.py:188} INFO - [2025-10-18T19:53:28.638+0000] {dag.py:3947} INFO - Setting next_dagrun for weather_pipeline_dag to 2025-10-19 00:00:00+00:00, run_after=2025-10-19 00:05:00+00:00
[2025-10-18T19:53:28.646+0000] {processor.py:183} INFO - Processing /opt/airflow/dags/weather_pipeline_dag.py took 0.159 seconds
[2025-10-18T19:53:59.153+0000] {processor.py:161} INFO - Started process (PID=1157) to work on /opt/airflow/dags/weather_pipeline_dag.py
[2025-10-18T19:53:59.156+0000] {processor.py:830} INFO - Processing file /opt/airflow/dags/weather_pipeline_dag.py for tasks to queue
[2025-10-18T19:53:59.158+0000] {logging_mixin.py:188} INFO - [2025-10-18T19:53:59.158+0000] {dagbag.py:545} INFO - Filling up the DagBag from /opt/airflow/dags/weather_pipeline_dag.py
[2025-10-18T19:53:59.249+0000] {processor.py:840} INFO - DAG(s) 'weather_pipeline_dag' retrieved from /opt/airflow/dags/weather_pipeline_dag.py
[2025-10-18T19:53:59.271+0000] {logging_mixin.py:188} INFO - [2025-10-18T19:53:59.271+0000] {dag.py:3089} INFO - Sync 1 DAGs
[2025-10-18T19:53:59.281+0000] {logging_mixin.py:188} INFO - [2025-10-18T19:53:59.281+0000] {dag.py:3947} INFO - Setting next_dagrun for weather_pipeline_dag to 2025-10-19 00:00:00+00:00, run_after=2025-10-19 00:05:00+00:00
[2025-10-18T19:53:59.290+0000] {processor.py:183} INFO - Processing /opt/airflow/dags/weather_pipeline_dag.py took 0.145 seconds
[2025-10-18T19:54:29.634+0000] {processor.py:161} INFO - Started process (PID=1179) to work on /opt/airflow/dags/weather_pipeline_dag.py
[2025-10-18T19:54:29.635+0000] {processor.py:830} INFO - Processing file /opt/airflow/dags/weather_pipeline_dag.py for tasks to queue
[2025-10-18T19:54:29.639+0000] {logging_mixin.py:188} INFO - [2025-10-18T19:54:29.639+0000] {dagbag.py:545} INFO - Filling up the DagBag from /opt/airflow/dags/weather_pipeline_dag.py
[2025-10-18T19:54:29.761+0000] {processor.py:840} INFO - DAG(s) 'weather_pipeline_dag' retrieved from /opt/airflow/dags/weather_pipeline_dag.py
[2025-10-18T19:54:29.780+0000] {logging_mixin.py:188} INFO - [2025-10-18T19:54:29.780+0000] {dag.py:3089} INFO - Sync 1 DAGs
[2025-10-18T19:54:29.790+0000] {logging_mixin.py:188} INFO - [2025-10-18T19:54:29.789+0000] {dag.py:3947} INFO - Setting next_dagrun for weather_pipeline_dag to 2025-10-19 00:00:00+00:00, run_after=2025-10-19 00:05:00+00:00
[2025-10-18T19:54:29.798+0000] {processor.py:183} INFO - Processing /opt/airflow/dags/weather_pipeline_dag.py took 0.172 seconds
[2025-10-18T19:55:00.218+0000] {processor.py:161} INFO - Started process (PID=1199) to work on /opt/airflow/dags/weather_pipeline_dag.py
[2025-10-18T19:55:00.225+0000] {processor.py:830} INFO - Processing file /opt/airflow/dags/weather_pipeline_dag.py for tasks to queue
[2025-10-18T19:55:00.227+0000] {logging_mixin.py:188} INFO - [2025-10-18T19:55:00.227+0000] {dagbag.py:545} INFO - Filling up the DagBag from /opt/airflow/dags/weather_pipeline_dag.py
[2025-10-18T19:55:00.318+0000] {processor.py:840} INFO - DAG(s) 'weather_pipeline_dag' retrieved from /opt/airflow/dags/weather_pipeline_dag.py
[2025-10-18T19:55:00.339+0000] {logging_mixin.py:188} INFO - [2025-10-18T19:55:00.339+0000] {dag.py:3089} INFO - Sync 1 DAGs
[2025-10-18T19:55:00.353+0000] {logging_mixin.py:188} INFO - [2025-10-18T19:55:00.352+0000] {dag.py:3947} INFO - Setting next_dagrun for weather_pipeline_dag to 2025-10-19 00:00:00+00:00, run_after=2025-10-19 00:05:00+00:00
[2025-10-18T19:55:00.363+0000] {processor.py:183} INFO - Processing /opt/airflow/dags/weather_pipeline_dag.py took 0.152 seconds
[2025-10-18T19:55:30.700+0000] {processor.py:161} INFO - Started process (PID=1219) to work on /opt/airflow/dags/weather_pipeline_dag.py
[2025-10-18T19:55:30.700+0000] {processor.py:830} INFO - Processing file /opt/airflow/dags/weather_pipeline_dag.py for tasks to queue
[2025-10-18T19:55:30.702+0000] {logging_mixin.py:188} INFO - [2025-10-18T19:55:30.701+0000] {dagbag.py:545} INFO - Filling up the DagBag from /opt/airflow/dags/weather_pipeline_dag.py
[2025-10-18T19:55:30.765+0000] {processor.py:840} INFO - DAG(s) 'weather_pipeline_dag' retrieved from /opt/airflow/dags/weather_pipeline_dag.py
[2025-10-18T19:55:30.779+0000] {logging_mixin.py:188} INFO - [2025-10-18T19:55:30.779+0000] {dag.py:3089} INFO - Sync 1 DAGs
[2025-10-18T19:55:30.790+0000] {logging_mixin.py:188} INFO - [2025-10-18T19:55:30.790+0000] {dag.py:3947} INFO - Setting next_dagrun for weather_pipeline_dag to 2025-10-19 00:00:00+00:00, run_after=2025-10-19 00:05:00+00:00
[2025-10-18T19:55:30.797+0000] {processor.py:183} INFO - Processing /opt/airflow/dags/weather_pipeline_dag.py took 0.103 seconds
[2025-10-18T19:56:01.203+0000] {processor.py:161} INFO - Started process (PID=1239) to work on /opt/airflow/dags/weather_pipeline_dag.py
[2025-10-18T19:56:01.204+0000] {processor.py:830} INFO - Processing file /opt/airflow/dags/weather_pipeline_dag.py for tasks to queue
[2025-10-18T19:56:01.206+0000] {logging_mixin.py:188} INFO - [2025-10-18T19:56:01.206+0000] {dagbag.py:545} INFO - Filling up the DagBag from /opt/airflow/dags/weather_pipeline_dag.py
[2025-10-18T19:56:01.315+0000] {processor.py:840} INFO - DAG(s) 'weather_pipeline_dag' retrieved from /opt/airflow/dags/weather_pipeline_dag.py
[2025-10-18T19:56:01.332+0000] {logging_mixin.py:188} INFO - [2025-10-18T19:56:01.332+0000] {dag.py:3089} INFO - Sync 1 DAGs
[2025-10-18T19:56:01.347+0000] {logging_mixin.py:188} INFO - [2025-10-18T19:56:01.347+0000] {dag.py:3947} INFO - Setting next_dagrun for weather_pipeline_dag to 2025-10-19 00:00:00+00:00, run_after=2025-10-19 00:05:00+00:00
[2025-10-18T19:56:01.354+0000] {processor.py:183} INFO - Processing /opt/airflow/dags/weather_pipeline_dag.py took 0.165 seconds
[2025-10-18T19:56:31.905+0000] {processor.py:161} INFO - Started process (PID=1259) to work on /opt/airflow/dags/weather_pipeline_dag.py
[2025-10-18T19:56:31.910+0000] {processor.py:830} INFO - Processing file /opt/airflow/dags/weather_pipeline_dag.py for tasks to queue
[2025-10-18T19:56:31.914+0000] {logging_mixin.py:188} INFO - [2025-10-18T19:56:31.913+0000] {dagbag.py:545} INFO - Filling up the DagBag from /opt/airflow/dags/weather_pipeline_dag.py
[2025-10-18T19:56:32.029+0000] {processor.py:840} INFO - DAG(s) 'weather_pipeline_dag' retrieved from /opt/airflow/dags/weather_pipeline_dag.py
[2025-10-18T19:56:32.045+0000] {logging_mixin.py:188} INFO - [2025-10-18T19:56:32.044+0000] {dag.py:3089} INFO - Sync 1 DAGs
[2025-10-18T19:56:32.057+0000] {logging_mixin.py:188} INFO - [2025-10-18T19:56:32.057+0000] {dag.py:3947} INFO - Setting next_dagrun for weather_pipeline_dag to 2025-10-19 00:00:00+00:00, run_after=2025-10-19 00:05:00+00:00
[2025-10-18T19:56:32.065+0000] {processor.py:183} INFO - Processing /opt/airflow/dags/weather_pipeline_dag.py took 0.175 seconds
[2025-10-18T19:57:02.554+0000] {processor.py:161} INFO - Started process (PID=1279) to work on /opt/airflow/dags/weather_pipeline_dag.py
[2025-10-18T19:57:02.556+0000] {processor.py:830} INFO - Processing file /opt/airflow/dags/weather_pipeline_dag.py for tasks to queue
[2025-10-18T19:57:02.559+0000] {logging_mixin.py:188} INFO - [2025-10-18T19:57:02.559+0000] {dagbag.py:545} INFO - Filling up the DagBag from /opt/airflow/dags/weather_pipeline_dag.py
[2025-10-18T19:57:02.698+0000] {processor.py:840} INFO - DAG(s) 'weather_pipeline_dag' retrieved from /opt/airflow/dags/weather_pipeline_dag.py
[2025-10-18T19:57:02.720+0000] {logging_mixin.py:188} INFO - [2025-10-18T19:57:02.719+0000] {dag.py:3089} INFO - Sync 1 DAGs
[2025-10-18T19:57:02.731+0000] {logging_mixin.py:188} INFO - [2025-10-18T19:57:02.731+0000] {dag.py:3947} INFO - Setting next_dagrun for weather_pipeline_dag to 2025-10-19 00:00:00+00:00, run_after=2025-10-19 00:05:00+00:00
[2025-10-18T19:57:02.740+0000] {processor.py:183} INFO - Processing /opt/airflow/dags/weather_pipeline_dag.py took 0.199 seconds
[2025-10-18T19:57:33.236+0000] {processor.py:161} INFO - Started process (PID=1299) to work on /opt/airflow/dags/weather_pipeline_dag.py
[2025-10-18T19:57:33.238+0000] {processor.py:830} INFO - Processing file /opt/airflow/dags/weather_pipeline_dag.py for tasks to queue
[2025-10-18T19:57:33.240+0000] {logging_mixin.py:188} INFO - [2025-10-18T19:57:33.240+0000] {dagbag.py:545} INFO - Filling up the DagBag from /opt/airflow/dags/weather_pipeline_dag.py
[2025-10-18T19:57:33.350+0000] {processor.py:840} INFO - DAG(s) 'weather_pipeline_dag' retrieved from /opt/airflow/dags/weather_pipeline_dag.py
[2025-10-18T19:57:33.369+0000] {logging_mixin.py:188} INFO - [2025-10-18T19:57:33.369+0000] {dag.py:3089} INFO - Sync 1 DAGs
[2025-10-18T19:57:33.401+0000] {logging_mixin.py:188} INFO - [2025-10-18T19:57:33.401+0000] {dag.py:3947} INFO - Setting next_dagrun for weather_pipeline_dag to 2025-10-19 00:00:00+00:00, run_after=2025-10-19 00:05:00+00:00
[2025-10-18T19:57:33.410+0000] {processor.py:183} INFO - Processing /opt/airflow/dags/weather_pipeline_dag.py took 0.181 seconds
[2025-10-18T19:58:03.778+0000] {processor.py:161} INFO - Started process (PID=1319) to work on /opt/airflow/dags/weather_pipeline_dag.py
[2025-10-18T19:58:03.779+0000] {processor.py:830} INFO - Processing file /opt/airflow/dags/weather_pipeline_dag.py for tasks to queue
[2025-10-18T19:58:03.782+0000] {logging_mixin.py:188} INFO - [2025-10-18T19:58:03.781+0000] {dagbag.py:545} INFO - Filling up the DagBag from /opt/airflow/dags/weather_pipeline_dag.py
[2025-10-18T19:58:03.869+0000] {processor.py:840} INFO - DAG(s) 'weather_pipeline_dag' retrieved from /opt/airflow/dags/weather_pipeline_dag.py
[2025-10-18T19:58:03.885+0000] {logging_mixin.py:188} INFO - [2025-10-18T19:58:03.885+0000] {dag.py:3089} INFO - Sync 1 DAGs
[2025-10-18T19:58:03.896+0000] {logging_mixin.py:188} INFO - [2025-10-18T19:58:03.896+0000] {dag.py:3947} INFO - Setting next_dagrun for weather_pipeline_dag to 2025-10-19 00:00:00+00:00, run_after=2025-10-19 00:05:00+00:00
[2025-10-18T19:58:03.904+0000] {processor.py:183} INFO - Processing /opt/airflow/dags/weather_pipeline_dag.py took 0.135 seconds
[2025-10-18T19:58:34.291+0000] {processor.py:161} INFO - Started process (PID=1339) to work on /opt/airflow/dags/weather_pipeline_dag.py
[2025-10-18T19:58:34.292+0000] {processor.py:830} INFO - Processing file /opt/airflow/dags/weather_pipeline_dag.py for tasks to queue
[2025-10-18T19:58:34.295+0000] {logging_mixin.py:188} INFO - [2025-10-18T19:58:34.294+0000] {dagbag.py:545} INFO - Filling up the DagBag from /opt/airflow/dags/weather_pipeline_dag.py
[2025-10-18T19:58:34.387+0000] {processor.py:840} INFO - DAG(s) 'weather_pipeline_dag' retrieved from /opt/airflow/dags/weather_pipeline_dag.py
[2025-10-18T19:58:34.404+0000] {logging_mixin.py:188} INFO - [2025-10-18T19:58:34.404+0000] {dag.py:3089} INFO - Sync 1 DAGs
[2025-10-18T19:58:34.414+0000] {logging_mixin.py:188} INFO - [2025-10-18T19:58:34.414+0000] {dag.py:3947} INFO - Setting next_dagrun for weather_pipeline_dag to 2025-10-19 00:00:00+00:00, run_after=2025-10-19 00:05:00+00:00
[2025-10-18T19:58:34.421+0000] {processor.py:183} INFO - Processing /opt/airflow/dags/weather_pipeline_dag.py took 0.139 seconds
[2025-10-18T19:59:04.767+0000] {processor.py:161} INFO - Started process (PID=1359) to work on /opt/airflow/dags/weather_pipeline_dag.py
[2025-10-18T19:59:04.769+0000] {processor.py:830} INFO - Processing file /opt/airflow/dags/weather_pipeline_dag.py for tasks to queue
[2025-10-18T19:59:04.771+0000] {logging_mixin.py:188} INFO - [2025-10-18T19:59:04.771+0000] {dagbag.py:545} INFO - Filling up the DagBag from /opt/airflow/dags/weather_pipeline_dag.py
[2025-10-18T19:59:04.877+0000] {processor.py:840} INFO - DAG(s) 'weather_pipeline_dag' retrieved from /opt/airflow/dags/weather_pipeline_dag.py
[2025-10-18T19:59:04.899+0000] {logging_mixin.py:188} INFO - [2025-10-18T19:59:04.899+0000] {dag.py:3089} INFO - Sync 1 DAGs
[2025-10-18T19:59:04.911+0000] {logging_mixin.py:188} INFO - [2025-10-18T19:59:04.910+0000] {dag.py:3947} INFO - Setting next_dagrun for weather_pipeline_dag to 2025-10-19 00:00:00+00:00, run_after=2025-10-19 00:05:00+00:00
[2025-10-18T19:59:04.921+0000] {processor.py:183} INFO - Processing /opt/airflow/dags/weather_pipeline_dag.py took 0.162 seconds
[2025-10-18T19:59:35.298+0000] {processor.py:161} INFO - Started process (PID=1379) to work on /opt/airflow/dags/weather_pipeline_dag.py
[2025-10-18T19:59:35.299+0000] {processor.py:830} INFO - Processing file /opt/airflow/dags/weather_pipeline_dag.py for tasks to queue
[2025-10-18T19:59:35.301+0000] {logging_mixin.py:188} INFO - [2025-10-18T19:59:35.300+0000] {dagbag.py:545} INFO - Filling up the DagBag from /opt/airflow/dags/weather_pipeline_dag.py
[2025-10-18T19:59:35.387+0000] {processor.py:840} INFO - DAG(s) 'weather_pipeline_dag' retrieved from /opt/airflow/dags/weather_pipeline_dag.py
[2025-10-18T19:59:35.405+0000] {logging_mixin.py:188} INFO - [2025-10-18T19:59:35.405+0000] {dag.py:3089} INFO - Sync 1 DAGs
[2025-10-18T19:59:35.415+0000] {logging_mixin.py:188} INFO - [2025-10-18T19:59:35.415+0000] {dag.py:3947} INFO - Setting next_dagrun for weather_pipeline_dag to 2025-10-19 00:00:00+00:00, run_after=2025-10-19 00:05:00+00:00
[2025-10-18T19:59:35.423+0000] {processor.py:183} INFO - Processing /opt/airflow/dags/weather_pipeline_dag.py took 0.135 seconds
[2025-10-18T20:00:05.780+0000] {processor.py:161} INFO - Started process (PID=1399) to work on /opt/airflow/dags/weather_pipeline_dag.py
[2025-10-18T20:00:05.781+0000] {processor.py:830} INFO - Processing file /opt/airflow/dags/weather_pipeline_dag.py for tasks to queue
[2025-10-18T20:00:05.784+0000] {logging_mixin.py:188} INFO - [2025-10-18T20:00:05.784+0000] {dagbag.py:545} INFO - Filling up the DagBag from /opt/airflow/dags/weather_pipeline_dag.py
[2025-10-18T20:00:05.873+0000] {processor.py:840} INFO - DAG(s) 'weather_pipeline_dag' retrieved from /opt/airflow/dags/weather_pipeline_dag.py
[2025-10-18T20:00:05.895+0000] {logging_mixin.py:188} INFO - [2025-10-18T20:00:05.895+0000] {dag.py:3089} INFO - Sync 1 DAGs
[2025-10-18T20:00:05.908+0000] {logging_mixin.py:188} INFO - [2025-10-18T20:00:05.908+0000] {dag.py:3947} INFO - Setting next_dagrun for weather_pipeline_dag to 2025-10-19 00:00:00+00:00, run_after=2025-10-19 00:05:00+00:00
[2025-10-18T20:00:05.915+0000] {processor.py:183} INFO - Processing /opt/airflow/dags/weather_pipeline_dag.py took 0.145 seconds
[2025-10-18T20:00:36.331+0000] {processor.py:161} INFO - Started process (PID=1419) to work on /opt/airflow/dags/weather_pipeline_dag.py
[2025-10-18T20:00:36.332+0000] {processor.py:830} INFO - Processing file /opt/airflow/dags/weather_pipeline_dag.py for tasks to queue
[2025-10-18T20:00:36.335+0000] {logging_mixin.py:188} INFO - [2025-10-18T20:00:36.334+0000] {dagbag.py:545} INFO - Filling up the DagBag from /opt/airflow/dags/weather_pipeline_dag.py
[2025-10-18T20:00:36.443+0000] {processor.py:840} INFO - DAG(s) 'weather_pipeline_dag' retrieved from /opt/airflow/dags/weather_pipeline_dag.py
[2025-10-18T20:00:36.461+0000] {logging_mixin.py:188} INFO - [2025-10-18T20:00:36.461+0000] {dag.py:3089} INFO - Sync 1 DAGs
[2025-10-18T20:00:36.473+0000] {logging_mixin.py:188} INFO - [2025-10-18T20:00:36.472+0000] {dag.py:3947} INFO - Setting next_dagrun for weather_pipeline_dag to 2025-10-19 00:00:00+00:00, run_after=2025-10-19 00:05:00+00:00
[2025-10-18T20:00:36.483+0000] {processor.py:183} INFO - Processing /opt/airflow/dags/weather_pipeline_dag.py took 0.166 seconds
[2025-10-18T20:01:06.836+0000] {processor.py:161} INFO - Started process (PID=1439) to work on /opt/airflow/dags/weather_pipeline_dag.py
[2025-10-18T20:01:06.838+0000] {processor.py:830} INFO - Processing file /opt/airflow/dags/weather_pipeline_dag.py for tasks to queue
[2025-10-18T20:01:06.840+0000] {logging_mixin.py:188} INFO - [2025-10-18T20:01:06.839+0000] {dagbag.py:545} INFO - Filling up the DagBag from /opt/airflow/dags/weather_pipeline_dag.py
[2025-10-18T20:01:06.947+0000] {processor.py:840} INFO - DAG(s) 'weather_pipeline_dag' retrieved from /opt/airflow/dags/weather_pipeline_dag.py
[2025-10-18T20:01:06.970+0000] {logging_mixin.py:188} INFO - [2025-10-18T20:01:06.970+0000] {dag.py:3089} INFO - Sync 1 DAGs
[2025-10-18T20:01:06.986+0000] {logging_mixin.py:188} INFO - [2025-10-18T20:01:06.986+0000] {dag.py:3947} INFO - Setting next_dagrun for weather_pipeline_dag to 2025-10-19 00:00:00+00:00, run_after=2025-10-19 00:05:00+00:00
[2025-10-18T20:01:06.994+0000] {processor.py:183} INFO - Processing /opt/airflow/dags/weather_pipeline_dag.py took 0.168 seconds
[2025-10-18T20:01:37.411+0000] {processor.py:161} INFO - Started process (PID=1459) to work on /opt/airflow/dags/weather_pipeline_dag.py
[2025-10-18T20:01:37.412+0000] {processor.py:830} INFO - Processing file /opt/airflow/dags/weather_pipeline_dag.py for tasks to queue
[2025-10-18T20:01:37.415+0000] {logging_mixin.py:188} INFO - [2025-10-18T20:01:37.414+0000] {dagbag.py:545} INFO - Filling up the DagBag from /opt/airflow/dags/weather_pipeline_dag.py
[2025-10-18T20:01:37.510+0000] {processor.py:840} INFO - DAG(s) 'weather_pipeline_dag' retrieved from /opt/airflow/dags/weather_pipeline_dag.py
[2025-10-18T20:01:37.526+0000] {logging_mixin.py:188} INFO - [2025-10-18T20:01:37.525+0000] {dag.py:3089} INFO - Sync 1 DAGs
[2025-10-18T20:01:37.536+0000] {logging_mixin.py:188} INFO - [2025-10-18T20:01:37.536+0000] {dag.py:3947} INFO - Setting next_dagrun for weather_pipeline_dag to 2025-10-19 00:00:00+00:00, run_after=2025-10-19 00:05:00+00:00
[2025-10-18T20:01:37.548+0000] {processor.py:183} INFO - Processing /opt/airflow/dags/weather_pipeline_dag.py took 0.145 seconds
[2025-10-18T20:02:07.942+0000] {processor.py:161} INFO - Started process (PID=1479) to work on /opt/airflow/dags/weather_pipeline_dag.py
[2025-10-18T20:02:07.943+0000] {processor.py:830} INFO - Processing file /opt/airflow/dags/weather_pipeline_dag.py for tasks to queue
[2025-10-18T20:02:07.947+0000] {logging_mixin.py:188} INFO - [2025-10-18T20:02:07.947+0000] {dagbag.py:545} INFO - Filling up the DagBag from /opt/airflow/dags/weather_pipeline_dag.py
[2025-10-18T20:02:08.044+0000] {processor.py:840} INFO - DAG(s) 'weather_pipeline_dag' retrieved from /opt/airflow/dags/weather_pipeline_dag.py
[2025-10-18T20:02:08.063+0000] {logging_mixin.py:188} INFO - [2025-10-18T20:02:08.063+0000] {dag.py:3089} INFO - Sync 1 DAGs
[2025-10-18T20:02:08.072+0000] {logging_mixin.py:188} INFO - [2025-10-18T20:02:08.072+0000] {dag.py:3947} INFO - Setting next_dagrun for weather_pipeline_dag to 2025-10-19 00:00:00+00:00, run_after=2025-10-19 00:05:00+00:00
[2025-10-18T20:02:08.080+0000] {processor.py:183} INFO - Processing /opt/airflow/dags/weather_pipeline_dag.py took 0.156 seconds
[2025-10-18T20:02:38.600+0000] {processor.py:161} INFO - Started process (PID=1499) to work on /opt/airflow/dags/weather_pipeline_dag.py
[2025-10-18T20:02:38.601+0000] {processor.py:830} INFO - Processing file /opt/airflow/dags/weather_pipeline_dag.py for tasks to queue
[2025-10-18T20:02:38.603+0000] {logging_mixin.py:188} INFO - [2025-10-18T20:02:38.603+0000] {dagbag.py:545} INFO - Filling up the DagBag from /opt/airflow/dags/weather_pipeline_dag.py
[2025-10-18T20:02:38.709+0000] {processor.py:840} INFO - DAG(s) 'weather_pipeline_dag' retrieved from /opt/airflow/dags/weather_pipeline_dag.py
[2025-10-18T20:02:38.735+0000] {logging_mixin.py:188} INFO - [2025-10-18T20:02:38.734+0000] {dag.py:3089} INFO - Sync 1 DAGs
[2025-10-18T20:02:38.750+0000] {logging_mixin.py:188} INFO - [2025-10-18T20:02:38.750+0000] {dag.py:3947} INFO - Setting next_dagrun for weather_pipeline_dag to 2025-10-19 00:00:00+00:00, run_after=2025-10-19 00:05:00+00:00
[2025-10-18T20:02:38.758+0000] {processor.py:183} INFO - Processing /opt/airflow/dags/weather_pipeline_dag.py took 0.178 seconds
[2025-10-18T20:03:09.193+0000] {processor.py:161} INFO - Started process (PID=1519) to work on /opt/airflow/dags/weather_pipeline_dag.py
[2025-10-18T20:03:09.196+0000] {processor.py:830} INFO - Processing file /opt/airflow/dags/weather_pipeline_dag.py for tasks to queue
[2025-10-18T20:03:09.198+0000] {logging_mixin.py:188} INFO - [2025-10-18T20:03:09.198+0000] {dagbag.py:545} INFO - Filling up the DagBag from /opt/airflow/dags/weather_pipeline_dag.py
[2025-10-18T20:03:09.292+0000] {processor.py:840} INFO - DAG(s) 'weather_pipeline_dag' retrieved from /opt/airflow/dags/weather_pipeline_dag.py
[2025-10-18T20:03:09.314+0000] {logging_mixin.py:188} INFO - [2025-10-18T20:03:09.314+0000] {dag.py:3089} INFO - Sync 1 DAGs
[2025-10-18T20:03:09.328+0000] {logging_mixin.py:188} INFO - [2025-10-18T20:03:09.328+0000] {dag.py:3947} INFO - Setting next_dagrun for weather_pipeline_dag to 2025-10-19 00:00:00+00:00, run_after=2025-10-19 00:05:00+00:00
[2025-10-18T20:03:09.337+0000] {processor.py:183} INFO - Processing /opt/airflow/dags/weather_pipeline_dag.py took 0.158 seconds
[2025-10-18T20:03:39.813+0000] {processor.py:161} INFO - Started process (PID=1539) to work on /opt/airflow/dags/weather_pipeline_dag.py
[2025-10-18T20:03:39.814+0000] {processor.py:830} INFO - Processing file /opt/airflow/dags/weather_pipeline_dag.py for tasks to queue
[2025-10-18T20:03:39.817+0000] {logging_mixin.py:188} INFO - [2025-10-18T20:03:39.817+0000] {dagbag.py:545} INFO - Filling up the DagBag from /opt/airflow/dags/weather_pipeline_dag.py
[2025-10-18T20:03:39.922+0000] {processor.py:840} INFO - DAG(s) 'weather_pipeline_dag' retrieved from /opt/airflow/dags/weather_pipeline_dag.py
[2025-10-18T20:03:39.939+0000] {logging_mixin.py:188} INFO - [2025-10-18T20:03:39.939+0000] {dag.py:3089} INFO - Sync 1 DAGs
[2025-10-18T20:03:39.949+0000] {logging_mixin.py:188} INFO - [2025-10-18T20:03:39.949+0000] {dag.py:3947} INFO - Setting next_dagrun for weather_pipeline_dag to 2025-10-19 00:00:00+00:00, run_after=2025-10-19 00:05:00+00:00
[2025-10-18T20:03:39.957+0000] {processor.py:183} INFO - Processing /opt/airflow/dags/weather_pipeline_dag.py took 0.163 seconds
[2025-10-18T20:04:10.352+0000] {processor.py:161} INFO - Started process (PID=1559) to work on /opt/airflow/dags/weather_pipeline_dag.py
[2025-10-18T20:04:10.353+0000] {processor.py:830} INFO - Processing file /opt/airflow/dags/weather_pipeline_dag.py for tasks to queue
[2025-10-18T20:04:10.356+0000] {logging_mixin.py:188} INFO - [2025-10-18T20:04:10.356+0000] {dagbag.py:545} INFO - Filling up the DagBag from /opt/airflow/dags/weather_pipeline_dag.py
[2025-10-18T20:04:10.456+0000] {processor.py:840} INFO - DAG(s) 'weather_pipeline_dag' retrieved from /opt/airflow/dags/weather_pipeline_dag.py
[2025-10-18T20:04:10.472+0000] {logging_mixin.py:188} INFO - [2025-10-18T20:04:10.472+0000] {dag.py:3089} INFO - Sync 1 DAGs
[2025-10-18T20:04:10.483+0000] {logging_mixin.py:188} INFO - [2025-10-18T20:04:10.483+0000] {dag.py:3947} INFO - Setting next_dagrun for weather_pipeline_dag to 2025-10-19 00:00:00+00:00, run_after=2025-10-19 00:05:00+00:00
[2025-10-18T20:04:10.489+0000] {processor.py:183} INFO - Processing /opt/airflow/dags/weather_pipeline_dag.py took 0.148 seconds
[2025-10-18T20:04:40.983+0000] {processor.py:161} INFO - Started process (PID=1579) to work on /opt/airflow/dags/weather_pipeline_dag.py
[2025-10-18T20:04:40.985+0000] {processor.py:830} INFO - Processing file /opt/airflow/dags/weather_pipeline_dag.py for tasks to queue
[2025-10-18T20:04:40.990+0000] {logging_mixin.py:188} INFO - [2025-10-18T20:04:40.989+0000] {dagbag.py:545} INFO - Filling up the DagBag from /opt/airflow/dags/weather_pipeline_dag.py
[2025-10-18T20:04:41.102+0000] {processor.py:840} INFO - DAG(s) 'weather_pipeline_dag' retrieved from /opt/airflow/dags/weather_pipeline_dag.py
[2025-10-18T20:04:41.118+0000] {logging_mixin.py:188} INFO - [2025-10-18T20:04:41.118+0000] {dag.py:3089} INFO - Sync 1 DAGs
[2025-10-18T20:04:41.128+0000] {logging_mixin.py:188} INFO - [2025-10-18T20:04:41.128+0000] {dag.py:3947} INFO - Setting next_dagrun for weather_pipeline_dag to 2025-10-19 00:00:00+00:00, run_after=2025-10-19 00:05:00+00:00
[2025-10-18T20:04:41.135+0000] {processor.py:183} INFO - Processing /opt/airflow/dags/weather_pipeline_dag.py took 0.162 seconds
[2025-10-18T20:05:11.492+0000] {processor.py:161} INFO - Started process (PID=1599) to work on /opt/airflow/dags/weather_pipeline_dag.py
[2025-10-18T20:05:11.493+0000] {processor.py:830} INFO - Processing file /opt/airflow/dags/weather_pipeline_dag.py for tasks to queue
[2025-10-18T20:05:11.495+0000] {logging_mixin.py:188} INFO - [2025-10-18T20:05:11.494+0000] {dagbag.py:545} INFO - Filling up the DagBag from /opt/airflow/dags/weather_pipeline_dag.py
[2025-10-18T20:05:11.592+0000] {processor.py:840} INFO - DAG(s) 'weather_pipeline_dag' retrieved from /opt/airflow/dags/weather_pipeline_dag.py
[2025-10-18T20:05:11.616+0000] {logging_mixin.py:188} INFO - [2025-10-18T20:05:11.615+0000] {dag.py:3089} INFO - Sync 1 DAGs
[2025-10-18T20:05:11.626+0000] {logging_mixin.py:188} INFO - [2025-10-18T20:05:11.626+0000] {dag.py:3947} INFO - Setting next_dagrun for weather_pipeline_dag to 2025-10-19 00:00:00+00:00, run_after=2025-10-19 00:05:00+00:00
[2025-10-18T20:05:11.635+0000] {processor.py:183} INFO - Processing /opt/airflow/dags/weather_pipeline_dag.py took 0.149 seconds
[2025-10-18T20:05:42.142+0000] {processor.py:161} INFO - Started process (PID=1619) to work on /opt/airflow/dags/weather_pipeline_dag.py
[2025-10-18T20:05:42.143+0000] {processor.py:830} INFO - Processing file /opt/airflow/dags/weather_pipeline_dag.py for tasks to queue
[2025-10-18T20:05:42.146+0000] {logging_mixin.py:188} INFO - [2025-10-18T20:05:42.145+0000] {dagbag.py:545} INFO - Filling up the DagBag from /opt/airflow/dags/weather_pipeline_dag.py
[2025-10-18T20:05:42.269+0000] {processor.py:840} INFO - DAG(s) 'weather_pipeline_dag' retrieved from /opt/airflow/dags/weather_pipeline_dag.py
[2025-10-18T20:05:42.290+0000] {logging_mixin.py:188} INFO - [2025-10-18T20:05:42.289+0000] {dag.py:3089} INFO - Sync 1 DAGs
[2025-10-18T20:05:42.303+0000] {logging_mixin.py:188} INFO - [2025-10-18T20:05:42.302+0000] {dag.py:3947} INFO - Setting next_dagrun for weather_pipeline_dag to 2025-10-19 00:00:00+00:00, run_after=2025-10-19 00:05:00+00:00
[2025-10-18T20:05:42.313+0000] {processor.py:183} INFO - Processing /opt/airflow/dags/weather_pipeline_dag.py took 0.181 seconds
[2025-10-18T20:06:13.054+0000] {processor.py:161} INFO - Started process (PID=1639) to work on /opt/airflow/dags/weather_pipeline_dag.py
[2025-10-18T20:06:13.056+0000] {processor.py:830} INFO - Processing file /opt/airflow/dags/weather_pipeline_dag.py for tasks to queue
[2025-10-18T20:06:13.059+0000] {logging_mixin.py:188} INFO - [2025-10-18T20:06:13.059+0000] {dagbag.py:545} INFO - Filling up the DagBag from /opt/airflow/dags/weather_pipeline_dag.py
[2025-10-18T20:06:13.156+0000] {processor.py:840} INFO - DAG(s) 'weather_pipeline_dag' retrieved from /opt/airflow/dags/weather_pipeline_dag.py
[2025-10-18T20:06:13.183+0000] {logging_mixin.py:188} INFO - [2025-10-18T20:06:13.183+0000] {dag.py:3089} INFO - Sync 1 DAGs
[2025-10-18T20:06:13.193+0000] {logging_mixin.py:188} INFO - [2025-10-18T20:06:13.193+0000] {dag.py:3947} INFO - Setting next_dagrun for weather_pipeline_dag to 2025-10-19 00:00:00+00:00, run_after=2025-10-19 00:05:00+00:00
[2025-10-18T20:06:13.201+0000] {processor.py:183} INFO - Processing /opt/airflow/dags/weather_pipeline_dag.py took 0.159 seconds
[2025-10-18T20:06:43.597+0000] {processor.py:161} INFO - Started process (PID=1659) to work on /opt/airflow/dags/weather_pipeline_dag.py
[2025-10-18T20:06:43.598+0000] {processor.py:830} INFO - Processing file /opt/airflow/dags/weather_pipeline_dag.py for tasks to queue
[2025-10-18T20:06:43.600+0000] {logging_mixin.py:188} INFO - [2025-10-18T20:06:43.599+0000] {dagbag.py:545} INFO - Filling up the DagBag from /opt/airflow/dags/weather_pipeline_dag.py
[2025-10-18T20:06:43.721+0000] {processor.py:840} INFO - DAG(s) 'weather_pipeline_dag' retrieved from /opt/airflow/dags/weather_pipeline_dag.py
[2025-10-18T20:06:43.779+0000] {logging_mixin.py:188} INFO - [2025-10-18T20:06:43.779+0000] {dag.py:3089} INFO - Sync 1 DAGs
[2025-10-18T20:06:43.802+0000] {logging_mixin.py:188} INFO - [2025-10-18T20:06:43.802+0000] {dag.py:3947} INFO - Setting next_dagrun for weather_pipeline_dag to 2025-10-19 00:00:00+00:00, run_after=2025-10-19 00:05:00+00:00
[2025-10-18T20:06:43.808+0000] {processor.py:183} INFO - Processing /opt/airflow/dags/weather_pipeline_dag.py took 0.217 seconds
[2025-10-18T20:07:14.196+0000] {processor.py:161} INFO - Started process (PID=1679) to work on /opt/airflow/dags/weather_pipeline_dag.py
[2025-10-18T20:07:14.199+0000] {processor.py:830} INFO - Processing file /opt/airflow/dags/weather_pipeline_dag.py for tasks to queue
[2025-10-18T20:07:14.200+0000] {logging_mixin.py:188} INFO - [2025-10-18T20:07:14.200+0000] {dagbag.py:545} INFO - Filling up the DagBag from /opt/airflow/dags/weather_pipeline_dag.py
[2025-10-18T20:07:14.280+0000] {processor.py:840} INFO - DAG(s) 'weather_pipeline_dag' retrieved from /opt/airflow/dags/weather_pipeline_dag.py
[2025-10-18T20:07:14.305+0000] {logging_mixin.py:188} INFO - [2025-10-18T20:07:14.305+0000] {dag.py:3089} INFO - Sync 1 DAGs
[2025-10-18T20:07:14.326+0000] {logging_mixin.py:188} INFO - [2025-10-18T20:07:14.326+0000] {dag.py:3947} INFO - Setting next_dagrun for weather_pipeline_dag to 2025-10-19 00:00:00+00:00, run_after=2025-10-19 00:05:00+00:00
[2025-10-18T20:07:14.333+0000] {processor.py:183} INFO - Processing /opt/airflow/dags/weather_pipeline_dag.py took 0.143 seconds
[2025-10-18T20:07:44.735+0000] {processor.py:161} INFO - Started process (PID=1699) to work on /opt/airflow/dags/weather_pipeline_dag.py
[2025-10-18T20:07:44.736+0000] {processor.py:830} INFO - Processing file /opt/airflow/dags/weather_pipeline_dag.py for tasks to queue
[2025-10-18T20:07:44.738+0000] {logging_mixin.py:188} INFO - [2025-10-18T20:07:44.738+0000] {dagbag.py:545} INFO - Filling up the DagBag from /opt/airflow/dags/weather_pipeline_dag.py
[2025-10-18T20:07:44.835+0000] {processor.py:840} INFO - DAG(s) 'weather_pipeline_dag' retrieved from /opt/airflow/dags/weather_pipeline_dag.py
[2025-10-18T20:07:44.854+0000] {logging_mixin.py:188} INFO - [2025-10-18T20:07:44.854+0000] {dag.py:3089} INFO - Sync 1 DAGs
[2025-10-18T20:07:44.875+0000] {logging_mixin.py:188} INFO - [2025-10-18T20:07:44.874+0000] {dag.py:3947} INFO - Setting next_dagrun for weather_pipeline_dag to 2025-10-19 00:00:00+00:00, run_after=2025-10-19 00:05:00+00:00
[2025-10-18T20:07:44.901+0000] {processor.py:183} INFO - Processing /opt/airflow/dags/weather_pipeline_dag.py took 0.175 seconds
[2025-10-18T20:08:15.344+0000] {processor.py:161} INFO - Started process (PID=1719) to work on /opt/airflow/dags/weather_pipeline_dag.py
[2025-10-18T20:08:15.345+0000] {processor.py:830} INFO - Processing file /opt/airflow/dags/weather_pipeline_dag.py for tasks to queue
[2025-10-18T20:08:15.348+0000] {logging_mixin.py:188} INFO - [2025-10-18T20:08:15.348+0000] {dagbag.py:545} INFO - Filling up the DagBag from /opt/airflow/dags/weather_pipeline_dag.py
[2025-10-18T20:08:15.464+0000] {processor.py:840} INFO - DAG(s) 'weather_pipeline_dag' retrieved from /opt/airflow/dags/weather_pipeline_dag.py
[2025-10-18T20:08:15.488+0000] {logging_mixin.py:188} INFO - [2025-10-18T20:08:15.487+0000] {dag.py:3089} INFO - Sync 1 DAGs
[2025-10-18T20:08:15.515+0000] {logging_mixin.py:188} INFO - [2025-10-18T20:08:15.515+0000] {dag.py:3947} INFO - Setting next_dagrun for weather_pipeline_dag to 2025-10-19 00:00:00+00:00, run_after=2025-10-19 00:05:00+00:00
[2025-10-18T20:08:15.522+0000] {processor.py:183} INFO - Processing /opt/airflow/dags/weather_pipeline_dag.py took 0.190 seconds
[2025-10-18T20:08:46.043+0000] {processor.py:161} INFO - Started process (PID=1739) to work on /opt/airflow/dags/weather_pipeline_dag.py
[2025-10-18T20:08:46.045+0000] {processor.py:830} INFO - Processing file /opt/airflow/dags/weather_pipeline_dag.py for tasks to queue
[2025-10-18T20:08:46.047+0000] {logging_mixin.py:188} INFO - [2025-10-18T20:08:46.047+0000] {dagbag.py:545} INFO - Filling up the DagBag from /opt/airflow/dags/weather_pipeline_dag.py
[2025-10-18T20:08:46.160+0000] {processor.py:840} INFO - DAG(s) 'weather_pipeline_dag' retrieved from /opt/airflow/dags/weather_pipeline_dag.py
[2025-10-18T20:08:46.179+0000] {logging_mixin.py:188} INFO - [2025-10-18T20:08:46.178+0000] {dag.py:3089} INFO - Sync 1 DAGs
[2025-10-18T20:08:46.193+0000] {logging_mixin.py:188} INFO - [2025-10-18T20:08:46.193+0000] {dag.py:3947} INFO - Setting next_dagrun for weather_pipeline_dag to 2025-10-19 00:00:00+00:00, run_after=2025-10-19 00:05:00+00:00
[2025-10-18T20:08:46.205+0000] {processor.py:183} INFO - Processing /opt/airflow/dags/weather_pipeline_dag.py took 0.171 seconds
[2025-10-18T20:09:16.605+0000] {processor.py:161} INFO - Started process (PID=1759) to work on /opt/airflow/dags/weather_pipeline_dag.py
[2025-10-18T20:09:16.607+0000] {processor.py:830} INFO - Processing file /opt/airflow/dags/weather_pipeline_dag.py for tasks to queue
[2025-10-18T20:09:16.611+0000] {logging_mixin.py:188} INFO - [2025-10-18T20:09:16.611+0000] {dagbag.py:545} INFO - Filling up the DagBag from /opt/airflow/dags/weather_pipeline_dag.py
[2025-10-18T20:09:16.741+0000] {processor.py:840} INFO - DAG(s) 'weather_pipeline_dag' retrieved from /opt/airflow/dags/weather_pipeline_dag.py
[2025-10-18T20:09:16.755+0000] {logging_mixin.py:188} INFO - [2025-10-18T20:09:16.755+0000] {dag.py:3089} INFO - Sync 1 DAGs
[2025-10-18T20:09:16.765+0000] {logging_mixin.py:188} INFO - [2025-10-18T20:09:16.765+0000] {dag.py:3947} INFO - Setting next_dagrun for weather_pipeline_dag to 2025-10-19 00:00:00+00:00, run_after=2025-10-19 00:05:00+00:00
[2025-10-18T20:09:16.775+0000] {processor.py:183} INFO - Processing /opt/airflow/dags/weather_pipeline_dag.py took 0.178 seconds
[2025-10-18T20:09:47.424+0000] {processor.py:161} INFO - Started process (PID=1779) to work on /opt/airflow/dags/weather_pipeline_dag.py
[2025-10-18T20:09:47.426+0000] {processor.py:830} INFO - Processing file /opt/airflow/dags/weather_pipeline_dag.py for tasks to queue
[2025-10-18T20:09:47.428+0000] {logging_mixin.py:188} INFO - [2025-10-18T20:09:47.428+0000] {dagbag.py:545} INFO - Filling up the DagBag from /opt/airflow/dags/weather_pipeline_dag.py
[2025-10-18T20:09:47.542+0000] {processor.py:840} INFO - DAG(s) 'weather_pipeline_dag' retrieved from /opt/airflow/dags/weather_pipeline_dag.py
[2025-10-18T20:09:47.559+0000] {logging_mixin.py:188} INFO - [2025-10-18T20:09:47.558+0000] {dag.py:3089} INFO - Sync 1 DAGs
[2025-10-18T20:09:47.569+0000] {logging_mixin.py:188} INFO - [2025-10-18T20:09:47.569+0000] {dag.py:3947} INFO - Setting next_dagrun for weather_pipeline_dag to 2025-10-19 00:00:00+00:00, run_after=2025-10-19 00:05:00+00:00
[2025-10-18T20:09:47.584+0000] {processor.py:183} INFO - Processing /opt/airflow/dags/weather_pipeline_dag.py took 0.180 seconds
[2025-10-18T20:10:18.122+0000] {processor.py:161} INFO - Started process (PID=1808) to work on /opt/airflow/dags/weather_pipeline_dag.py
[2025-10-18T20:10:18.124+0000] {processor.py:830} INFO - Processing file /opt/airflow/dags/weather_pipeline_dag.py for tasks to queue
[2025-10-18T20:10:18.128+0000] {logging_mixin.py:188} INFO - [2025-10-18T20:10:18.127+0000] {dagbag.py:545} INFO - Filling up the DagBag from /opt/airflow/dags/weather_pipeline_dag.py
[2025-10-18T20:10:18.269+0000] {processor.py:840} INFO - DAG(s) 'weather_pipeline_dag' retrieved from /opt/airflow/dags/weather_pipeline_dag.py
[2025-10-18T20:10:18.285+0000] {logging_mixin.py:188} INFO - [2025-10-18T20:10:18.284+0000] {dag.py:3089} INFO - Sync 1 DAGs
[2025-10-18T20:10:18.294+0000] {logging_mixin.py:188} INFO - [2025-10-18T20:10:18.294+0000] {dag.py:3947} INFO - Setting next_dagrun for weather_pipeline_dag to 2025-10-19 00:00:00+00:00, run_after=2025-10-19 00:05:00+00:00
[2025-10-18T20:10:18.304+0000] {processor.py:183} INFO - Processing /opt/airflow/dags/weather_pipeline_dag.py took 0.196 seconds
[2025-10-18T20:10:48.698+0000] {processor.py:161} INFO - Started process (PID=1838) to work on /opt/airflow/dags/weather_pipeline_dag.py
[2025-10-18T20:10:48.699+0000] {processor.py:830} INFO - Processing file /opt/airflow/dags/weather_pipeline_dag.py for tasks to queue
[2025-10-18T20:10:48.701+0000] {logging_mixin.py:188} INFO - [2025-10-18T20:10:48.700+0000] {dagbag.py:545} INFO - Filling up the DagBag from /opt/airflow/dags/weather_pipeline_dag.py
[2025-10-18T20:10:48.843+0000] {processor.py:840} INFO - DAG(s) 'weather_pipeline_dag' retrieved from /opt/airflow/dags/weather_pipeline_dag.py
[2025-10-18T20:10:48.896+0000] {logging_mixin.py:188} INFO - [2025-10-18T20:10:48.895+0000] {dag.py:3089} INFO - Sync 1 DAGs
[2025-10-18T20:10:48.932+0000] {logging_mixin.py:188} INFO - [2025-10-18T20:10:48.932+0000] {dag.py:3947} INFO - Setting next_dagrun for weather_pipeline_dag to 2025-10-19 00:00:00+00:00, run_after=2025-10-19 00:05:00+00:00
[2025-10-18T20:10:48.940+0000] {processor.py:183} INFO - Processing /opt/airflow/dags/weather_pipeline_dag.py took 0.248 seconds
[2025-10-18T20:11:19.294+0000] {processor.py:161} INFO - Started process (PID=1866) to work on /opt/airflow/dags/weather_pipeline_dag.py
[2025-10-18T20:11:19.295+0000] {processor.py:830} INFO - Processing file /opt/airflow/dags/weather_pipeline_dag.py for tasks to queue
[2025-10-18T20:11:19.298+0000] {logging_mixin.py:188} INFO - [2025-10-18T20:11:19.297+0000] {dagbag.py:545} INFO - Filling up the DagBag from /opt/airflow/dags/weather_pipeline_dag.py
[2025-10-18T20:11:19.409+0000] {processor.py:840} INFO - DAG(s) 'weather_pipeline_dag' retrieved from /opt/airflow/dags/weather_pipeline_dag.py
[2025-10-18T20:11:19.453+0000] {logging_mixin.py:188} INFO - [2025-10-18T20:11:19.452+0000] {dag.py:3089} INFO - Sync 1 DAGs
[2025-10-18T20:11:19.476+0000] {logging_mixin.py:188} INFO - [2025-10-18T20:11:19.476+0000] {dag.py:3947} INFO - Setting next_dagrun for weather_pipeline_dag to 2025-10-19 00:00:00+00:00, run_after=2025-10-19 00:05:00+00:00
[2025-10-18T20:11:19.485+0000] {processor.py:183} INFO - Processing /opt/airflow/dags/weather_pipeline_dag.py took 0.196 seconds
[2025-10-18T20:11:49.934+0000] {processor.py:161} INFO - Started process (PID=1897) to work on /opt/airflow/dags/weather_pipeline_dag.py
[2025-10-18T20:11:49.936+0000] {processor.py:830} INFO - Processing file /opt/airflow/dags/weather_pipeline_dag.py for tasks to queue
[2025-10-18T20:11:49.938+0000] {logging_mixin.py:188} INFO - [2025-10-18T20:11:49.938+0000] {dagbag.py:545} INFO - Filling up the DagBag from /opt/airflow/dags/weather_pipeline_dag.py
[2025-10-18T20:11:50.073+0000] {processor.py:840} INFO - DAG(s) 'weather_pipeline_dag' retrieved from /opt/airflow/dags/weather_pipeline_dag.py
[2025-10-18T20:11:50.099+0000] {logging_mixin.py:188} INFO - [2025-10-18T20:11:50.099+0000] {dag.py:3089} INFO - Sync 1 DAGs
[2025-10-18T20:11:50.110+0000] {logging_mixin.py:188} INFO - [2025-10-18T20:11:50.110+0000] {dag.py:3947} INFO - Setting next_dagrun for weather_pipeline_dag to 2025-10-19 00:00:00+00:00, run_after=2025-10-19 00:05:00+00:00
[2025-10-18T20:11:50.125+0000] {processor.py:183} INFO - Processing /opt/airflow/dags/weather_pipeline_dag.py took 0.203 seconds
[2025-10-18T20:12:20.559+0000] {processor.py:161} INFO - Started process (PID=1917) to work on /opt/airflow/dags/weather_pipeline_dag.py
[2025-10-18T20:12:20.560+0000] {processor.py:830} INFO - Processing file /opt/airflow/dags/weather_pipeline_dag.py for tasks to queue
[2025-10-18T20:12:20.563+0000] {logging_mixin.py:188} INFO - [2025-10-18T20:12:20.562+0000] {dagbag.py:545} INFO - Filling up the DagBag from /opt/airflow/dags/weather_pipeline_dag.py
[2025-10-18T20:12:20.688+0000] {processor.py:840} INFO - DAG(s) 'weather_pipeline_dag' retrieved from /opt/airflow/dags/weather_pipeline_dag.py
[2025-10-18T20:12:20.703+0000] {logging_mixin.py:188} INFO - [2025-10-18T20:12:20.703+0000] {dag.py:3089} INFO - Sync 1 DAGs
[2025-10-18T20:12:20.714+0000] {logging_mixin.py:188} INFO - [2025-10-18T20:12:20.714+0000] {dag.py:3947} INFO - Setting next_dagrun for weather_pipeline_dag to 2025-10-19 00:00:00+00:00, run_after=2025-10-19 00:05:00+00:00
[2025-10-18T20:12:20.723+0000] {processor.py:183} INFO - Processing /opt/airflow/dags/weather_pipeline_dag.py took 0.178 seconds
[2025-10-18T20:12:51.162+0000] {processor.py:161} INFO - Started process (PID=1937) to work on /opt/airflow/dags/weather_pipeline_dag.py
[2025-10-18T20:12:51.163+0000] {processor.py:830} INFO - Processing file /opt/airflow/dags/weather_pipeline_dag.py for tasks to queue
[2025-10-18T20:12:51.165+0000] {logging_mixin.py:188} INFO - [2025-10-18T20:12:51.165+0000] {dagbag.py:545} INFO - Filling up the DagBag from /opt/airflow/dags/weather_pipeline_dag.py
[2025-10-18T20:12:51.274+0000] {processor.py:840} INFO - DAG(s) 'weather_pipeline_dag' retrieved from /opt/airflow/dags/weather_pipeline_dag.py
[2025-10-18T20:12:51.287+0000] {logging_mixin.py:188} INFO - [2025-10-18T20:12:51.286+0000] {dag.py:3089} INFO - Sync 1 DAGs
[2025-10-18T20:12:51.296+0000] {logging_mixin.py:188} INFO - [2025-10-18T20:12:51.296+0000] {dag.py:3947} INFO - Setting next_dagrun for weather_pipeline_dag to 2025-10-19 00:00:00+00:00, run_after=2025-10-19 00:05:00+00:00
[2025-10-18T20:12:51.304+0000] {processor.py:183} INFO - Processing /opt/airflow/dags/weather_pipeline_dag.py took 0.155 seconds
[2025-10-18T20:13:21.669+0000] {processor.py:161} INFO - Started process (PID=1957) to work on /opt/airflow/dags/weather_pipeline_dag.py
[2025-10-18T20:13:21.670+0000] {processor.py:830} INFO - Processing file /opt/airflow/dags/weather_pipeline_dag.py for tasks to queue
[2025-10-18T20:13:21.673+0000] {logging_mixin.py:188} INFO - [2025-10-18T20:13:21.672+0000] {dagbag.py:545} INFO - Filling up the DagBag from /opt/airflow/dags/weather_pipeline_dag.py
[2025-10-18T20:13:21.786+0000] {processor.py:840} INFO - DAG(s) 'weather_pipeline_dag' retrieved from /opt/airflow/dags/weather_pipeline_dag.py
[2025-10-18T20:13:21.803+0000] {logging_mixin.py:188} INFO - [2025-10-18T20:13:21.803+0000] {dag.py:3089} INFO - Sync 1 DAGs
[2025-10-18T20:13:21.811+0000] {logging_mixin.py:188} INFO - [2025-10-18T20:13:21.811+0000] {dag.py:3947} INFO - Setting next_dagrun for weather_pipeline_dag to 2025-10-19 00:00:00+00:00, run_after=2025-10-19 00:05:00+00:00
[2025-10-18T20:13:21.821+0000] {processor.py:183} INFO - Processing /opt/airflow/dags/weather_pipeline_dag.py took 0.161 seconds
[2025-10-18T20:13:42.284+0000] {processor.py:161} INFO - Started process (PID=1977) to work on /opt/airflow/dags/weather_pipeline_dag.py
[2025-10-18T20:13:42.285+0000] {processor.py:830} INFO - Processing file /opt/airflow/dags/weather_pipeline_dag.py for tasks to queue
[2025-10-18T20:13:42.291+0000] {logging_mixin.py:188} INFO - [2025-10-18T20:13:42.289+0000] {dagbag.py:545} INFO - Filling up the DagBag from /opt/airflow/dags/weather_pipeline_dag.py
[2025-10-18T20:13:42.305+0000] {processor.py:840} INFO - DAG(s) 'weather_pipeline' retrieved from /opt/airflow/dags/weather_pipeline_dag.py
[2025-10-18T20:13:42.382+0000] {logging_mixin.py:188} INFO - [2025-10-18T20:13:42.382+0000] {dag.py:3089} INFO - Sync 1 DAGs
[2025-10-18T20:13:42.393+0000] {logging_mixin.py:188} INFO - [2025-10-18T20:13:42.393+0000] {dag.py:3947} INFO - Setting next_dagrun for weather_pipeline to 2025-10-19 00:00:00+00:00, run_after=2025-10-19 00:10:00+00:00
[2025-10-18T20:13:42.404+0000] {processor.py:183} INFO - Processing /opt/airflow/dags/weather_pipeline_dag.py took 0.131 seconds
[2025-10-18T20:14:12.871+0000] {processor.py:161} INFO - Started process (PID=1997) to work on /opt/airflow/dags/weather_pipeline_dag.py
[2025-10-18T20:14:12.875+0000] {processor.py:830} INFO - Processing file /opt/airflow/dags/weather_pipeline_dag.py for tasks to queue
[2025-10-18T20:14:12.878+0000] {logging_mixin.py:188} INFO - [2025-10-18T20:14:12.878+0000] {dagbag.py:545} INFO - Filling up the DagBag from /opt/airflow/dags/weather_pipeline_dag.py
[2025-10-18T20:14:12.889+0000] {processor.py:840} INFO - DAG(s) 'weather_pipeline' retrieved from /opt/airflow/dags/weather_pipeline_dag.py
[2025-10-18T20:14:12.950+0000] {logging_mixin.py:188} INFO - [2025-10-18T20:14:12.950+0000] {dag.py:3089} INFO - Sync 1 DAGs
[2025-10-18T20:14:12.978+0000] {logging_mixin.py:188} INFO - [2025-10-18T20:14:12.978+0000] {dag.py:3947} INFO - Setting next_dagrun for weather_pipeline to 2025-10-19 00:00:00+00:00, run_after=2025-10-19 00:10:00+00:00
[2025-10-18T20:14:12.990+0000] {processor.py:183} INFO - Processing /opt/airflow/dags/weather_pipeline_dag.py took 0.141 seconds
[2025-10-18T20:16:34.238+0000] {processor.py:161} INFO - Started process (PID=2244) to work on /opt/airflow/dags/weather_pipeline_dag.py
[2025-10-18T20:16:34.239+0000] {processor.py:830} INFO - Processing file /opt/airflow/dags/weather_pipeline_dag.py for tasks to queue
[2025-10-18T20:16:34.242+0000] {logging_mixin.py:188} INFO - [2025-10-18T20:16:34.241+0000] {dagbag.py:545} INFO - Filling up the DagBag from /opt/airflow/dags/weather_pipeline_dag.py
[2025-10-18T20:16:34.257+0000] {processor.py:840} INFO - DAG(s) 'weather_pipeline' retrieved from /opt/airflow/dags/weather_pipeline_dag.py
[2025-10-18T20:16:34.322+0000] {logging_mixin.py:188} INFO - [2025-10-18T20:16:34.322+0000] {dag.py:3089} INFO - Sync 1 DAGs
[2025-10-18T20:16:34.330+0000] {logging_mixin.py:188} INFO - [2025-10-18T20:16:34.330+0000] {dag.py:3947} INFO - Setting next_dagrun for weather_pipeline to 2025-10-19 00:00:00+00:00, run_after=2025-10-19 00:10:00+00:00
[2025-10-18T20:16:34.340+0000] {processor.py:183} INFO - Processing /opt/airflow/dags/weather_pipeline_dag.py took 0.106 seconds
[2025-10-18T20:17:04.666+0000] {processor.py:161} INFO - Started process (PID=2265) to work on /opt/airflow/dags/weather_pipeline_dag.py
[2025-10-18T20:17:04.667+0000] {processor.py:830} INFO - Processing file /opt/airflow/dags/weather_pipeline_dag.py for tasks to queue
[2025-10-18T20:17:04.669+0000] {logging_mixin.py:188} INFO - [2025-10-18T20:17:04.669+0000] {dagbag.py:545} INFO - Filling up the DagBag from /opt/airflow/dags/weather_pipeline_dag.py
[2025-10-18T20:17:04.681+0000] {processor.py:840} INFO - DAG(s) 'weather_pipeline' retrieved from /opt/airflow/dags/weather_pipeline_dag.py
[2025-10-18T20:17:04.706+0000] {logging_mixin.py:188} INFO - [2025-10-18T20:17:04.706+0000] {dag.py:3089} INFO - Sync 1 DAGs
[2025-10-18T20:17:04.727+0000] {logging_mixin.py:188} INFO - [2025-10-18T20:17:04.727+0000] {dag.py:3947} INFO - Setting next_dagrun for weather_pipeline to 2025-10-19 00:00:00+00:00, run_after=2025-10-19 00:10:00+00:00
[2025-10-18T20:17:04.735+0000] {processor.py:183} INFO - Processing /opt/airflow/dags/weather_pipeline_dag.py took 0.075 seconds
[2025-10-18T20:17:35.555+0000] {processor.py:161} INFO - Started process (PID=2285) to work on /opt/airflow/dags/weather_pipeline_dag.py
[2025-10-18T20:17:35.560+0000] {processor.py:830} INFO - Processing file /opt/airflow/dags/weather_pipeline_dag.py for tasks to queue
[2025-10-18T20:17:35.574+0000] {logging_mixin.py:188} INFO - [2025-10-18T20:17:35.573+0000] {dagbag.py:545} INFO - Filling up the DagBag from /opt/airflow/dags/weather_pipeline_dag.py
[2025-10-18T20:17:35.742+0000] {processor.py:840} INFO - DAG(s) 'weather_pipeline' retrieved from /opt/airflow/dags/weather_pipeline_dag.py
[2025-10-18T20:17:36.100+0000] {logging_mixin.py:188} INFO - [2025-10-18T20:17:36.099+0000] {dag.py:3089} INFO - Sync 1 DAGs
[2025-10-18T20:17:36.124+0000] {logging_mixin.py:188} INFO - [2025-10-18T20:17:36.124+0000] {dag.py:3947} INFO - Setting next_dagrun for weather_pipeline to 2025-10-19 00:00:00+00:00, run_after=2025-10-19 00:10:00+00:00
[2025-10-18T20:17:36.148+0000] {processor.py:183} INFO - Processing /opt/airflow/dags/weather_pipeline_dag.py took 0.608 seconds
[2025-10-18T20:18:06.666+0000] {processor.py:161} INFO - Started process (PID=2305) to work on /opt/airflow/dags/weather_pipeline_dag.py
[2025-10-18T20:18:06.668+0000] {processor.py:830} INFO - Processing file /opt/airflow/dags/weather_pipeline_dag.py for tasks to queue
[2025-10-18T20:18:06.670+0000] {logging_mixin.py:188} INFO - [2025-10-18T20:18:06.669+0000] {dagbag.py:545} INFO - Filling up the DagBag from /opt/airflow/dags/weather_pipeline_dag.py
[2025-10-18T20:18:06.694+0000] {processor.py:840} INFO - DAG(s) 'weather_pipeline' retrieved from /opt/airflow/dags/weather_pipeline_dag.py
[2025-10-18T20:18:06.723+0000] {logging_mixin.py:188} INFO - [2025-10-18T20:18:06.723+0000] {dag.py:3089} INFO - Sync 1 DAGs
[2025-10-18T20:18:06.737+0000] {logging_mixin.py:188} INFO - [2025-10-18T20:18:06.737+0000] {dag.py:3947} INFO - Setting next_dagrun for weather_pipeline to 2025-10-19 00:00:00+00:00, run_after=2025-10-19 00:10:00+00:00
[2025-10-18T20:18:06.745+0000] {processor.py:183} INFO - Processing /opt/airflow/dags/weather_pipeline_dag.py took 0.092 seconds
[2025-10-18T20:18:37.449+0000] {processor.py:161} INFO - Started process (PID=2325) to work on /opt/airflow/dags/weather_pipeline_dag.py
[2025-10-18T20:18:37.451+0000] {processor.py:830} INFO - Processing file /opt/airflow/dags/weather_pipeline_dag.py for tasks to queue
[2025-10-18T20:18:37.453+0000] {logging_mixin.py:188} INFO - [2025-10-18T20:18:37.453+0000] {dagbag.py:545} INFO - Filling up the DagBag from /opt/airflow/dags/weather_pipeline_dag.py
[2025-10-18T20:18:37.465+0000] {processor.py:840} INFO - DAG(s) 'weather_pipeline' retrieved from /opt/airflow/dags/weather_pipeline_dag.py
[2025-10-18T20:18:37.539+0000] {logging_mixin.py:188} INFO - [2025-10-18T20:18:37.539+0000] {dag.py:3089} INFO - Sync 1 DAGs
[2025-10-18T20:18:37.555+0000] {logging_mixin.py:188} INFO - [2025-10-18T20:18:37.554+0000] {dag.py:3947} INFO - Setting next_dagrun for weather_pipeline to 2025-10-19 00:00:00+00:00, run_after=2025-10-19 00:10:00+00:00
[2025-10-18T20:18:37.569+0000] {processor.py:183} INFO - Processing /opt/airflow/dags/weather_pipeline_dag.py took 0.129 seconds
[2025-10-18T20:19:07.915+0000] {processor.py:161} INFO - Started process (PID=2345) to work on /opt/airflow/dags/weather_pipeline_dag.py
[2025-10-18T20:19:07.916+0000] {processor.py:830} INFO - Processing file /opt/airflow/dags/weather_pipeline_dag.py for tasks to queue
[2025-10-18T20:19:07.917+0000] {logging_mixin.py:188} INFO - [2025-10-18T20:19:07.917+0000] {dagbag.py:545} INFO - Filling up the DagBag from /opt/airflow/dags/weather_pipeline_dag.py
[2025-10-18T20:19:07.927+0000] {processor.py:840} INFO - DAG(s) 'weather_pipeline' retrieved from /opt/airflow/dags/weather_pipeline_dag.py
[2025-10-18T20:19:07.945+0000] {logging_mixin.py:188} INFO - [2025-10-18T20:19:07.945+0000] {dag.py:3089} INFO - Sync 1 DAGs
[2025-10-18T20:19:07.955+0000] {logging_mixin.py:188} INFO - [2025-10-18T20:19:07.954+0000] {dag.py:3947} INFO - Setting next_dagrun for weather_pipeline to 2025-10-19 00:00:00+00:00, run_after=2025-10-19 00:10:00+00:00
[2025-10-18T20:19:07.962+0000] {processor.py:183} INFO - Processing /opt/airflow/dags/weather_pipeline_dag.py took 0.053 seconds
[2025-10-18T20:19:38.450+0000] {processor.py:161} INFO - Started process (PID=2365) to work on /opt/airflow/dags/weather_pipeline_dag.py
[2025-10-18T20:19:38.452+0000] {processor.py:830} INFO - Processing file /opt/airflow/dags/weather_pipeline_dag.py for tasks to queue
[2025-10-18T20:19:38.454+0000] {logging_mixin.py:188} INFO - [2025-10-18T20:19:38.454+0000] {dagbag.py:545} INFO - Filling up the DagBag from /opt/airflow/dags/weather_pipeline_dag.py
[2025-10-18T20:19:38.466+0000] {processor.py:840} INFO - DAG(s) 'weather_pipeline' retrieved from /opt/airflow/dags/weather_pipeline_dag.py
[2025-10-18T20:19:38.558+0000] {logging_mixin.py:188} INFO - [2025-10-18T20:19:38.558+0000] {dag.py:3089} INFO - Sync 1 DAGs
[2025-10-18T20:19:38.569+0000] {logging_mixin.py:188} INFO - [2025-10-18T20:19:38.569+0000] {dag.py:3947} INFO - Setting next_dagrun for weather_pipeline to 2025-10-19 00:00:00+00:00, run_after=2025-10-19 00:10:00+00:00
[2025-10-18T20:19:38.579+0000] {processor.py:183} INFO - Processing /opt/airflow/dags/weather_pipeline_dag.py took 0.137 seconds
[2025-10-18T20:20:09.121+0000] {processor.py:161} INFO - Started process (PID=2385) to work on /opt/airflow/dags/weather_pipeline_dag.py
[2025-10-18T20:20:09.123+0000] {processor.py:830} INFO - Processing file /opt/airflow/dags/weather_pipeline_dag.py for tasks to queue
[2025-10-18T20:20:09.125+0000] {logging_mixin.py:188} INFO - [2025-10-18T20:20:09.124+0000] {dagbag.py:545} INFO - Filling up the DagBag from /opt/airflow/dags/weather_pipeline_dag.py
[2025-10-18T20:20:09.136+0000] {processor.py:840} INFO - DAG(s) 'weather_pipeline' retrieved from /opt/airflow/dags/weather_pipeline_dag.py
[2025-10-18T20:20:09.162+0000] {logging_mixin.py:188} INFO - [2025-10-18T20:20:09.162+0000] {dag.py:3089} INFO - Sync 1 DAGs
[2025-10-18T20:20:09.174+0000] {logging_mixin.py:188} INFO - [2025-10-18T20:20:09.174+0000] {dag.py:3947} INFO - Setting next_dagrun for weather_pipeline to 2025-10-19 00:00:00+00:00, run_after=2025-10-19 00:10:00+00:00
[2025-10-18T20:20:09.182+0000] {processor.py:183} INFO - Processing /opt/airflow/dags/weather_pipeline_dag.py took 0.067 seconds
[2025-10-18T20:20:39.789+0000] {processor.py:161} INFO - Started process (PID=2405) to work on /opt/airflow/dags/weather_pipeline_dag.py
[2025-10-18T20:20:39.792+0000] {processor.py:830} INFO - Processing file /opt/airflow/dags/weather_pipeline_dag.py for tasks to queue
[2025-10-18T20:20:39.795+0000] {logging_mixin.py:188} INFO - [2025-10-18T20:20:39.794+0000] {dagbag.py:545} INFO - Filling up the DagBag from /opt/airflow/dags/weather_pipeline_dag.py
[2025-10-18T20:20:39.817+0000] {processor.py:840} INFO - DAG(s) 'weather_pipeline' retrieved from /opt/airflow/dags/weather_pipeline_dag.py
[2025-10-18T20:20:39.917+0000] {logging_mixin.py:188} INFO - [2025-10-18T20:20:39.917+0000] {dag.py:3089} INFO - Sync 1 DAGs
[2025-10-18T20:20:39.929+0000] {logging_mixin.py:188} INFO - [2025-10-18T20:20:39.929+0000] {dag.py:3947} INFO - Setting next_dagrun for weather_pipeline to 2025-10-19 00:00:00+00:00, run_after=2025-10-19 00:10:00+00:00
[2025-10-18T20:20:39.938+0000] {processor.py:183} INFO - Processing /opt/airflow/dags/weather_pipeline_dag.py took 0.161 seconds
[2025-10-18T20:21:10.484+0000] {processor.py:161} INFO - Started process (PID=2425) to work on /opt/airflow/dags/weather_pipeline_dag.py
[2025-10-18T20:21:10.486+0000] {processor.py:830} INFO - Processing file /opt/airflow/dags/weather_pipeline_dag.py for tasks to queue
[2025-10-18T20:21:10.489+0000] {logging_mixin.py:188} INFO - [2025-10-18T20:21:10.489+0000] {dagbag.py:545} INFO - Filling up the DagBag from /opt/airflow/dags/weather_pipeline_dag.py
[2025-10-18T20:21:10.502+0000] {processor.py:840} INFO - DAG(s) 'weather_pipeline' retrieved from /opt/airflow/dags/weather_pipeline_dag.py
[2025-10-18T20:21:10.536+0000] {logging_mixin.py:188} INFO - [2025-10-18T20:21:10.535+0000] {dag.py:3089} INFO - Sync 1 DAGs
[2025-10-18T20:21:10.556+0000] {logging_mixin.py:188} INFO - [2025-10-18T20:21:10.556+0000] {dag.py:3947} INFO - Setting next_dagrun for weather_pipeline to 2025-10-19 00:00:00+00:00, run_after=2025-10-19 00:10:00+00:00
[2025-10-18T20:21:10.568+0000] {processor.py:183} INFO - Processing /opt/airflow/dags/weather_pipeline_dag.py took 0.093 seconds
[2025-10-18T20:21:41.169+0000] {processor.py:161} INFO - Started process (PID=2445) to work on /opt/airflow/dags/weather_pipeline_dag.py
[2025-10-18T20:21:41.170+0000] {processor.py:830} INFO - Processing file /opt/airflow/dags/weather_pipeline_dag.py for tasks to queue
[2025-10-18T20:21:41.173+0000] {logging_mixin.py:188} INFO - [2025-10-18T20:21:41.172+0000] {dagbag.py:545} INFO - Filling up the DagBag from /opt/airflow/dags/weather_pipeline_dag.py
[2025-10-18T20:21:41.189+0000] {processor.py:840} INFO - DAG(s) 'weather_pipeline' retrieved from /opt/airflow/dags/weather_pipeline_dag.py
[2025-10-18T20:21:41.286+0000] {logging_mixin.py:188} INFO - [2025-10-18T20:21:41.286+0000] {dag.py:3089} INFO - Sync 1 DAGs
[2025-10-18T20:21:41.297+0000] {logging_mixin.py:188} INFO - [2025-10-18T20:21:41.297+0000] {dag.py:3947} INFO - Setting next_dagrun for weather_pipeline to 2025-10-19 00:00:00+00:00, run_after=2025-10-19 00:10:00+00:00
[2025-10-18T20:21:41.305+0000] {processor.py:183} INFO - Processing /opt/airflow/dags/weather_pipeline_dag.py took 0.147 seconds
[2025-10-18T20:22:11.704+0000] {processor.py:161} INFO - Started process (PID=2465) to work on /opt/airflow/dags/weather_pipeline_dag.py
[2025-10-18T20:22:11.712+0000] {processor.py:830} INFO - Processing file /opt/airflow/dags/weather_pipeline_dag.py for tasks to queue
[2025-10-18T20:22:11.719+0000] {logging_mixin.py:188} INFO - [2025-10-18T20:22:11.719+0000] {dagbag.py:545} INFO - Filling up the DagBag from /opt/airflow/dags/weather_pipeline_dag.py
[2025-10-18T20:22:11.771+0000] {processor.py:840} INFO - DAG(s) 'weather_pipeline' retrieved from /opt/airflow/dags/weather_pipeline_dag.py
[2025-10-18T20:22:11.810+0000] {logging_mixin.py:188} INFO - [2025-10-18T20:22:11.810+0000] {dag.py:3089} INFO - Sync 1 DAGs
[2025-10-18T20:22:11.826+0000] {logging_mixin.py:188} INFO - [2025-10-18T20:22:11.826+0000] {dag.py:3947} INFO - Setting next_dagrun for weather_pipeline to 2025-10-19 00:00:00+00:00, run_after=2025-10-19 00:10:00+00:00
[2025-10-18T20:22:11.845+0000] {processor.py:183} INFO - Processing /opt/airflow/dags/weather_pipeline_dag.py took 0.154 seconds
[2025-10-18T20:22:42.422+0000] {processor.py:161} INFO - Started process (PID=2485) to work on /opt/airflow/dags/weather_pipeline_dag.py
[2025-10-18T20:22:42.423+0000] {processor.py:830} INFO - Processing file /opt/airflow/dags/weather_pipeline_dag.py for tasks to queue
[2025-10-18T20:22:42.426+0000] {logging_mixin.py:188} INFO - [2025-10-18T20:22:42.425+0000] {dagbag.py:545} INFO - Filling up the DagBag from /opt/airflow/dags/weather_pipeline_dag.py
[2025-10-18T20:22:42.441+0000] {processor.py:840} INFO - DAG(s) 'weather_pipeline' retrieved from /opt/airflow/dags/weather_pipeline_dag.py
[2025-10-18T20:22:42.545+0000] {logging_mixin.py:188} INFO - [2025-10-18T20:22:42.545+0000] {dag.py:3089} INFO - Sync 1 DAGs
[2025-10-18T20:22:42.554+0000] {logging_mixin.py:188} INFO - [2025-10-18T20:22:42.554+0000] {dag.py:3947} INFO - Setting next_dagrun for weather_pipeline to 2025-10-19 00:00:00+00:00, run_after=2025-10-19 00:10:00+00:00
[2025-10-18T20:22:42.563+0000] {processor.py:183} INFO - Processing /opt/airflow/dags/weather_pipeline_dag.py took 0.153 seconds
[2025-10-18T20:23:13.037+0000] {processor.py:161} INFO - Started process (PID=2505) to work on /opt/airflow/dags/weather_pipeline_dag.py
[2025-10-18T20:23:13.038+0000] {processor.py:830} INFO - Processing file /opt/airflow/dags/weather_pipeline_dag.py for tasks to queue
[2025-10-18T20:23:13.041+0000] {logging_mixin.py:188} INFO - [2025-10-18T20:23:13.040+0000] {dagbag.py:545} INFO - Filling up the DagBag from /opt/airflow/dags/weather_pipeline_dag.py
[2025-10-18T20:23:13.062+0000] {processor.py:840} INFO - DAG(s) 'weather_pipeline' retrieved from /opt/airflow/dags/weather_pipeline_dag.py
[2025-10-18T20:23:13.097+0000] {logging_mixin.py:188} INFO - [2025-10-18T20:23:13.097+0000] {dag.py:3089} INFO - Sync 1 DAGs
[2025-10-18T20:23:13.117+0000] {logging_mixin.py:188} INFO - [2025-10-18T20:23:13.117+0000] {dag.py:3947} INFO - Setting next_dagrun for weather_pipeline to 2025-10-19 00:00:00+00:00, run_after=2025-10-19 00:10:00+00:00
[2025-10-18T20:23:13.126+0000] {processor.py:183} INFO - Processing /opt/airflow/dags/weather_pipeline_dag.py took 0.094 seconds
[2025-10-18T20:23:43.624+0000] {processor.py:161} INFO - Started process (PID=2525) to work on /opt/airflow/dags/weather_pipeline_dag.py
[2025-10-18T20:23:43.626+0000] {processor.py:830} INFO - Processing file /opt/airflow/dags/weather_pipeline_dag.py for tasks to queue
[2025-10-18T20:23:43.627+0000] {logging_mixin.py:188} INFO - [2025-10-18T20:23:43.627+0000] {dagbag.py:545} INFO - Filling up the DagBag from /opt/airflow/dags/weather_pipeline_dag.py
[2025-10-18T20:23:43.650+0000] {processor.py:840} INFO - DAG(s) 'weather_pipeline' retrieved from /opt/airflow/dags/weather_pipeline_dag.py
[2025-10-18T20:23:43.756+0000] {logging_mixin.py:188} INFO - [2025-10-18T20:23:43.756+0000] {dag.py:3089} INFO - Sync 1 DAGs
[2025-10-18T20:23:43.772+0000] {logging_mixin.py:188} INFO - [2025-10-18T20:23:43.771+0000] {dag.py:3947} INFO - Setting next_dagrun for weather_pipeline to 2025-10-19 00:00:00+00:00, run_after=2025-10-19 00:10:00+00:00
[2025-10-18T20:23:43.797+0000] {processor.py:183} INFO - Processing /opt/airflow/dags/weather_pipeline_dag.py took 0.182 seconds
[2025-10-18T20:24:14.181+0000] {processor.py:161} INFO - Started process (PID=2553) to work on /opt/airflow/dags/weather_pipeline_dag.py
[2025-10-18T20:24:14.183+0000] {processor.py:830} INFO - Processing file /opt/airflow/dags/weather_pipeline_dag.py for tasks to queue
[2025-10-18T20:24:14.186+0000] {logging_mixin.py:188} INFO - [2025-10-18T20:24:14.185+0000] {dagbag.py:545} INFO - Filling up the DagBag from /opt/airflow/dags/weather_pipeline_dag.py
[2025-10-18T20:24:14.203+0000] {processor.py:840} INFO - DAG(s) 'weather_pipeline' retrieved from /opt/airflow/dags/weather_pipeline_dag.py
[2025-10-18T20:24:14.240+0000] {logging_mixin.py:188} INFO - [2025-10-18T20:24:14.240+0000] {dag.py:3089} INFO - Sync 1 DAGs
[2025-10-18T20:24:14.284+0000] {logging_mixin.py:188} INFO - [2025-10-18T20:24:14.284+0000] {dag.py:3947} INFO - Setting next_dagrun for weather_pipeline to 2025-10-19 00:00:00+00:00, run_after=2025-10-19 00:10:00+00:00
[2025-10-18T20:24:14.326+0000] {processor.py:183} INFO - Processing /opt/airflow/dags/weather_pipeline_dag.py took 0.162 seconds
[2025-10-18T20:24:20.606+0000] {processor.py:161} INFO - Started process (PID=2722) to work on /opt/airflow/dags/weather_pipeline_dag.py
[2025-10-18T20:24:20.612+0000] {processor.py:830} INFO - Processing file /opt/airflow/dags/weather_pipeline_dag.py for tasks to queue
[2025-10-18T20:24:20.621+0000] {logging_mixin.py:188} INFO - [2025-10-18T20:24:20.619+0000] {dagbag.py:545} INFO - Filling up the DagBag from /opt/airflow/dags/weather_pipeline_dag.py
[2025-10-18T20:24:20.661+0000] {processor.py:840} INFO - DAG(s) 'weather_pipeline' retrieved from /opt/airflow/dags/weather_pipeline_dag.py
[2025-10-18T20:24:20.720+0000] {logging_mixin.py:188} INFO - [2025-10-18T20:24:20.720+0000] {dag.py:3089} INFO - Sync 1 DAGs
[2025-10-18T20:24:20.781+0000] {logging_mixin.py:188} INFO - [2025-10-18T20:24:20.781+0000] {dag.py:3947} INFO - Setting next_dagrun for weather_pipeline to 2025-10-19 00:00:00+00:00, run_after=2025-10-19 00:10:00+00:00
[2025-10-18T20:24:20.794+0000] {processor.py:183} INFO - Processing /opt/airflow/dags/weather_pipeline_dag.py took 0.212 seconds
[2025-10-18T20:24:44.876+0000] {processor.py:161} INFO - Started process (PID=2743) to work on /opt/airflow/dags/weather_pipeline_dag.py
[2025-10-18T20:24:44.877+0000] {processor.py:830} INFO - Processing file /opt/airflow/dags/weather_pipeline_dag.py for tasks to queue
[2025-10-18T20:24:44.881+0000] {logging_mixin.py:188} INFO - [2025-10-18T20:24:44.881+0000] {dagbag.py:545} INFO - Filling up the DagBag from /opt/airflow/dags/weather_pipeline_dag.py
[2025-10-18T20:24:44.897+0000] {processor.py:840} INFO - DAG(s) 'weather_pipeline' retrieved from /opt/airflow/dags/weather_pipeline_dag.py
[2025-10-18T20:24:45.038+0000] {logging_mixin.py:188} INFO - [2025-10-18T20:24:45.037+0000] {dag.py:3089} INFO - Sync 1 DAGs
[2025-10-18T20:24:45.055+0000] {logging_mixin.py:188} INFO - [2025-10-18T20:24:45.054+0000] {dag.py:3947} INFO - Setting next_dagrun for weather_pipeline to 2025-10-19 00:00:00+00:00, run_after=2025-10-19 00:10:00+00:00
[2025-10-18T20:24:45.071+0000] {processor.py:183} INFO - Processing /opt/airflow/dags/weather_pipeline_dag.py took 0.204 seconds
[2025-10-18T20:24:51.269+0000] {processor.py:161} INFO - Started process (PID=2763) to work on /opt/airflow/dags/weather_pipeline_dag.py
[2025-10-18T20:24:51.272+0000] {processor.py:830} INFO - Processing file /opt/airflow/dags/weather_pipeline_dag.py for tasks to queue
[2025-10-18T20:24:51.279+0000] {logging_mixin.py:188} INFO - [2025-10-18T20:24:51.279+0000] {dagbag.py:545} INFO - Filling up the DagBag from /opt/airflow/dags/weather_pipeline_dag.py
[2025-10-18T20:24:51.303+0000] {processor.py:840} INFO - DAG(s) 'weather_pipeline' retrieved from /opt/airflow/dags/weather_pipeline_dag.py
[2025-10-18T20:24:51.320+0000] {logging_mixin.py:188} INFO - [2025-10-18T20:24:51.320+0000] {dag.py:3089} INFO - Sync 1 DAGs
[2025-10-18T20:24:51.342+0000] {logging_mixin.py:188} INFO - [2025-10-18T20:24:51.342+0000] {dag.py:3947} INFO - Setting next_dagrun for weather_pipeline to 2025-10-19 00:00:00+00:00, run_after=2025-10-19 00:10:00+00:00
[2025-10-18T20:24:51.356+0000] {processor.py:183} INFO - Processing /opt/airflow/dags/weather_pipeline_dag.py took 0.112 seconds
[2025-10-18T20:25:15.539+0000] {processor.py:161} INFO - Started process (PID=2783) to work on /opt/airflow/dags/weather_pipeline_dag.py
[2025-10-18T20:25:15.540+0000] {processor.py:830} INFO - Processing file /opt/airflow/dags/weather_pipeline_dag.py for tasks to queue
[2025-10-18T20:25:15.547+0000] {logging_mixin.py:188} INFO - [2025-10-18T20:25:15.547+0000] {dagbag.py:545} INFO - Filling up the DagBag from /opt/airflow/dags/weather_pipeline_dag.py
[2025-10-18T20:25:15.566+0000] {processor.py:840} INFO - DAG(s) 'weather_pipeline' retrieved from /opt/airflow/dags/weather_pipeline_dag.py
[2025-10-18T20:25:15.597+0000] {logging_mixin.py:188} INFO - [2025-10-18T20:25:15.597+0000] {dag.py:3089} INFO - Sync 1 DAGs
[2025-10-18T20:25:15.616+0000] {logging_mixin.py:188} INFO - [2025-10-18T20:25:15.616+0000] {dag.py:3947} INFO - Setting next_dagrun for weather_pipeline to 2025-10-19 00:00:00+00:00, run_after=2025-10-19 00:10:00+00:00
[2025-10-18T20:25:15.626+0000] {processor.py:183} INFO - Processing /opt/airflow/dags/weather_pipeline_dag.py took 0.097 seconds
[2025-10-18T20:25:22.014+0000] {processor.py:161} INFO - Started process (PID=2803) to work on /opt/airflow/dags/weather_pipeline_dag.py
[2025-10-18T20:25:22.015+0000] {processor.py:830} INFO - Processing file /opt/airflow/dags/weather_pipeline_dag.py for tasks to queue
[2025-10-18T20:25:22.018+0000] {logging_mixin.py:188} INFO - [2025-10-18T20:25:22.017+0000] {dagbag.py:545} INFO - Filling up the DagBag from /opt/airflow/dags/weather_pipeline_dag.py
[2025-10-18T20:25:22.038+0000] {processor.py:840} INFO - DAG(s) 'weather_pipeline' retrieved from /opt/airflow/dags/weather_pipeline_dag.py
[2025-10-18T20:25:22.060+0000] {logging_mixin.py:188} INFO - [2025-10-18T20:25:22.060+0000] {dag.py:3089} INFO - Sync 1 DAGs
[2025-10-18T20:25:22.091+0000] {logging_mixin.py:188} INFO - [2025-10-18T20:25:22.090+0000] {dag.py:3947} INFO - Setting next_dagrun for weather_pipeline to 2025-10-19 00:00:00+00:00, run_after=2025-10-19 00:10:00+00:00
[2025-10-18T20:25:22.105+0000] {processor.py:183} INFO - Processing /opt/airflow/dags/weather_pipeline_dag.py took 0.101 seconds
[2025-10-18T20:25:46.181+0000] {processor.py:161} INFO - Started process (PID=2823) to work on /opt/airflow/dags/weather_pipeline_dag.py
[2025-10-18T20:25:46.184+0000] {processor.py:830} INFO - Processing file /opt/airflow/dags/weather_pipeline_dag.py for tasks to queue
[2025-10-18T20:25:46.188+0000] {logging_mixin.py:188} INFO - [2025-10-18T20:25:46.188+0000] {dagbag.py:545} INFO - Filling up the DagBag from /opt/airflow/dags/weather_pipeline_dag.py
[2025-10-18T20:25:46.204+0000] {processor.py:840} INFO - DAG(s) 'weather_pipeline' retrieved from /opt/airflow/dags/weather_pipeline_dag.py
[2025-10-18T20:25:46.309+0000] {logging_mixin.py:188} INFO - [2025-10-18T20:25:46.309+0000] {dag.py:3089} INFO - Sync 1 DAGs
[2025-10-18T20:25:46.323+0000] {logging_mixin.py:188} INFO - [2025-10-18T20:25:46.323+0000] {dag.py:3947} INFO - Setting next_dagrun for weather_pipeline to 2025-10-19 00:00:00+00:00, run_after=2025-10-19 00:10:00+00:00
[2025-10-18T20:25:46.341+0000] {processor.py:183} INFO - Processing /opt/airflow/dags/weather_pipeline_dag.py took 0.173 seconds
[2025-10-18T20:25:52.459+0000] {processor.py:161} INFO - Started process (PID=2844) to work on /opt/airflow/dags/weather_pipeline_dag.py
[2025-10-18T20:25:52.460+0000] {processor.py:830} INFO - Processing file /opt/airflow/dags/weather_pipeline_dag.py for tasks to queue
[2025-10-18T20:25:52.462+0000] {logging_mixin.py:188} INFO - [2025-10-18T20:25:52.462+0000] {dagbag.py:545} INFO - Filling up the DagBag from /opt/airflow/dags/weather_pipeline_dag.py
[2025-10-18T20:25:52.479+0000] {processor.py:840} INFO - DAG(s) 'weather_pipeline' retrieved from /opt/airflow/dags/weather_pipeline_dag.py
[2025-10-18T20:25:52.500+0000] {logging_mixin.py:188} INFO - [2025-10-18T20:25:52.500+0000] {dag.py:3089} INFO - Sync 1 DAGs
[2025-10-18T20:25:52.521+0000] {logging_mixin.py:188} INFO - [2025-10-18T20:25:52.521+0000] {dag.py:3947} INFO - Setting next_dagrun for weather_pipeline to 2025-10-19 00:00:00+00:00, run_after=2025-10-19 00:10:00+00:00
[2025-10-18T20:25:52.531+0000] {processor.py:183} INFO - Processing /opt/airflow/dags/weather_pipeline_dag.py took 0.080 seconds
[2025-10-18T20:26:16.724+0000] {processor.py:161} INFO - Started process (PID=2864) to work on /opt/airflow/dags/weather_pipeline_dag.py
[2025-10-18T20:26:16.725+0000] {processor.py:830} INFO - Processing file /opt/airflow/dags/weather_pipeline_dag.py for tasks to queue
[2025-10-18T20:26:16.728+0000] {logging_mixin.py:188} INFO - [2025-10-18T20:26:16.727+0000] {dagbag.py:545} INFO - Filling up the DagBag from /opt/airflow/dags/weather_pipeline_dag.py
[2025-10-18T20:26:16.745+0000] {processor.py:840} INFO - DAG(s) 'weather_pipeline' retrieved from /opt/airflow/dags/weather_pipeline_dag.py
[2025-10-18T20:26:16.779+0000] {logging_mixin.py:188} INFO - [2025-10-18T20:26:16.779+0000] {dag.py:3089} INFO - Sync 1 DAGs
[2025-10-18T20:26:16.797+0000] {logging_mixin.py:188} INFO - [2025-10-18T20:26:16.797+0000] {dag.py:3947} INFO - Setting next_dagrun for weather_pipeline to 2025-10-19 00:00:00+00:00, run_after=2025-10-19 00:10:00+00:00
[2025-10-18T20:26:16.813+0000] {processor.py:183} INFO - Processing /opt/airflow/dags/weather_pipeline_dag.py took 0.097 seconds
[2025-10-18T20:26:23.150+0000] {processor.py:161} INFO - Started process (PID=2884) to work on /opt/airflow/dags/weather_pipeline_dag.py
[2025-10-18T20:26:23.153+0000] {processor.py:830} INFO - Processing file /opt/airflow/dags/weather_pipeline_dag.py for tasks to queue
[2025-10-18T20:26:23.163+0000] {logging_mixin.py:188} INFO - [2025-10-18T20:26:23.163+0000] {dagbag.py:545} INFO - Filling up the DagBag from /opt/airflow/dags/weather_pipeline_dag.py
[2025-10-18T20:26:23.202+0000] {processor.py:840} INFO - DAG(s) 'weather_pipeline' retrieved from /opt/airflow/dags/weather_pipeline_dag.py
[2025-10-18T20:26:23.256+0000] {logging_mixin.py:188} INFO - [2025-10-18T20:26:23.256+0000] {dag.py:3089} INFO - Sync 1 DAGs
[2025-10-18T20:26:23.316+0000] {logging_mixin.py:188} INFO - [2025-10-18T20:26:23.316+0000] {dag.py:3947} INFO - Setting next_dagrun for weather_pipeline to 2025-10-19 00:00:00+00:00, run_after=2025-10-19 00:10:00+00:00
[2025-10-18T20:26:23.330+0000] {processor.py:183} INFO - Processing /opt/airflow/dags/weather_pipeline_dag.py took 0.198 seconds
[2025-10-18T20:26:47.435+0000] {processor.py:161} INFO - Started process (PID=2905) to work on /opt/airflow/dags/weather_pipeline_dag.py
[2025-10-18T20:26:47.440+0000] {processor.py:830} INFO - Processing file /opt/airflow/dags/weather_pipeline_dag.py for tasks to queue
[2025-10-18T20:26:47.445+0000] {logging_mixin.py:188} INFO - [2025-10-18T20:26:47.444+0000] {dagbag.py:545} INFO - Filling up the DagBag from /opt/airflow/dags/weather_pipeline_dag.py
[2025-10-18T20:26:47.463+0000] {processor.py:840} INFO - DAG(s) 'weather_pipeline' retrieved from /opt/airflow/dags/weather_pipeline_dag.py
[2025-10-18T20:26:47.559+0000] {logging_mixin.py:188} INFO - [2025-10-18T20:26:47.559+0000] {dag.py:3089} INFO - Sync 1 DAGs
[2025-10-18T20:26:47.571+0000] {logging_mixin.py:188} INFO - [2025-10-18T20:26:47.571+0000] {dag.py:3947} INFO - Setting next_dagrun for weather_pipeline to 2025-10-19 00:00:00+00:00, run_after=2025-10-19 00:10:00+00:00
[2025-10-18T20:26:47.583+0000] {processor.py:183} INFO - Processing /opt/airflow/dags/weather_pipeline_dag.py took 0.160 seconds
[2025-10-18T20:26:53.705+0000] {processor.py:161} INFO - Started process (PID=2925) to work on /opt/airflow/dags/weather_pipeline_dag.py
[2025-10-18T20:26:53.706+0000] {processor.py:830} INFO - Processing file /opt/airflow/dags/weather_pipeline_dag.py for tasks to queue
[2025-10-18T20:26:53.709+0000] {logging_mixin.py:188} INFO - [2025-10-18T20:26:53.708+0000] {dagbag.py:545} INFO - Filling up the DagBag from /opt/airflow/dags/weather_pipeline_dag.py
[2025-10-18T20:26:53.725+0000] {processor.py:840} INFO - DAG(s) 'weather_pipeline' retrieved from /opt/airflow/dags/weather_pipeline_dag.py
[2025-10-18T20:26:53.738+0000] {logging_mixin.py:188} INFO - [2025-10-18T20:26:53.738+0000] {dag.py:3089} INFO - Sync 1 DAGs
[2025-10-18T20:26:53.750+0000] {logging_mixin.py:188} INFO - [2025-10-18T20:26:53.750+0000] {dag.py:3947} INFO - Setting next_dagrun for weather_pipeline to 2025-10-19 00:00:00+00:00, run_after=2025-10-19 00:10:00+00:00
[2025-10-18T20:26:53.760+0000] {processor.py:183} INFO - Processing /opt/airflow/dags/weather_pipeline_dag.py took 0.062 seconds
[2025-10-18T20:27:18.037+0000] {processor.py:161} INFO - Started process (PID=2945) to work on /opt/airflow/dags/weather_pipeline_dag.py
[2025-10-18T20:27:18.039+0000] {processor.py:830} INFO - Processing file /opt/airflow/dags/weather_pipeline_dag.py for tasks to queue
[2025-10-18T20:27:18.041+0000] {logging_mixin.py:188} INFO - [2025-10-18T20:27:18.041+0000] {dagbag.py:545} INFO - Filling up the DagBag from /opt/airflow/dags/weather_pipeline_dag.py
[2025-10-18T20:27:18.060+0000] {processor.py:840} INFO - DAG(s) 'weather_pipeline' retrieved from /opt/airflow/dags/weather_pipeline_dag.py
[2025-10-18T20:27:18.105+0000] {logging_mixin.py:188} INFO - [2025-10-18T20:27:18.105+0000] {dag.py:3089} INFO - Sync 1 DAGs
[2025-10-18T20:27:18.130+0000] {logging_mixin.py:188} INFO - [2025-10-18T20:27:18.130+0000] {dag.py:3947} INFO - Setting next_dagrun for weather_pipeline to 2025-10-19 00:00:00+00:00, run_after=2025-10-19 00:10:00+00:00
[2025-10-18T20:27:18.146+0000] {processor.py:183} INFO - Processing /opt/airflow/dags/weather_pipeline_dag.py took 0.126 seconds
[2025-10-18T20:27:24.219+0000] {processor.py:161} INFO - Started process (PID=2965) to work on /opt/airflow/dags/weather_pipeline_dag.py
[2025-10-18T20:27:24.219+0000] {processor.py:830} INFO - Processing file /opt/airflow/dags/weather_pipeline_dag.py for tasks to queue
[2025-10-18T20:27:24.221+0000] {logging_mixin.py:188} INFO - [2025-10-18T20:27:24.221+0000] {dagbag.py:545} INFO - Filling up the DagBag from /opt/airflow/dags/weather_pipeline_dag.py
[2025-10-18T20:27:24.234+0000] {processor.py:840} INFO - DAG(s) 'weather_pipeline' retrieved from /opt/airflow/dags/weather_pipeline_dag.py
[2025-10-18T20:27:24.245+0000] {logging_mixin.py:188} INFO - [2025-10-18T20:27:24.245+0000] {dag.py:3089} INFO - Sync 1 DAGs
[2025-10-18T20:27:24.270+0000] {logging_mixin.py:188} INFO - [2025-10-18T20:27:24.270+0000] {dag.py:3947} INFO - Setting next_dagrun for weather_pipeline to 2025-10-19 00:00:00+00:00, run_after=2025-10-19 00:10:00+00:00
[2025-10-18T20:27:24.280+0000] {processor.py:183} INFO - Processing /opt/airflow/dags/weather_pipeline_dag.py took 0.069 seconds
[2025-10-18T20:27:48.721+0000] {processor.py:161} INFO - Started process (PID=2985) to work on /opt/airflow/dags/weather_pipeline_dag.py
[2025-10-18T20:27:48.724+0000] {processor.py:830} INFO - Processing file /opt/airflow/dags/weather_pipeline_dag.py for tasks to queue
[2025-10-18T20:27:48.726+0000] {logging_mixin.py:188} INFO - [2025-10-18T20:27:48.726+0000] {dagbag.py:545} INFO - Filling up the DagBag from /opt/airflow/dags/weather_pipeline_dag.py
[2025-10-18T20:27:48.744+0000] {processor.py:840} INFO - DAG(s) 'weather_pipeline' retrieved from /opt/airflow/dags/weather_pipeline_dag.py
[2025-10-18T20:27:48.833+0000] {logging_mixin.py:188} INFO - [2025-10-18T20:27:48.833+0000] {dag.py:3089} INFO - Sync 1 DAGs
[2025-10-18T20:27:48.846+0000] {logging_mixin.py:188} INFO - [2025-10-18T20:27:48.846+0000] {dag.py:3947} INFO - Setting next_dagrun for weather_pipeline to 2025-10-19 00:00:00+00:00, run_after=2025-10-19 00:10:00+00:00
[2025-10-18T20:27:48.863+0000] {processor.py:183} INFO - Processing /opt/airflow/dags/weather_pipeline_dag.py took 0.156 seconds
[2025-10-18T20:27:54.721+0000] {processor.py:161} INFO - Started process (PID=3005) to work on /opt/airflow/dags/weather_pipeline_dag.py
[2025-10-18T20:27:54.725+0000] {processor.py:830} INFO - Processing file /opt/airflow/dags/weather_pipeline_dag.py for tasks to queue
[2025-10-18T20:27:54.727+0000] {logging_mixin.py:188} INFO - [2025-10-18T20:27:54.727+0000] {dagbag.py:545} INFO - Filling up the DagBag from /opt/airflow/dags/weather_pipeline_dag.py
[2025-10-18T20:27:54.737+0000] {processor.py:840} INFO - DAG(s) 'weather_pipeline' retrieved from /opt/airflow/dags/weather_pipeline_dag.py
[2025-10-18T20:27:54.748+0000] {logging_mixin.py:188} INFO - [2025-10-18T20:27:54.748+0000] {dag.py:3089} INFO - Sync 1 DAGs
[2025-10-18T20:27:54.766+0000] {logging_mixin.py:188} INFO - [2025-10-18T20:27:54.766+0000] {dag.py:3947} INFO - Setting next_dagrun for weather_pipeline to 2025-10-19 00:00:00+00:00, run_after=2025-10-19 00:10:00+00:00
[2025-10-18T20:27:54.775+0000] {processor.py:183} INFO - Processing /opt/airflow/dags/weather_pipeline_dag.py took 0.059 seconds
[2025-10-18T20:28:19.187+0000] {processor.py:161} INFO - Started process (PID=3025) to work on /opt/airflow/dags/weather_pipeline_dag.py
[2025-10-18T20:28:19.188+0000] {processor.py:830} INFO - Processing file /opt/airflow/dags/weather_pipeline_dag.py for tasks to queue
[2025-10-18T20:28:19.191+0000] {logging_mixin.py:188} INFO - [2025-10-18T20:28:19.190+0000] {dagbag.py:545} INFO - Filling up the DagBag from /opt/airflow/dags/weather_pipeline_dag.py
[2025-10-18T20:28:19.203+0000] {processor.py:840} INFO - DAG(s) 'weather_pipeline' retrieved from /opt/airflow/dags/weather_pipeline_dag.py
[2025-10-18T20:28:19.229+0000] {logging_mixin.py:188} INFO - [2025-10-18T20:28:19.229+0000] {dag.py:3089} INFO - Sync 1 DAGs
[2025-10-18T20:28:19.249+0000] {logging_mixin.py:188} INFO - [2025-10-18T20:28:19.249+0000] {dag.py:3947} INFO - Setting next_dagrun for weather_pipeline to 2025-10-19 00:00:00+00:00, run_after=2025-10-19 00:10:00+00:00
[2025-10-18T20:28:19.257+0000] {processor.py:183} INFO - Processing /opt/airflow/dags/weather_pipeline_dag.py took 0.078 seconds
[2025-10-18T20:28:25.106+0000] {processor.py:161} INFO - Started process (PID=3045) to work on /opt/airflow/dags/weather_pipeline_dag.py
[2025-10-18T20:28:25.107+0000] {processor.py:830} INFO - Processing file /opt/airflow/dags/weather_pipeline_dag.py for tasks to queue
[2025-10-18T20:28:25.109+0000] {logging_mixin.py:188} INFO - [2025-10-18T20:28:25.108+0000] {dagbag.py:545} INFO - Filling up the DagBag from /opt/airflow/dags/weather_pipeline_dag.py
[2025-10-18T20:28:25.122+0000] {processor.py:840} INFO - DAG(s) 'weather_pipeline' retrieved from /opt/airflow/dags/weather_pipeline_dag.py
[2025-10-18T20:28:25.134+0000] {logging_mixin.py:188} INFO - [2025-10-18T20:28:25.134+0000] {dag.py:3089} INFO - Sync 1 DAGs
[2025-10-18T20:28:25.151+0000] {logging_mixin.py:188} INFO - [2025-10-18T20:28:25.151+0000] {dag.py:3947} INFO - Setting next_dagrun for weather_pipeline to 2025-10-19 00:00:00+00:00, run_after=2025-10-19 00:10:00+00:00
[2025-10-18T20:28:25.159+0000] {processor.py:183} INFO - Processing /opt/airflow/dags/weather_pipeline_dag.py took 0.059 seconds
[2025-10-18T20:28:49.753+0000] {processor.py:161} INFO - Started process (PID=3065) to work on /opt/airflow/dags/weather_pipeline_dag.py
[2025-10-18T20:28:49.755+0000] {processor.py:830} INFO - Processing file /opt/airflow/dags/weather_pipeline_dag.py for tasks to queue
[2025-10-18T20:28:49.761+0000] {logging_mixin.py:188} INFO - [2025-10-18T20:28:49.760+0000] {dagbag.py:545} INFO - Filling up the DagBag from /opt/airflow/dags/weather_pipeline_dag.py
[2025-10-18T20:28:49.778+0000] {processor.py:840} INFO - DAG(s) 'weather_pipeline' retrieved from /opt/airflow/dags/weather_pipeline_dag.py
[2025-10-18T20:28:49.877+0000] {logging_mixin.py:188} INFO - [2025-10-18T20:28:49.877+0000] {dag.py:3089} INFO - Sync 1 DAGs
[2025-10-18T20:28:49.897+0000] {logging_mixin.py:188} INFO - [2025-10-18T20:28:49.897+0000] {dag.py:3947} INFO - Setting next_dagrun for weather_pipeline to 2025-10-19 00:00:00+00:00, run_after=2025-10-19 00:10:00+00:00
[2025-10-18T20:28:49.909+0000] {processor.py:183} INFO - Processing /opt/airflow/dags/weather_pipeline_dag.py took 0.169 seconds
[2025-10-18T20:28:55.664+0000] {processor.py:161} INFO - Started process (PID=3085) to work on /opt/airflow/dags/weather_pipeline_dag.py
[2025-10-18T20:28:55.665+0000] {processor.py:830} INFO - Processing file /opt/airflow/dags/weather_pipeline_dag.py for tasks to queue
[2025-10-18T20:28:55.668+0000] {logging_mixin.py:188} INFO - [2025-10-18T20:28:55.668+0000] {dagbag.py:545} INFO - Filling up the DagBag from /opt/airflow/dags/weather_pipeline_dag.py
[2025-10-18T20:28:55.687+0000] {processor.py:840} INFO - DAG(s) 'weather_pipeline' retrieved from /opt/airflow/dags/weather_pipeline_dag.py
[2025-10-18T20:28:55.695+0000] {logging_mixin.py:188} INFO - [2025-10-18T20:28:55.695+0000] {dag.py:3089} INFO - Sync 1 DAGs
[2025-10-18T20:28:55.709+0000] {logging_mixin.py:188} INFO - [2025-10-18T20:28:55.709+0000] {dag.py:3947} INFO - Setting next_dagrun for weather_pipeline to 2025-10-19 00:00:00+00:00, run_after=2025-10-19 00:10:00+00:00
[2025-10-18T20:28:55.720+0000] {processor.py:183} INFO - Processing /opt/airflow/dags/weather_pipeline_dag.py took 0.063 seconds
[2025-10-18T20:29:20.188+0000] {processor.py:161} INFO - Started process (PID=3105) to work on /opt/airflow/dags/weather_pipeline_dag.py
[2025-10-18T20:29:20.190+0000] {processor.py:830} INFO - Processing file /opt/airflow/dags/weather_pipeline_dag.py for tasks to queue
[2025-10-18T20:29:20.191+0000] {logging_mixin.py:188} INFO - [2025-10-18T20:29:20.191+0000] {dagbag.py:545} INFO - Filling up the DagBag from /opt/airflow/dags/weather_pipeline_dag.py
[2025-10-18T20:29:20.202+0000] {processor.py:840} INFO - DAG(s) 'weather_pipeline' retrieved from /opt/airflow/dags/weather_pipeline_dag.py
[2025-10-18T20:29:20.222+0000] {logging_mixin.py:188} INFO - [2025-10-18T20:29:20.222+0000] {dag.py:3089} INFO - Sync 1 DAGs
[2025-10-18T20:29:20.231+0000] {logging_mixin.py:188} INFO - [2025-10-18T20:29:20.231+0000] {dag.py:3947} INFO - Setting next_dagrun for weather_pipeline to 2025-10-19 00:00:00+00:00, run_after=2025-10-19 00:10:00+00:00
[2025-10-18T20:29:20.238+0000] {processor.py:183} INFO - Processing /opt/airflow/dags/weather_pipeline_dag.py took 0.056 seconds
[2025-10-18T20:29:26.092+0000] {processor.py:161} INFO - Started process (PID=3125) to work on /opt/airflow/dags/weather_pipeline_dag.py
[2025-10-18T20:29:26.093+0000] {processor.py:830} INFO - Processing file /opt/airflow/dags/weather_pipeline_dag.py for tasks to queue
[2025-10-18T20:29:26.094+0000] {logging_mixin.py:188} INFO - [2025-10-18T20:29:26.094+0000] {dagbag.py:545} INFO - Filling up the DagBag from /opt/airflow/dags/weather_pipeline_dag.py
[2025-10-18T20:29:26.108+0000] {processor.py:840} INFO - DAG(s) 'weather_pipeline' retrieved from /opt/airflow/dags/weather_pipeline_dag.py
[2025-10-18T20:29:26.122+0000] {logging_mixin.py:188} INFO - [2025-10-18T20:29:26.122+0000] {dag.py:3089} INFO - Sync 1 DAGs
[2025-10-18T20:29:26.140+0000] {logging_mixin.py:188} INFO - [2025-10-18T20:29:26.140+0000] {dag.py:3947} INFO - Setting next_dagrun for weather_pipeline to 2025-10-19 00:00:00+00:00, run_after=2025-10-19 00:10:00+00:00
[2025-10-18T20:29:26.150+0000] {processor.py:183} INFO - Processing /opt/airflow/dags/weather_pipeline_dag.py took 0.068 seconds
[2025-10-18T20:29:50.582+0000] {processor.py:161} INFO - Started process (PID=3145) to work on /opt/airflow/dags/weather_pipeline_dag.py
[2025-10-18T20:29:50.582+0000] {processor.py:830} INFO - Processing file /opt/airflow/dags/weather_pipeline_dag.py for tasks to queue
[2025-10-18T20:29:50.588+0000] {logging_mixin.py:188} INFO - [2025-10-18T20:29:50.587+0000] {dagbag.py:545} INFO - Filling up the DagBag from /opt/airflow/dags/weather_pipeline_dag.py
[2025-10-18T20:29:50.604+0000] {processor.py:840} INFO - DAG(s) 'weather_pipeline' retrieved from /opt/airflow/dags/weather_pipeline_dag.py
[2025-10-18T20:29:50.688+0000] {logging_mixin.py:188} INFO - [2025-10-18T20:29:50.688+0000] {dag.py:3089} INFO - Sync 1 DAGs
[2025-10-18T20:29:50.700+0000] {logging_mixin.py:188} INFO - [2025-10-18T20:29:50.700+0000] {dag.py:3947} INFO - Setting next_dagrun for weather_pipeline to 2025-10-19 00:00:00+00:00, run_after=2025-10-19 00:10:00+00:00
[2025-10-18T20:29:50.710+0000] {processor.py:183} INFO - Processing /opt/airflow/dags/weather_pipeline_dag.py took 0.134 seconds
[2025-10-18T20:29:56.519+0000] {processor.py:161} INFO - Started process (PID=3165) to work on /opt/airflow/dags/weather_pipeline_dag.py
[2025-10-18T20:29:56.520+0000] {processor.py:830} INFO - Processing file /opt/airflow/dags/weather_pipeline_dag.py for tasks to queue
[2025-10-18T20:29:56.523+0000] {logging_mixin.py:188} INFO - [2025-10-18T20:29:56.522+0000] {dagbag.py:545} INFO - Filling up the DagBag from /opt/airflow/dags/weather_pipeline_dag.py
[2025-10-18T20:29:56.534+0000] {processor.py:840} INFO - DAG(s) 'weather_pipeline' retrieved from /opt/airflow/dags/weather_pipeline_dag.py
[2025-10-18T20:29:56.546+0000] {logging_mixin.py:188} INFO - [2025-10-18T20:29:56.545+0000] {dag.py:3089} INFO - Sync 1 DAGs
[2025-10-18T20:29:56.558+0000] {logging_mixin.py:188} INFO - [2025-10-18T20:29:56.558+0000] {dag.py:3947} INFO - Setting next_dagrun for weather_pipeline to 2025-10-19 00:00:00+00:00, run_after=2025-10-19 00:10:00+00:00
[2025-10-18T20:29:56.568+0000] {processor.py:183} INFO - Processing /opt/airflow/dags/weather_pipeline_dag.py took 0.055 seconds
[2025-10-18T20:30:21.018+0000] {processor.py:161} INFO - Started process (PID=3185) to work on /opt/airflow/dags/weather_pipeline_dag.py
[2025-10-18T20:30:21.020+0000] {processor.py:830} INFO - Processing file /opt/airflow/dags/weather_pipeline_dag.py for tasks to queue
[2025-10-18T20:30:21.022+0000] {logging_mixin.py:188} INFO - [2025-10-18T20:30:21.022+0000] {dagbag.py:545} INFO - Filling up the DagBag from /opt/airflow/dags/weather_pipeline_dag.py
[2025-10-18T20:30:21.046+0000] {processor.py:840} INFO - DAG(s) 'weather_pipeline' retrieved from /opt/airflow/dags/weather_pipeline_dag.py
[2025-10-18T20:30:21.086+0000] {logging_mixin.py:188} INFO - [2025-10-18T20:30:21.086+0000] {dag.py:3089} INFO - Sync 1 DAGs
[2025-10-18T20:30:21.106+0000] {logging_mixin.py:188} INFO - [2025-10-18T20:30:21.106+0000] {dag.py:3947} INFO - Setting next_dagrun for weather_pipeline to 2025-10-19 00:00:00+00:00, run_after=2025-10-19 00:10:00+00:00
[2025-10-18T20:30:21.115+0000] {processor.py:183} INFO - Processing /opt/airflow/dags/weather_pipeline_dag.py took 0.109 seconds
[2025-10-18T20:30:26.914+0000] {processor.py:161} INFO - Started process (PID=3205) to work on /opt/airflow/dags/weather_pipeline_dag.py
[2025-10-18T20:30:26.915+0000] {processor.py:830} INFO - Processing file /opt/airflow/dags/weather_pipeline_dag.py for tasks to queue
[2025-10-18T20:30:26.918+0000] {logging_mixin.py:188} INFO - [2025-10-18T20:30:26.918+0000] {dagbag.py:545} INFO - Filling up the DagBag from /opt/airflow/dags/weather_pipeline_dag.py
[2025-10-18T20:30:26.930+0000] {processor.py:840} INFO - DAG(s) 'weather_pipeline' retrieved from /opt/airflow/dags/weather_pipeline_dag.py
[2025-10-18T20:30:26.943+0000] {logging_mixin.py:188} INFO - [2025-10-18T20:30:26.942+0000] {dag.py:3089} INFO - Sync 1 DAGs
[2025-10-18T20:30:26.964+0000] {logging_mixin.py:188} INFO - [2025-10-18T20:30:26.964+0000] {dag.py:3947} INFO - Setting next_dagrun for weather_pipeline to 2025-10-19 00:00:00+00:00, run_after=2025-10-19 00:10:00+00:00
[2025-10-18T20:30:26.977+0000] {processor.py:183} INFO - Processing /opt/airflow/dags/weather_pipeline_dag.py took 0.068 seconds
[2025-10-18T20:30:51.712+0000] {processor.py:161} INFO - Started process (PID=3225) to work on /opt/airflow/dags/weather_pipeline_dag.py
[2025-10-18T20:30:51.715+0000] {processor.py:830} INFO - Processing file /opt/airflow/dags/weather_pipeline_dag.py for tasks to queue
[2025-10-18T20:30:51.720+0000] {logging_mixin.py:188} INFO - [2025-10-18T20:30:51.720+0000] {dagbag.py:545} INFO - Filling up the DagBag from /opt/airflow/dags/weather_pipeline_dag.py
[2025-10-18T20:30:51.739+0000] {processor.py:840} INFO - DAG(s) 'weather_pipeline' retrieved from /opt/airflow/dags/weather_pipeline_dag.py
[2025-10-18T20:30:51.844+0000] {logging_mixin.py:188} INFO - [2025-10-18T20:30:51.844+0000] {dag.py:3089} INFO - Sync 1 DAGs
[2025-10-18T20:30:51.856+0000] {logging_mixin.py:188} INFO - [2025-10-18T20:30:51.856+0000] {dag.py:3947} INFO - Setting next_dagrun for weather_pipeline to 2025-10-19 00:00:00+00:00, run_after=2025-10-19 00:10:00+00:00
[2025-10-18T20:30:51.874+0000] {processor.py:183} INFO - Processing /opt/airflow/dags/weather_pipeline_dag.py took 0.172 seconds
[2025-10-18T20:30:57.563+0000] {processor.py:161} INFO - Started process (PID=3245) to work on /opt/airflow/dags/weather_pipeline_dag.py
[2025-10-18T20:30:57.564+0000] {processor.py:830} INFO - Processing file /opt/airflow/dags/weather_pipeline_dag.py for tasks to queue
[2025-10-18T20:30:57.567+0000] {logging_mixin.py:188} INFO - [2025-10-18T20:30:57.567+0000] {dagbag.py:545} INFO - Filling up the DagBag from /opt/airflow/dags/weather_pipeline_dag.py
[2025-10-18T20:30:57.584+0000] {processor.py:840} INFO - DAG(s) 'weather_pipeline' retrieved from /opt/airflow/dags/weather_pipeline_dag.py
[2025-10-18T20:30:57.597+0000] {logging_mixin.py:188} INFO - [2025-10-18T20:30:57.596+0000] {dag.py:3089} INFO - Sync 1 DAGs
[2025-10-18T20:30:57.609+0000] {logging_mixin.py:188} INFO - [2025-10-18T20:30:57.609+0000] {dag.py:3947} INFO - Setting next_dagrun for weather_pipeline to 2025-10-19 00:00:00+00:00, run_after=2025-10-19 00:10:00+00:00
[2025-10-18T20:30:57.619+0000] {processor.py:183} INFO - Processing /opt/airflow/dags/weather_pipeline_dag.py took 0.062 seconds
[2025-10-18T20:31:22.207+0000] {processor.py:161} INFO - Started process (PID=3265) to work on /opt/airflow/dags/weather_pipeline_dag.py
[2025-10-18T20:31:22.211+0000] {processor.py:830} INFO - Processing file /opt/airflow/dags/weather_pipeline_dag.py for tasks to queue
[2025-10-18T20:31:22.216+0000] {logging_mixin.py:188} INFO - [2025-10-18T20:31:22.215+0000] {dagbag.py:545} INFO - Filling up the DagBag from /opt/airflow/dags/weather_pipeline_dag.py
[2025-10-18T20:31:22.240+0000] {processor.py:840} INFO - DAG(s) 'weather_pipeline' retrieved from /opt/airflow/dags/weather_pipeline_dag.py
[2025-10-18T20:31:22.269+0000] {logging_mixin.py:188} INFO - [2025-10-18T20:31:22.269+0000] {dag.py:3089} INFO - Sync 1 DAGs
[2025-10-18T20:31:22.291+0000] {logging_mixin.py:188} INFO - [2025-10-18T20:31:22.291+0000] {dag.py:3947} INFO - Setting next_dagrun for weather_pipeline to 2025-10-19 00:00:00+00:00, run_after=2025-10-19 00:10:00+00:00
[2025-10-18T20:31:22.303+0000] {processor.py:183} INFO - Processing /opt/airflow/dags/weather_pipeline_dag.py took 0.108 seconds
[2025-10-18T20:31:27.963+0000] {processor.py:161} INFO - Started process (PID=3285) to work on /opt/airflow/dags/weather_pipeline_dag.py
[2025-10-18T20:31:27.963+0000] {processor.py:830} INFO - Processing file /opt/airflow/dags/weather_pipeline_dag.py for tasks to queue
[2025-10-18T20:31:27.966+0000] {logging_mixin.py:188} INFO - [2025-10-18T20:31:27.966+0000] {dagbag.py:545} INFO - Filling up the DagBag from /opt/airflow/dags/weather_pipeline_dag.py
[2025-10-18T20:31:27.979+0000] {processor.py:840} INFO - DAG(s) 'weather_pipeline' retrieved from /opt/airflow/dags/weather_pipeline_dag.py
[2025-10-18T20:31:27.994+0000] {logging_mixin.py:188} INFO - [2025-10-18T20:31:27.994+0000] {dag.py:3089} INFO - Sync 1 DAGs
[2025-10-18T20:31:28.014+0000] {logging_mixin.py:188} INFO - [2025-10-18T20:31:28.014+0000] {dag.py:3947} INFO - Setting next_dagrun for weather_pipeline to 2025-10-19 00:00:00+00:00, run_after=2025-10-19 00:10:00+00:00
[2025-10-18T20:31:28.021+0000] {processor.py:183} INFO - Processing /opt/airflow/dags/weather_pipeline_dag.py took 0.065 seconds
[2025-10-18T20:31:52.751+0000] {processor.py:161} INFO - Started process (PID=3305) to work on /opt/airflow/dags/weather_pipeline_dag.py
[2025-10-18T20:31:52.753+0000] {processor.py:830} INFO - Processing file /opt/airflow/dags/weather_pipeline_dag.py for tasks to queue
[2025-10-18T20:31:52.755+0000] {logging_mixin.py:188} INFO - [2025-10-18T20:31:52.755+0000] {dagbag.py:545} INFO - Filling up the DagBag from /opt/airflow/dags/weather_pipeline_dag.py
[2025-10-18T20:31:52.770+0000] {processor.py:840} INFO - DAG(s) 'weather_pipeline' retrieved from /opt/airflow/dags/weather_pipeline_dag.py
[2025-10-18T20:31:52.861+0000] {logging_mixin.py:188} INFO - [2025-10-18T20:31:52.860+0000] {dag.py:3089} INFO - Sync 1 DAGs
[2025-10-18T20:31:52.873+0000] {logging_mixin.py:188} INFO - [2025-10-18T20:31:52.873+0000] {dag.py:3947} INFO - Setting next_dagrun for weather_pipeline to 2025-10-19 00:00:00+00:00, run_after=2025-10-19 00:10:00+00:00
[2025-10-18T20:31:52.883+0000] {processor.py:183} INFO - Processing /opt/airflow/dags/weather_pipeline_dag.py took 0.145 seconds
[2025-10-18T20:31:58.382+0000] {processor.py:161} INFO - Started process (PID=3325) to work on /opt/airflow/dags/weather_pipeline_dag.py
[2025-10-18T20:31:58.383+0000] {processor.py:830} INFO - Processing file /opt/airflow/dags/weather_pipeline_dag.py for tasks to queue
[2025-10-18T20:31:58.388+0000] {logging_mixin.py:188} INFO - [2025-10-18T20:31:58.387+0000] {dagbag.py:545} INFO - Filling up the DagBag from /opt/airflow/dags/weather_pipeline_dag.py
[2025-10-18T20:31:58.398+0000] {processor.py:840} INFO - DAG(s) 'weather_pipeline' retrieved from /opt/airflow/dags/weather_pipeline_dag.py
[2025-10-18T20:31:58.410+0000] {logging_mixin.py:188} INFO - [2025-10-18T20:31:58.410+0000] {dag.py:3089} INFO - Sync 1 DAGs
[2025-10-18T20:31:58.426+0000] {logging_mixin.py:188} INFO - [2025-10-18T20:31:58.426+0000] {dag.py:3947} INFO - Setting next_dagrun for weather_pipeline to 2025-10-19 00:00:00+00:00, run_after=2025-10-19 00:10:00+00:00
[2025-10-18T20:31:58.437+0000] {processor.py:183} INFO - Processing /opt/airflow/dags/weather_pipeline_dag.py took 0.062 seconds
[2025-10-18T20:32:23.274+0000] {processor.py:161} INFO - Started process (PID=3345) to work on /opt/airflow/dags/weather_pipeline_dag.py
[2025-10-18T20:32:23.277+0000] {processor.py:830} INFO - Processing file /opt/airflow/dags/weather_pipeline_dag.py for tasks to queue
[2025-10-18T20:32:23.283+0000] {logging_mixin.py:188} INFO - [2025-10-18T20:32:23.282+0000] {dagbag.py:545} INFO - Filling up the DagBag from /opt/airflow/dags/weather_pipeline_dag.py
[2025-10-18T20:32:23.301+0000] {processor.py:840} INFO - DAG(s) 'weather_pipeline' retrieved from /opt/airflow/dags/weather_pipeline_dag.py
[2025-10-18T20:32:23.338+0000] {logging_mixin.py:188} INFO - [2025-10-18T20:32:23.338+0000] {dag.py:3089} INFO - Sync 1 DAGs
[2025-10-18T20:32:23.355+0000] {logging_mixin.py:188} INFO - [2025-10-18T20:32:23.355+0000] {dag.py:3947} INFO - Setting next_dagrun for weather_pipeline to 2025-10-19 00:00:00+00:00, run_after=2025-10-19 00:10:00+00:00
[2025-10-18T20:32:23.369+0000] {processor.py:183} INFO - Processing /opt/airflow/dags/weather_pipeline_dag.py took 0.102 seconds
[2025-10-18T20:32:28.823+0000] {processor.py:161} INFO - Started process (PID=3365) to work on /opt/airflow/dags/weather_pipeline_dag.py
[2025-10-18T20:32:28.825+0000] {processor.py:830} INFO - Processing file /opt/airflow/dags/weather_pipeline_dag.py for tasks to queue
[2025-10-18T20:32:28.830+0000] {logging_mixin.py:188} INFO - [2025-10-18T20:32:28.830+0000] {dagbag.py:545} INFO - Filling up the DagBag from /opt/airflow/dags/weather_pipeline_dag.py
[2025-10-18T20:32:28.842+0000] {processor.py:840} INFO - DAG(s) 'weather_pipeline' retrieved from /opt/airflow/dags/weather_pipeline_dag.py
[2025-10-18T20:32:28.859+0000] {logging_mixin.py:188} INFO - [2025-10-18T20:32:28.859+0000] {dag.py:3089} INFO - Sync 1 DAGs
[2025-10-18T20:32:28.874+0000] {logging_mixin.py:188} INFO - [2025-10-18T20:32:28.874+0000] {dag.py:3947} INFO - Setting next_dagrun for weather_pipeline to 2025-10-19 00:00:00+00:00, run_after=2025-10-19 00:10:00+00:00
[2025-10-18T20:32:28.887+0000] {processor.py:183} INFO - Processing /opt/airflow/dags/weather_pipeline_dag.py took 0.078 seconds
[2025-10-18T20:32:53.904+0000] {processor.py:161} INFO - Started process (PID=3385) to work on /opt/airflow/dags/weather_pipeline_dag.py
[2025-10-18T20:32:53.906+0000] {processor.py:830} INFO - Processing file /opt/airflow/dags/weather_pipeline_dag.py for tasks to queue
[2025-10-18T20:32:53.910+0000] {logging_mixin.py:188} INFO - [2025-10-18T20:32:53.909+0000] {dagbag.py:545} INFO - Filling up the DagBag from /opt/airflow/dags/weather_pipeline_dag.py
[2025-10-18T20:32:53.929+0000] {processor.py:840} INFO - DAG(s) 'weather_pipeline' retrieved from /opt/airflow/dags/weather_pipeline_dag.py
[2025-10-18T20:32:54.037+0000] {logging_mixin.py:188} INFO - [2025-10-18T20:32:54.037+0000] {dag.py:3089} INFO - Sync 1 DAGs
[2025-10-18T20:32:54.045+0000] {logging_mixin.py:188} INFO - [2025-10-18T20:32:54.045+0000] {dag.py:3947} INFO - Setting next_dagrun for weather_pipeline to 2025-10-19 00:00:00+00:00, run_after=2025-10-19 00:10:00+00:00
[2025-10-18T20:32:54.059+0000] {processor.py:183} INFO - Processing /opt/airflow/dags/weather_pipeline_dag.py took 0.168 seconds
[2025-10-18T20:32:59.287+0000] {processor.py:161} INFO - Started process (PID=3405) to work on /opt/airflow/dags/weather_pipeline_dag.py
[2025-10-18T20:32:59.288+0000] {processor.py:830} INFO - Processing file /opt/airflow/dags/weather_pipeline_dag.py for tasks to queue
[2025-10-18T20:32:59.290+0000] {logging_mixin.py:188} INFO - [2025-10-18T20:32:59.289+0000] {dagbag.py:545} INFO - Filling up the DagBag from /opt/airflow/dags/weather_pipeline_dag.py
[2025-10-18T20:32:59.300+0000] {processor.py:840} INFO - DAG(s) 'weather_pipeline' retrieved from /opt/airflow/dags/weather_pipeline_dag.py
[2025-10-18T20:32:59.309+0000] {logging_mixin.py:188} INFO - [2025-10-18T20:32:59.309+0000] {dag.py:3089} INFO - Sync 1 DAGs
[2025-10-18T20:32:59.330+0000] {logging_mixin.py:188} INFO - [2025-10-18T20:32:59.330+0000] {dag.py:3947} INFO - Setting next_dagrun for weather_pipeline to 2025-10-19 00:00:00+00:00, run_after=2025-10-19 00:10:00+00:00
[2025-10-18T20:32:59.339+0000] {processor.py:183} INFO - Processing /opt/airflow/dags/weather_pipeline_dag.py took 0.058 seconds
[2025-10-18T20:33:24.777+0000] {processor.py:161} INFO - Started process (PID=3425) to work on /opt/airflow/dags/weather_pipeline_dag.py
[2025-10-18T20:33:24.779+0000] {processor.py:830} INFO - Processing file /opt/airflow/dags/weather_pipeline_dag.py for tasks to queue
[2025-10-18T20:33:24.787+0000] {logging_mixin.py:188} INFO - [2025-10-18T20:33:24.786+0000] {dagbag.py:545} INFO - Filling up the DagBag from /opt/airflow/dags/weather_pipeline_dag.py
[2025-10-18T20:33:24.802+0000] {processor.py:840} INFO - DAG(s) 'weather_pipeline' retrieved from /opt/airflow/dags/weather_pipeline_dag.py
[2025-10-18T20:33:24.837+0000] {logging_mixin.py:188} INFO - [2025-10-18T20:33:24.837+0000] {dag.py:3089} INFO - Sync 1 DAGs
[2025-10-18T20:33:24.854+0000] {logging_mixin.py:188} INFO - [2025-10-18T20:33:24.854+0000] {dag.py:3947} INFO - Setting next_dagrun for weather_pipeline to 2025-10-19 00:00:00+00:00, run_after=2025-10-19 00:10:00+00:00
[2025-10-18T20:33:24.865+0000] {processor.py:183} INFO - Processing /opt/airflow/dags/weather_pipeline_dag.py took 0.096 seconds
[2025-10-18T20:33:29.847+0000] {processor.py:161} INFO - Started process (PID=3445) to work on /opt/airflow/dags/weather_pipeline_dag.py
[2025-10-18T20:33:29.850+0000] {processor.py:830} INFO - Processing file /opt/airflow/dags/weather_pipeline_dag.py for tasks to queue
[2025-10-18T20:33:29.856+0000] {logging_mixin.py:188} INFO - [2025-10-18T20:33:29.856+0000] {dagbag.py:545} INFO - Filling up the DagBag from /opt/airflow/dags/weather_pipeline_dag.py
[2025-10-18T20:33:29.877+0000] {processor.py:840} INFO - DAG(s) 'weather_pipeline' retrieved from /opt/airflow/dags/weather_pipeline_dag.py
[2025-10-18T20:33:29.906+0000] {logging_mixin.py:188} INFO - [2025-10-18T20:33:29.906+0000] {dag.py:3089} INFO - Sync 1 DAGs
[2025-10-18T20:33:29.929+0000] {logging_mixin.py:188} INFO - [2025-10-18T20:33:29.929+0000] {dag.py:3947} INFO - Setting next_dagrun for weather_pipeline to 2025-10-19 00:00:00+00:00, run_after=2025-10-19 00:10:00+00:00
[2025-10-18T20:33:29.939+0000] {processor.py:183} INFO - Processing /opt/airflow/dags/weather_pipeline_dag.py took 0.111 seconds
[2025-10-18T20:33:55.313+0000] {processor.py:161} INFO - Started process (PID=3465) to work on /opt/airflow/dags/weather_pipeline_dag.py
[2025-10-18T20:33:55.317+0000] {processor.py:830} INFO - Processing file /opt/airflow/dags/weather_pipeline_dag.py for tasks to queue
[2025-10-18T20:33:55.322+0000] {logging_mixin.py:188} INFO - [2025-10-18T20:33:55.322+0000] {dagbag.py:545} INFO - Filling up the DagBag from /opt/airflow/dags/weather_pipeline_dag.py
[2025-10-18T20:33:55.340+0000] {processor.py:840} INFO - DAG(s) 'weather_pipeline' retrieved from /opt/airflow/dags/weather_pipeline_dag.py
[2025-10-18T20:33:55.454+0000] {logging_mixin.py:188} INFO - [2025-10-18T20:33:55.454+0000] {dag.py:3089} INFO - Sync 1 DAGs
[2025-10-18T20:33:55.463+0000] {logging_mixin.py:188} INFO - [2025-10-18T20:33:55.463+0000] {dag.py:3947} INFO - Setting next_dagrun for weather_pipeline to 2025-10-19 00:00:00+00:00, run_after=2025-10-19 00:10:00+00:00
[2025-10-18T20:33:55.477+0000] {processor.py:183} INFO - Processing /opt/airflow/dags/weather_pipeline_dag.py took 0.178 seconds
[2025-10-18T20:34:00.336+0000] {processor.py:161} INFO - Started process (PID=3485) to work on /opt/airflow/dags/weather_pipeline_dag.py
[2025-10-18T20:34:00.337+0000] {processor.py:830} INFO - Processing file /opt/airflow/dags/weather_pipeline_dag.py for tasks to queue
[2025-10-18T20:34:00.343+0000] {logging_mixin.py:188} INFO - [2025-10-18T20:34:00.342+0000] {dagbag.py:545} INFO - Filling up the DagBag from /opt/airflow/dags/weather_pipeline_dag.py
[2025-10-18T20:34:00.356+0000] {processor.py:840} INFO - DAG(s) 'weather_pipeline' retrieved from /opt/airflow/dags/weather_pipeline_dag.py
[2025-10-18T20:34:00.372+0000] {logging_mixin.py:188} INFO - [2025-10-18T20:34:00.372+0000] {dag.py:3089} INFO - Sync 1 DAGs
[2025-10-18T20:34:00.395+0000] {logging_mixin.py:188} INFO - [2025-10-18T20:34:00.395+0000] {dag.py:3947} INFO - Setting next_dagrun for weather_pipeline to 2025-10-19 00:00:00+00:00, run_after=2025-10-19 00:10:00+00:00
[2025-10-18T20:34:00.406+0000] {processor.py:183} INFO - Processing /opt/airflow/dags/weather_pipeline_dag.py took 0.079 seconds
[2025-10-18T20:34:25.779+0000] {processor.py:161} INFO - Started process (PID=3505) to work on /opt/airflow/dags/weather_pipeline_dag.py
[2025-10-18T20:34:25.780+0000] {processor.py:830} INFO - Processing file /opt/airflow/dags/weather_pipeline_dag.py for tasks to queue
[2025-10-18T20:34:25.783+0000] {logging_mixin.py:188} INFO - [2025-10-18T20:34:25.783+0000] {dagbag.py:545} INFO - Filling up the DagBag from /opt/airflow/dags/weather_pipeline_dag.py
[2025-10-18T20:34:25.799+0000] {processor.py:840} INFO - DAG(s) 'weather_pipeline' retrieved from /opt/airflow/dags/weather_pipeline_dag.py
[2025-10-18T20:34:25.824+0000] {logging_mixin.py:188} INFO - [2025-10-18T20:34:25.824+0000] {dag.py:3089} INFO - Sync 1 DAGs
[2025-10-18T20:34:25.839+0000] {logging_mixin.py:188} INFO - [2025-10-18T20:34:25.839+0000] {dag.py:3947} INFO - Setting next_dagrun for weather_pipeline to 2025-10-19 00:00:00+00:00, run_after=2025-10-19 00:10:00+00:00
[2025-10-18T20:34:25.847+0000] {processor.py:183} INFO - Processing /opt/airflow/dags/weather_pipeline_dag.py took 0.078 seconds
[2025-10-18T20:34:30.841+0000] {processor.py:161} INFO - Started process (PID=3525) to work on /opt/airflow/dags/weather_pipeline_dag.py
[2025-10-18T20:34:30.842+0000] {processor.py:830} INFO - Processing file /opt/airflow/dags/weather_pipeline_dag.py for tasks to queue
[2025-10-18T20:34:30.845+0000] {logging_mixin.py:188} INFO - [2025-10-18T20:34:30.844+0000] {dagbag.py:545} INFO - Filling up the DagBag from /opt/airflow/dags/weather_pipeline_dag.py
[2025-10-18T20:34:30.854+0000] {processor.py:840} INFO - DAG(s) 'weather_pipeline' retrieved from /opt/airflow/dags/weather_pipeline_dag.py
[2025-10-18T20:34:30.864+0000] {logging_mixin.py:188} INFO - [2025-10-18T20:34:30.864+0000] {dag.py:3089} INFO - Sync 1 DAGs
[2025-10-18T20:34:30.878+0000] {logging_mixin.py:188} INFO - [2025-10-18T20:34:30.878+0000] {dag.py:3947} INFO - Setting next_dagrun for weather_pipeline to 2025-10-19 00:00:00+00:00, run_after=2025-10-19 00:10:00+00:00
[2025-10-18T20:34:30.890+0000] {processor.py:183} INFO - Processing /opt/airflow/dags/weather_pipeline_dag.py took 0.054 seconds
[2025-10-18T20:34:56.331+0000] {processor.py:161} INFO - Started process (PID=3545) to work on /opt/airflow/dags/weather_pipeline_dag.py
[2025-10-18T20:34:56.332+0000] {processor.py:830} INFO - Processing file /opt/airflow/dags/weather_pipeline_dag.py for tasks to queue
[2025-10-18T20:34:56.335+0000] {logging_mixin.py:188} INFO - [2025-10-18T20:34:56.335+0000] {dagbag.py:545} INFO - Filling up the DagBag from /opt/airflow/dags/weather_pipeline_dag.py
[2025-10-18T20:34:56.354+0000] {processor.py:840} INFO - DAG(s) 'weather_pipeline' retrieved from /opt/airflow/dags/weather_pipeline_dag.py
[2025-10-18T20:34:56.445+0000] {logging_mixin.py:188} INFO - [2025-10-18T20:34:56.444+0000] {dag.py:3089} INFO - Sync 1 DAGs
[2025-10-18T20:34:56.457+0000] {logging_mixin.py:188} INFO - [2025-10-18T20:34:56.457+0000] {dag.py:3947} INFO - Setting next_dagrun for weather_pipeline to 2025-10-19 00:00:00+00:00, run_after=2025-10-19 00:10:00+00:00
[2025-10-18T20:34:56.467+0000] {processor.py:183} INFO - Processing /opt/airflow/dags/weather_pipeline_dag.py took 0.146 seconds
[2025-10-18T20:35:01.300+0000] {processor.py:161} INFO - Started process (PID=3565) to work on /opt/airflow/dags/weather_pipeline_dag.py
[2025-10-18T20:35:01.302+0000] {processor.py:830} INFO - Processing file /opt/airflow/dags/weather_pipeline_dag.py for tasks to queue
[2025-10-18T20:35:01.303+0000] {logging_mixin.py:188} INFO - [2025-10-18T20:35:01.303+0000] {dagbag.py:545} INFO - Filling up the DagBag from /opt/airflow/dags/weather_pipeline_dag.py
[2025-10-18T20:35:01.313+0000] {processor.py:840} INFO - DAG(s) 'weather_pipeline' retrieved from /opt/airflow/dags/weather_pipeline_dag.py
[2025-10-18T20:35:01.328+0000] {logging_mixin.py:188} INFO - [2025-10-18T20:35:01.328+0000] {dag.py:3089} INFO - Sync 1 DAGs
[2025-10-18T20:35:01.345+0000] {logging_mixin.py:188} INFO - [2025-10-18T20:35:01.345+0000] {dag.py:3947} INFO - Setting next_dagrun for weather_pipeline to 2025-10-19 00:00:00+00:00, run_after=2025-10-19 00:10:00+00:00
[2025-10-18T20:35:01.354+0000] {processor.py:183} INFO - Processing /opt/airflow/dags/weather_pipeline_dag.py took 0.061 seconds
[2025-10-18T20:35:26.810+0000] {processor.py:161} INFO - Started process (PID=3585) to work on /opt/airflow/dags/weather_pipeline_dag.py
[2025-10-18T20:35:26.811+0000] {processor.py:830} INFO - Processing file /opt/airflow/dags/weather_pipeline_dag.py for tasks to queue
[2025-10-18T20:35:26.813+0000] {logging_mixin.py:188} INFO - [2025-10-18T20:35:26.813+0000] {dagbag.py:545} INFO - Filling up the DagBag from /opt/airflow/dags/weather_pipeline_dag.py
[2025-10-18T20:35:26.828+0000] {processor.py:840} INFO - DAG(s) 'weather_pipeline' retrieved from /opt/airflow/dags/weather_pipeline_dag.py
[2025-10-18T20:35:26.864+0000] {logging_mixin.py:188} INFO - [2025-10-18T20:35:26.864+0000] {dag.py:3089} INFO - Sync 1 DAGs
[2025-10-18T20:35:26.878+0000] {logging_mixin.py:188} INFO - [2025-10-18T20:35:26.878+0000] {dag.py:3947} INFO - Setting next_dagrun for weather_pipeline to 2025-10-19 00:00:00+00:00, run_after=2025-10-19 00:10:00+00:00
[2025-10-18T20:35:26.889+0000] {processor.py:183} INFO - Processing /opt/airflow/dags/weather_pipeline_dag.py took 0.089 seconds
[2025-10-18T20:35:31.768+0000] {processor.py:161} INFO - Started process (PID=3605) to work on /opt/airflow/dags/weather_pipeline_dag.py
[2025-10-18T20:35:31.768+0000] {processor.py:830} INFO - Processing file /opt/airflow/dags/weather_pipeline_dag.py for tasks to queue
[2025-10-18T20:35:31.771+0000] {logging_mixin.py:188} INFO - [2025-10-18T20:35:31.771+0000] {dagbag.py:545} INFO - Filling up the DagBag from /opt/airflow/dags/weather_pipeline_dag.py
[2025-10-18T20:35:31.781+0000] {processor.py:840} INFO - DAG(s) 'weather_pipeline' retrieved from /opt/airflow/dags/weather_pipeline_dag.py
[2025-10-18T20:35:31.791+0000] {logging_mixin.py:188} INFO - [2025-10-18T20:35:31.791+0000] {dag.py:3089} INFO - Sync 1 DAGs
[2025-10-18T20:35:31.807+0000] {logging_mixin.py:188} INFO - [2025-10-18T20:35:31.807+0000] {dag.py:3947} INFO - Setting next_dagrun for weather_pipeline to 2025-10-19 00:00:00+00:00, run_after=2025-10-19 00:10:00+00:00
[2025-10-18T20:35:31.816+0000] {processor.py:183} INFO - Processing /opt/airflow/dags/weather_pipeline_dag.py took 0.054 seconds
[2025-10-18T20:35:57.321+0000] {processor.py:161} INFO - Started process (PID=3625) to work on /opt/airflow/dags/weather_pipeline_dag.py
[2025-10-18T20:35:57.323+0000] {processor.py:830} INFO - Processing file /opt/airflow/dags/weather_pipeline_dag.py for tasks to queue
[2025-10-18T20:35:57.326+0000] {logging_mixin.py:188} INFO - [2025-10-18T20:35:57.326+0000] {dagbag.py:545} INFO - Filling up the DagBag from /opt/airflow/dags/weather_pipeline_dag.py
[2025-10-18T20:35:57.340+0000] {processor.py:840} INFO - DAG(s) 'weather_pipeline' retrieved from /opt/airflow/dags/weather_pipeline_dag.py
[2025-10-18T20:35:57.425+0000] {logging_mixin.py:188} INFO - [2025-10-18T20:35:57.424+0000] {dag.py:3089} INFO - Sync 1 DAGs
[2025-10-18T20:35:57.436+0000] {logging_mixin.py:188} INFO - [2025-10-18T20:35:57.436+0000] {dag.py:3947} INFO - Setting next_dagrun for weather_pipeline to 2025-10-19 00:00:00+00:00, run_after=2025-10-19 00:10:00+00:00
[2025-10-18T20:35:57.448+0000] {processor.py:183} INFO - Processing /opt/airflow/dags/weather_pipeline_dag.py took 0.136 seconds
[2025-10-18T20:36:02.123+0000] {processor.py:161} INFO - Started process (PID=3645) to work on /opt/airflow/dags/weather_pipeline_dag.py
[2025-10-18T20:36:02.123+0000] {processor.py:830} INFO - Processing file /opt/airflow/dags/weather_pipeline_dag.py for tasks to queue
[2025-10-18T20:36:02.126+0000] {logging_mixin.py:188} INFO - [2025-10-18T20:36:02.125+0000] {dagbag.py:545} INFO - Filling up the DagBag from /opt/airflow/dags/weather_pipeline_dag.py
[2025-10-18T20:36:02.135+0000] {processor.py:840} INFO - DAG(s) 'weather_pipeline' retrieved from /opt/airflow/dags/weather_pipeline_dag.py
[2025-10-18T20:36:02.143+0000] {logging_mixin.py:188} INFO - [2025-10-18T20:36:02.143+0000] {dag.py:3089} INFO - Sync 1 DAGs
[2025-10-18T20:36:02.155+0000] {logging_mixin.py:188} INFO - [2025-10-18T20:36:02.155+0000] {dag.py:3947} INFO - Setting next_dagrun for weather_pipeline to 2025-10-19 00:00:00+00:00, run_after=2025-10-19 00:10:00+00:00
[2025-10-18T20:36:02.167+0000] {processor.py:183} INFO - Processing /opt/airflow/dags/weather_pipeline_dag.py took 0.049 seconds
[2025-10-18T20:36:27.845+0000] {processor.py:161} INFO - Started process (PID=3665) to work on /opt/airflow/dags/weather_pipeline_dag.py
[2025-10-18T20:36:27.846+0000] {processor.py:830} INFO - Processing file /opt/airflow/dags/weather_pipeline_dag.py for tasks to queue
[2025-10-18T20:36:27.850+0000] {logging_mixin.py:188} INFO - [2025-10-18T20:36:27.849+0000] {dagbag.py:545} INFO - Filling up the DagBag from /opt/airflow/dags/weather_pipeline_dag.py
[2025-10-18T20:36:27.863+0000] {processor.py:840} INFO - DAG(s) 'weather_pipeline' retrieved from /opt/airflow/dags/weather_pipeline_dag.py
[2025-10-18T20:36:27.892+0000] {logging_mixin.py:188} INFO - [2025-10-18T20:36:27.892+0000] {dag.py:3089} INFO - Sync 1 DAGs
[2025-10-18T20:36:27.905+0000] {logging_mixin.py:188} INFO - [2025-10-18T20:36:27.905+0000] {dag.py:3947} INFO - Setting next_dagrun for weather_pipeline to 2025-10-19 00:00:00+00:00, run_after=2025-10-19 00:10:00+00:00
[2025-10-18T20:36:27.914+0000] {processor.py:183} INFO - Processing /opt/airflow/dags/weather_pipeline_dag.py took 0.079 seconds
[2025-10-18T20:36:32.618+0000] {processor.py:161} INFO - Started process (PID=3685) to work on /opt/airflow/dags/weather_pipeline_dag.py
[2025-10-18T20:36:32.619+0000] {processor.py:830} INFO - Processing file /opt/airflow/dags/weather_pipeline_dag.py for tasks to queue
[2025-10-18T20:36:32.622+0000] {logging_mixin.py:188} INFO - [2025-10-18T20:36:32.622+0000] {dagbag.py:545} INFO - Filling up the DagBag from /opt/airflow/dags/weather_pipeline_dag.py
[2025-10-18T20:36:32.635+0000] {processor.py:840} INFO - DAG(s) 'weather_pipeline' retrieved from /opt/airflow/dags/weather_pipeline_dag.py
[2025-10-18T20:36:32.647+0000] {logging_mixin.py:188} INFO - [2025-10-18T20:36:32.647+0000] {dag.py:3089} INFO - Sync 1 DAGs
[2025-10-18T20:36:32.660+0000] {logging_mixin.py:188} INFO - [2025-10-18T20:36:32.660+0000] {dag.py:3947} INFO - Setting next_dagrun for weather_pipeline to 2025-10-19 00:00:00+00:00, run_after=2025-10-19 00:10:00+00:00
[2025-10-18T20:36:32.671+0000] {processor.py:183} INFO - Processing /opt/airflow/dags/weather_pipeline_dag.py took 0.060 seconds
[2025-10-18T20:36:58.381+0000] {processor.py:161} INFO - Started process (PID=3705) to work on /opt/airflow/dags/weather_pipeline_dag.py
[2025-10-18T20:36:58.384+0000] {processor.py:830} INFO - Processing file /opt/airflow/dags/weather_pipeline_dag.py for tasks to queue
[2025-10-18T20:36:58.390+0000] {logging_mixin.py:188} INFO - [2025-10-18T20:36:58.390+0000] {dagbag.py:545} INFO - Filling up the DagBag from /opt/airflow/dags/weather_pipeline_dag.py
[2025-10-18T20:36:58.409+0000] {processor.py:840} INFO - DAG(s) 'weather_pipeline' retrieved from /opt/airflow/dags/weather_pipeline_dag.py
[2025-10-18T20:36:58.521+0000] {logging_mixin.py:188} INFO - [2025-10-18T20:36:58.521+0000] {dag.py:3089} INFO - Sync 1 DAGs
[2025-10-18T20:36:58.543+0000] {logging_mixin.py:188} INFO - [2025-10-18T20:36:58.543+0000] {dag.py:3947} INFO - Setting next_dagrun for weather_pipeline to 2025-10-19 00:00:00+00:00, run_after=2025-10-19 00:10:00+00:00
[2025-10-18T20:36:58.557+0000] {processor.py:183} INFO - Processing /opt/airflow/dags/weather_pipeline_dag.py took 0.184 seconds
[2025-10-18T20:37:03.066+0000] {processor.py:161} INFO - Started process (PID=3725) to work on /opt/airflow/dags/weather_pipeline_dag.py
[2025-10-18T20:37:03.066+0000] {processor.py:830} INFO - Processing file /opt/airflow/dags/weather_pipeline_dag.py for tasks to queue
[2025-10-18T20:37:03.068+0000] {logging_mixin.py:188} INFO - [2025-10-18T20:37:03.068+0000] {dagbag.py:545} INFO - Filling up the DagBag from /opt/airflow/dags/weather_pipeline_dag.py
[2025-10-18T20:37:03.079+0000] {processor.py:840} INFO - DAG(s) 'weather_pipeline' retrieved from /opt/airflow/dags/weather_pipeline_dag.py
[2025-10-18T20:37:03.088+0000] {logging_mixin.py:188} INFO - [2025-10-18T20:37:03.088+0000] {dag.py:3089} INFO - Sync 1 DAGs
[2025-10-18T20:37:03.103+0000] {logging_mixin.py:188} INFO - [2025-10-18T20:37:03.103+0000] {dag.py:3947} INFO - Setting next_dagrun for weather_pipeline to 2025-10-19 00:00:00+00:00, run_after=2025-10-19 00:10:00+00:00
[2025-10-18T20:37:03.114+0000] {processor.py:183} INFO - Processing /opt/airflow/dags/weather_pipeline_dag.py took 0.053 seconds
[2025-10-18T20:37:29.107+0000] {processor.py:161} INFO - Started process (PID=3745) to work on /opt/airflow/dags/weather_pipeline_dag.py
[2025-10-18T20:37:29.109+0000] {processor.py:830} INFO - Processing file /opt/airflow/dags/weather_pipeline_dag.py for tasks to queue
[2025-10-18T20:37:29.112+0000] {logging_mixin.py:188} INFO - [2025-10-18T20:37:29.112+0000] {dagbag.py:545} INFO - Filling up the DagBag from /opt/airflow/dags/weather_pipeline_dag.py
[2025-10-18T20:37:29.126+0000] {processor.py:840} INFO - DAG(s) 'weather_pipeline' retrieved from /opt/airflow/dags/weather_pipeline_dag.py
[2025-10-18T20:37:29.160+0000] {logging_mixin.py:188} INFO - [2025-10-18T20:37:29.160+0000] {dag.py:3089} INFO - Sync 1 DAGs
[2025-10-18T20:37:29.181+0000] {logging_mixin.py:188} INFO - [2025-10-18T20:37:29.181+0000] {dag.py:3947} INFO - Setting next_dagrun for weather_pipeline to 2025-10-19 00:00:00+00:00, run_after=2025-10-19 00:10:00+00:00
[2025-10-18T20:37:29.192+0000] {processor.py:183} INFO - Processing /opt/airflow/dags/weather_pipeline_dag.py took 0.093 seconds
[2025-10-18T20:37:33.527+0000] {processor.py:161} INFO - Started process (PID=3765) to work on /opt/airflow/dags/weather_pipeline_dag.py
[2025-10-18T20:37:33.528+0000] {processor.py:830} INFO - Processing file /opt/airflow/dags/weather_pipeline_dag.py for tasks to queue
[2025-10-18T20:37:33.530+0000] {logging_mixin.py:188} INFO - [2025-10-18T20:37:33.530+0000] {dagbag.py:545} INFO - Filling up the DagBag from /opt/airflow/dags/weather_pipeline_dag.py
[2025-10-18T20:37:33.546+0000] {processor.py:840} INFO - DAG(s) 'weather_pipeline' retrieved from /opt/airflow/dags/weather_pipeline_dag.py
[2025-10-18T20:37:33.556+0000] {logging_mixin.py:188} INFO - [2025-10-18T20:37:33.556+0000] {dag.py:3089} INFO - Sync 1 DAGs
[2025-10-18T20:37:33.573+0000] {logging_mixin.py:188} INFO - [2025-10-18T20:37:33.573+0000] {dag.py:3947} INFO - Setting next_dagrun for weather_pipeline to 2025-10-19 00:00:00+00:00, run_after=2025-10-19 00:10:00+00:00
[2025-10-18T20:37:33.584+0000] {processor.py:183} INFO - Processing /opt/airflow/dags/weather_pipeline_dag.py took 0.067 seconds
[2025-10-18T20:37:59.583+0000] {processor.py:161} INFO - Started process (PID=3785) to work on /opt/airflow/dags/weather_pipeline_dag.py
[2025-10-18T20:37:59.584+0000] {processor.py:830} INFO - Processing file /opt/airflow/dags/weather_pipeline_dag.py for tasks to queue
[2025-10-18T20:37:59.587+0000] {logging_mixin.py:188} INFO - [2025-10-18T20:37:59.587+0000] {dagbag.py:545} INFO - Filling up the DagBag from /opt/airflow/dags/weather_pipeline_dag.py
[2025-10-18T20:37:59.637+0000] {processor.py:840} INFO - DAG(s) 'weather_pipeline' retrieved from /opt/airflow/dags/weather_pipeline_dag.py
[2025-10-18T20:37:59.753+0000] {logging_mixin.py:188} INFO - [2025-10-18T20:37:59.753+0000] {dag.py:3089} INFO - Sync 1 DAGs
[2025-10-18T20:37:59.765+0000] {logging_mixin.py:188} INFO - [2025-10-18T20:37:59.765+0000] {dag.py:3947} INFO - Setting next_dagrun for weather_pipeline to 2025-10-19 00:00:00+00:00, run_after=2025-10-19 00:10:00+00:00
[2025-10-18T20:37:59.776+0000] {processor.py:183} INFO - Processing /opt/airflow/dags/weather_pipeline_dag.py took 0.202 seconds
[2025-10-18T20:38:04.072+0000] {processor.py:161} INFO - Started process (PID=3805) to work on /opt/airflow/dags/weather_pipeline_dag.py
[2025-10-18T20:38:04.072+0000] {processor.py:830} INFO - Processing file /opt/airflow/dags/weather_pipeline_dag.py for tasks to queue
[2025-10-18T20:38:04.075+0000] {logging_mixin.py:188} INFO - [2025-10-18T20:38:04.074+0000] {dagbag.py:545} INFO - Filling up the DagBag from /opt/airflow/dags/weather_pipeline_dag.py
[2025-10-18T20:38:04.090+0000] {processor.py:840} INFO - DAG(s) 'weather_pipeline' retrieved from /opt/airflow/dags/weather_pipeline_dag.py
[2025-10-18T20:38:04.100+0000] {logging_mixin.py:188} INFO - [2025-10-18T20:38:04.100+0000] {dag.py:3089} INFO - Sync 1 DAGs
[2025-10-18T20:38:04.124+0000] {logging_mixin.py:188} INFO - [2025-10-18T20:38:04.124+0000] {dag.py:3947} INFO - Setting next_dagrun for weather_pipeline to 2025-10-19 00:00:00+00:00, run_after=2025-10-19 00:10:00+00:00
[2025-10-18T20:38:04.136+0000] {processor.py:183} INFO - Processing /opt/airflow/dags/weather_pipeline_dag.py took 0.071 seconds
[2025-10-18T20:38:30.136+0000] {processor.py:161} INFO - Started process (PID=3825) to work on /opt/airflow/dags/weather_pipeline_dag.py
[2025-10-18T20:38:30.139+0000] {processor.py:830} INFO - Processing file /opt/airflow/dags/weather_pipeline_dag.py for tasks to queue
[2025-10-18T20:38:30.141+0000] {logging_mixin.py:188} INFO - [2025-10-18T20:38:30.141+0000] {dagbag.py:545} INFO - Filling up the DagBag from /opt/airflow/dags/weather_pipeline_dag.py
[2025-10-18T20:38:30.158+0000] {processor.py:840} INFO - DAG(s) 'weather_pipeline' retrieved from /opt/airflow/dags/weather_pipeline_dag.py
[2025-10-18T20:38:30.186+0000] {logging_mixin.py:188} INFO - [2025-10-18T20:38:30.186+0000] {dag.py:3089} INFO - Sync 1 DAGs
[2025-10-18T20:38:30.202+0000] {logging_mixin.py:188} INFO - [2025-10-18T20:38:30.202+0000] {dag.py:3947} INFO - Setting next_dagrun for weather_pipeline to 2025-10-19 00:00:00+00:00, run_after=2025-10-19 00:10:00+00:00
[2025-10-18T20:38:30.211+0000] {processor.py:183} INFO - Processing /opt/airflow/dags/weather_pipeline_dag.py took 0.091 seconds
[2025-10-18T20:38:34.508+0000] {processor.py:161} INFO - Started process (PID=3845) to work on /opt/airflow/dags/weather_pipeline_dag.py
[2025-10-18T20:38:34.509+0000] {processor.py:830} INFO - Processing file /opt/airflow/dags/weather_pipeline_dag.py for tasks to queue
[2025-10-18T20:38:34.514+0000] {logging_mixin.py:188} INFO - [2025-10-18T20:38:34.513+0000] {dagbag.py:545} INFO - Filling up the DagBag from /opt/airflow/dags/weather_pipeline_dag.py
[2025-10-18T20:38:34.527+0000] {processor.py:840} INFO - DAG(s) 'weather_pipeline' retrieved from /opt/airflow/dags/weather_pipeline_dag.py
[2025-10-18T20:38:34.541+0000] {logging_mixin.py:188} INFO - [2025-10-18T20:38:34.541+0000] {dag.py:3089} INFO - Sync 1 DAGs
[2025-10-18T20:38:34.557+0000] {logging_mixin.py:188} INFO - [2025-10-18T20:38:34.557+0000] {dag.py:3947} INFO - Setting next_dagrun for weather_pipeline to 2025-10-19 00:00:00+00:00, run_after=2025-10-19 00:10:00+00:00
[2025-10-18T20:38:34.570+0000] {processor.py:183} INFO - Processing /opt/airflow/dags/weather_pipeline_dag.py took 0.070 seconds
[2025-10-18T20:39:00.675+0000] {processor.py:161} INFO - Started process (PID=3865) to work on /opt/airflow/dags/weather_pipeline_dag.py
[2025-10-18T20:39:00.677+0000] {processor.py:830} INFO - Processing file /opt/airflow/dags/weather_pipeline_dag.py for tasks to queue
[2025-10-18T20:39:00.680+0000] {logging_mixin.py:188} INFO - [2025-10-18T20:39:00.680+0000] {dagbag.py:545} INFO - Filling up the DagBag from /opt/airflow/dags/weather_pipeline_dag.py
[2025-10-18T20:39:00.699+0000] {processor.py:840} INFO - DAG(s) 'weather_pipeline' retrieved from /opt/airflow/dags/weather_pipeline_dag.py
[2025-10-18T20:39:00.791+0000] {logging_mixin.py:188} INFO - [2025-10-18T20:39:00.790+0000] {dag.py:3089} INFO - Sync 1 DAGs
[2025-10-18T20:39:00.800+0000] {logging_mixin.py:188} INFO - [2025-10-18T20:39:00.800+0000] {dag.py:3947} INFO - Setting next_dagrun for weather_pipeline to 2025-10-19 00:00:00+00:00, run_after=2025-10-19 00:10:00+00:00
[2025-10-18T20:39:00.809+0000] {processor.py:183} INFO - Processing /opt/airflow/dags/weather_pipeline_dag.py took 0.142 seconds
[2025-10-18T20:39:04.929+0000] {processor.py:161} INFO - Started process (PID=3885) to work on /opt/airflow/dags/weather_pipeline_dag.py
[2025-10-18T20:39:04.930+0000] {processor.py:830} INFO - Processing file /opt/airflow/dags/weather_pipeline_dag.py for tasks to queue
[2025-10-18T20:39:04.932+0000] {logging_mixin.py:188} INFO - [2025-10-18T20:39:04.932+0000] {dagbag.py:545} INFO - Filling up the DagBag from /opt/airflow/dags/weather_pipeline_dag.py
[2025-10-18T20:39:04.942+0000] {processor.py:840} INFO - DAG(s) 'weather_pipeline' retrieved from /opt/airflow/dags/weather_pipeline_dag.py
[2025-10-18T20:39:04.953+0000] {logging_mixin.py:188} INFO - [2025-10-18T20:39:04.953+0000] {dag.py:3089} INFO - Sync 1 DAGs
[2025-10-18T20:39:04.968+0000] {logging_mixin.py:188} INFO - [2025-10-18T20:39:04.968+0000] {dag.py:3947} INFO - Setting next_dagrun for weather_pipeline to 2025-10-19 00:00:00+00:00, run_after=2025-10-19 00:10:00+00:00
[2025-10-18T20:39:04.979+0000] {processor.py:183} INFO - Processing /opt/airflow/dags/weather_pipeline_dag.py took 0.056 seconds
[2025-10-18T20:39:31.154+0000] {processor.py:161} INFO - Started process (PID=3905) to work on /opt/airflow/dags/weather_pipeline_dag.py
[2025-10-18T20:39:31.156+0000] {processor.py:830} INFO - Processing file /opt/airflow/dags/weather_pipeline_dag.py for tasks to queue
[2025-10-18T20:39:31.163+0000] {logging_mixin.py:188} INFO - [2025-10-18T20:39:31.163+0000] {dagbag.py:545} INFO - Filling up the DagBag from /opt/airflow/dags/weather_pipeline_dag.py
[2025-10-18T20:39:31.205+0000] {processor.py:840} INFO - DAG(s) 'weather_pipeline' retrieved from /opt/airflow/dags/weather_pipeline_dag.py
[2025-10-18T20:39:31.250+0000] {logging_mixin.py:188} INFO - [2025-10-18T20:39:31.250+0000] {dag.py:3089} INFO - Sync 1 DAGs
[2025-10-18T20:39:31.267+0000] {logging_mixin.py:188} INFO - [2025-10-18T20:39:31.267+0000] {dag.py:3947} INFO - Setting next_dagrun for weather_pipeline to 2025-10-19 00:00:00+00:00, run_after=2025-10-19 00:10:00+00:00
[2025-10-18T20:39:31.278+0000] {processor.py:183} INFO - Processing /opt/airflow/dags/weather_pipeline_dag.py took 0.134 seconds
[2025-10-18T20:39:35.566+0000] {processor.py:161} INFO - Started process (PID=3925) to work on /opt/airflow/dags/weather_pipeline_dag.py
[2025-10-18T20:39:35.567+0000] {processor.py:830} INFO - Processing file /opt/airflow/dags/weather_pipeline_dag.py for tasks to queue
[2025-10-18T20:39:35.570+0000] {logging_mixin.py:188} INFO - [2025-10-18T20:39:35.569+0000] {dagbag.py:545} INFO - Filling up the DagBag from /opt/airflow/dags/weather_pipeline_dag.py
[2025-10-18T20:39:35.590+0000] {processor.py:840} INFO - DAG(s) 'weather_pipeline' retrieved from /opt/airflow/dags/weather_pipeline_dag.py
[2025-10-18T20:39:35.612+0000] {logging_mixin.py:188} INFO - [2025-10-18T20:39:35.612+0000] {dag.py:3089} INFO - Sync 1 DAGs
[2025-10-18T20:39:35.638+0000] {logging_mixin.py:188} INFO - [2025-10-18T20:39:35.638+0000] {dag.py:3947} INFO - Setting next_dagrun for weather_pipeline to 2025-10-19 00:00:00+00:00, run_after=2025-10-19 00:10:00+00:00
[2025-10-18T20:39:35.647+0000] {processor.py:183} INFO - Processing /opt/airflow/dags/weather_pipeline_dag.py took 0.094 seconds
[2025-10-18T20:40:01.903+0000] {processor.py:161} INFO - Started process (PID=3945) to work on /opt/airflow/dags/weather_pipeline_dag.py
[2025-10-18T20:40:01.905+0000] {processor.py:830} INFO - Processing file /opt/airflow/dags/weather_pipeline_dag.py for tasks to queue
[2025-10-18T20:40:01.910+0000] {logging_mixin.py:188} INFO - [2025-10-18T20:40:01.909+0000] {dagbag.py:545} INFO - Filling up the DagBag from /opt/airflow/dags/weather_pipeline_dag.py
[2025-10-18T20:40:01.930+0000] {processor.py:840} INFO - DAG(s) 'weather_pipeline' retrieved from /opt/airflow/dags/weather_pipeline_dag.py
[2025-10-18T20:40:02.040+0000] {logging_mixin.py:188} INFO - [2025-10-18T20:40:02.039+0000] {dag.py:3089} INFO - Sync 1 DAGs
[2025-10-18T20:40:02.051+0000] {logging_mixin.py:188} INFO - [2025-10-18T20:40:02.051+0000] {dag.py:3947} INFO - Setting next_dagrun for weather_pipeline to 2025-10-19 00:00:00+00:00, run_after=2025-10-19 00:10:00+00:00
[2025-10-18T20:40:02.063+0000] {processor.py:183} INFO - Processing /opt/airflow/dags/weather_pipeline_dag.py took 0.170 seconds
[2025-10-18T20:40:06.080+0000] {processor.py:161} INFO - Started process (PID=3965) to work on /opt/airflow/dags/weather_pipeline_dag.py
[2025-10-18T20:40:06.081+0000] {processor.py:830} INFO - Processing file /opt/airflow/dags/weather_pipeline_dag.py for tasks to queue
[2025-10-18T20:40:06.083+0000] {logging_mixin.py:188} INFO - [2025-10-18T20:40:06.083+0000] {dagbag.py:545} INFO - Filling up the DagBag from /opt/airflow/dags/weather_pipeline_dag.py
[2025-10-18T20:40:06.093+0000] {processor.py:840} INFO - DAG(s) 'weather_pipeline' retrieved from /opt/airflow/dags/weather_pipeline_dag.py
[2025-10-18T20:40:06.103+0000] {logging_mixin.py:188} INFO - [2025-10-18T20:40:06.102+0000] {dag.py:3089} INFO - Sync 1 DAGs
[2025-10-18T20:40:06.114+0000] {logging_mixin.py:188} INFO - [2025-10-18T20:40:06.114+0000] {dag.py:3947} INFO - Setting next_dagrun for weather_pipeline to 2025-10-19 00:00:00+00:00, run_after=2025-10-19 00:10:00+00:00
[2025-10-18T20:40:06.125+0000] {processor.py:183} INFO - Processing /opt/airflow/dags/weather_pipeline_dag.py took 0.049 seconds
[2025-10-18T20:40:32.345+0000] {processor.py:161} INFO - Started process (PID=3985) to work on /opt/airflow/dags/weather_pipeline_dag.py
[2025-10-18T20:40:32.348+0000] {processor.py:830} INFO - Processing file /opt/airflow/dags/weather_pipeline_dag.py for tasks to queue
[2025-10-18T20:40:32.350+0000] {logging_mixin.py:188} INFO - [2025-10-18T20:40:32.350+0000] {dagbag.py:545} INFO - Filling up the DagBag from /opt/airflow/dags/weather_pipeline_dag.py
[2025-10-18T20:40:32.364+0000] {processor.py:840} INFO - DAG(s) 'weather_pipeline' retrieved from /opt/airflow/dags/weather_pipeline_dag.py
[2025-10-18T20:40:32.411+0000] {logging_mixin.py:188} INFO - [2025-10-18T20:40:32.411+0000] {dag.py:3089} INFO - Sync 1 DAGs
[2025-10-18T20:40:32.428+0000] {logging_mixin.py:188} INFO - [2025-10-18T20:40:32.428+0000] {dag.py:3947} INFO - Setting next_dagrun for weather_pipeline to 2025-10-19 00:00:00+00:00, run_after=2025-10-19 00:10:00+00:00
[2025-10-18T20:40:32.439+0000] {processor.py:183} INFO - Processing /opt/airflow/dags/weather_pipeline_dag.py took 0.102 seconds
[2025-10-18T20:40:36.552+0000] {processor.py:161} INFO - Started process (PID=4005) to work on /opt/airflow/dags/weather_pipeline_dag.py
[2025-10-18T20:40:36.553+0000] {processor.py:830} INFO - Processing file /opt/airflow/dags/weather_pipeline_dag.py for tasks to queue
[2025-10-18T20:40:36.555+0000] {logging_mixin.py:188} INFO - [2025-10-18T20:40:36.555+0000] {dagbag.py:545} INFO - Filling up the DagBag from /opt/airflow/dags/weather_pipeline_dag.py
[2025-10-18T20:40:36.565+0000] {processor.py:840} INFO - DAG(s) 'weather_pipeline' retrieved from /opt/airflow/dags/weather_pipeline_dag.py
[2025-10-18T20:40:36.575+0000] {logging_mixin.py:188} INFO - [2025-10-18T20:40:36.575+0000] {dag.py:3089} INFO - Sync 1 DAGs
[2025-10-18T20:40:36.593+0000] {logging_mixin.py:188} INFO - [2025-10-18T20:40:36.592+0000] {dag.py:3947} INFO - Setting next_dagrun for weather_pipeline to 2025-10-19 00:00:00+00:00, run_after=2025-10-19 00:10:00+00:00
[2025-10-18T20:40:36.602+0000] {processor.py:183} INFO - Processing /opt/airflow/dags/weather_pipeline_dag.py took 0.055 seconds
[2025-10-18T20:41:02.927+0000] {processor.py:161} INFO - Started process (PID=4025) to work on /opt/airflow/dags/weather_pipeline_dag.py
[2025-10-18T20:41:02.928+0000] {processor.py:830} INFO - Processing file /opt/airflow/dags/weather_pipeline_dag.py for tasks to queue
[2025-10-18T20:41:02.931+0000] {logging_mixin.py:188} INFO - [2025-10-18T20:41:02.930+0000] {dagbag.py:545} INFO - Filling up the DagBag from /opt/airflow/dags/weather_pipeline_dag.py
[2025-10-18T20:41:02.956+0000] {processor.py:840} INFO - DAG(s) 'weather_pipeline' retrieved from /opt/airflow/dags/weather_pipeline_dag.py
[2025-10-18T20:41:03.064+0000] {logging_mixin.py:188} INFO - [2025-10-18T20:41:03.064+0000] {dag.py:3089} INFO - Sync 1 DAGs
[2025-10-18T20:41:03.075+0000] {logging_mixin.py:188} INFO - [2025-10-18T20:41:03.075+0000] {dag.py:3947} INFO - Setting next_dagrun for weather_pipeline to 2025-10-19 00:00:00+00:00, run_after=2025-10-19 00:10:00+00:00
[2025-10-18T20:41:03.086+0000] {processor.py:183} INFO - Processing /opt/airflow/dags/weather_pipeline_dag.py took 0.169 seconds
[2025-10-18T20:41:07.043+0000] {processor.py:161} INFO - Started process (PID=4045) to work on /opt/airflow/dags/weather_pipeline_dag.py
[2025-10-18T20:41:07.044+0000] {processor.py:830} INFO - Processing file /opt/airflow/dags/weather_pipeline_dag.py for tasks to queue
[2025-10-18T20:41:07.047+0000] {logging_mixin.py:188} INFO - [2025-10-18T20:41:07.046+0000] {dagbag.py:545} INFO - Filling up the DagBag from /opt/airflow/dags/weather_pipeline_dag.py
[2025-10-18T20:41:07.063+0000] {processor.py:840} INFO - DAG(s) 'weather_pipeline' retrieved from /opt/airflow/dags/weather_pipeline_dag.py
[2025-10-18T20:41:07.077+0000] {logging_mixin.py:188} INFO - [2025-10-18T20:41:07.077+0000] {dag.py:3089} INFO - Sync 1 DAGs
[2025-10-18T20:41:07.097+0000] {logging_mixin.py:188} INFO - [2025-10-18T20:41:07.097+0000] {dag.py:3947} INFO - Setting next_dagrun for weather_pipeline to 2025-10-19 00:00:00+00:00, run_after=2025-10-19 00:10:00+00:00
[2025-10-18T20:41:07.106+0000] {processor.py:183} INFO - Processing /opt/airflow/dags/weather_pipeline_dag.py took 0.072 seconds
[2025-10-18T20:41:24.390+0000] {processor.py:161} INFO - Started process (PID=4065) to work on /opt/airflow/dags/weather_pipeline_dag.py
[2025-10-18T20:41:24.393+0000] {processor.py:830} INFO - Processing file /opt/airflow/dags/weather_pipeline_dag.py for tasks to queue
[2025-10-18T20:41:24.397+0000] {logging_mixin.py:188} INFO - [2025-10-18T20:41:24.396+0000] {dagbag.py:545} INFO - Filling up the DagBag from /opt/airflow/dags/weather_pipeline_dag.py
[2025-10-18T20:41:24.415+0000] {processor.py:161} INFO - Started process (PID=4068) to work on /opt/airflow/dags/weather_pipeline_dag.py
[2025-10-18T20:41:24.416+0000] {processor.py:830} INFO - Processing file /opt/airflow/dags/weather_pipeline_dag.py for tasks to queue
[2025-10-18T20:41:24.421+0000] {logging_mixin.py:188} INFO - [2025-10-18T20:41:24.421+0000] {dagbag.py:545} INFO - Filling up the DagBag from /opt/airflow/dags/weather_pipeline_dag.py
[2025-10-18T20:41:24.423+0000] {processor.py:840} INFO - DAG(s) 'weather_pipeline_dag' retrieved from /opt/airflow/dags/weather_pipeline_dag.py
[2025-10-18T20:41:24.436+0000] {processor.py:840} INFO - DAG(s) 'weather_pipeline_dag' retrieved from /opt/airflow/dags/weather_pipeline_dag.py
[2025-10-18T20:41:24.510+0000] {logging_mixin.py:188} INFO - [2025-10-18T20:41:24.509+0000] {dag.py:3089} INFO - Sync 1 DAGs
[2025-10-18T20:41:24.522+0000] {logging_mixin.py:188} INFO - [2025-10-18T20:41:24.521+0000] {dag.py:3089} INFO - Sync 1 DAGs
[2025-10-18T20:41:24.543+0000] {logging_mixin.py:188} INFO - [2025-10-18T20:41:24.543+0000] {dag.py:3947} INFO - Setting next_dagrun for weather_pipeline_dag to 2025-10-19 00:00:00+00:00, run_after=2025-10-19 01:00:00+00:00
[2025-10-18T20:41:24.560+0000] {processor.py:183} INFO - Processing /opt/airflow/dags/weather_pipeline_dag.py took 0.178 seconds
[2025-10-18T20:41:24.568+0000] {logging_mixin.py:188} INFO - [2025-10-18T20:41:24.568+0000] {dag.py:3947} INFO - Setting next_dagrun for weather_pipeline_dag to 2025-10-19 00:00:00+00:00, run_after=2025-10-19 01:00:00+00:00
[2025-10-18T20:41:24.893+0000] {logging_mixin.py:188} INFO - [2025-10-18T20:41:24.885+0000] {dagbag.py:654} ERROR - Failed to write serialized DAG: /opt/airflow/dags/weather_pipeline_dag.py
Traceback (most recent call last):
  File "/home/airflow/.local/lib/python3.12/site-packages/airflow/models/dagbag.py", line 642, in _serialize_dag_capturing_errors
    dag_was_updated = SerializedDagModel.write_dag(
                      ^^^^^^^^^^^^^^^^^^^^^^^^^^^^^
  File "/home/airflow/.local/lib/python3.12/site-packages/airflow/utils/session.py", line 76, in wrapper
    return func(*args, **kwargs)
           ^^^^^^^^^^^^^^^^^^^^^
  File "/home/airflow/.local/lib/python3.12/site-packages/airflow/models/serialized_dag.py", line 158, in write_dag
    if session.scalar(
       ^^^^^^^^^^^^^^^
  File "/home/airflow/.local/lib/python3.12/site-packages/sqlalchemy/orm/session.py", line 1747, in scalar
    return self.execute(
           ^^^^^^^^^^^^^
  File "/home/airflow/.local/lib/python3.12/site-packages/sqlalchemy/orm/session.py", line 1716, in execute
    conn = self._connection_for_bind(bind)
           ^^^^^^^^^^^^^^^^^^^^^^^^^^^^^^^
  File "/home/airflow/.local/lib/python3.12/site-packages/sqlalchemy/orm/session.py", line 1555, in _connection_for_bind
    return self._transaction._connection_for_bind(
           ^^^^^^^^^^^^^^^^^^^^^^^^^^^^^^^^^^^^^^^
  File "/home/airflow/.local/lib/python3.12/site-packages/sqlalchemy/orm/session.py", line 724, in _connection_for_bind
    self._assert_active()
  File "/home/airflow/.local/lib/python3.12/site-packages/sqlalchemy/orm/session.py", line 604, in _assert_active
    raise sa_exc.PendingRollbackError(
sqlalchemy.exc.PendingRollbackError: This Session's transaction has been rolled back due to a previous exception during flush. To begin a new transaction with this Session, first issue Session.rollback(). Original exception was: (psycopg2.errors.UniqueViolation) duplicate key value violates unique constraint "serialized_dag_pkey"
DETAIL:  Key (dag_id)=(weather_pipeline_dag) already exists.

[SQL: INSERT INTO serialized_dag (dag_id, fileloc, fileloc_hash, data, data_compressed, last_updated, dag_hash, processor_subdir) VALUES (%(dag_id)s, %(fileloc)s, %(fileloc_hash)s, %(data)s, %(data_compressed)s, %(last_updated)s, %(dag_hash)s, %(processor_subdir)s)]
[parameters: {'dag_id': 'weather_pipeline_dag', 'fileloc': '/opt/airflow/dags/weather_pipeline_dag.py', 'fileloc_hash': 4376100473771052, 'data': '{"__version": 1, "dag": {"catchup": false, "edge_info": {}, "start_date": 1760832000.0, "timezone": "UTC", "_task_group": {"_group_id": null, "prefix ... (940 characters truncated) ... onOperator", "_task_module": "airflow.operators.python", "_is_empty": false, "op_args": [], "op_kwargs": {}}], "dag_dependencies": [], "params": []}}', 'data_compressed': None, 'last_updated': datetime.datetime(2025, 10, 18, 20, 41, 24, 451491, tzinfo=Timezone('UTC')), 'dag_hash': 'e6df4c99deaf64c93f761faf0f775f69', 'processor_subdir': '/opt/airflow/dags'}]
(Background on this error at: https://sqlalche.me/e/14/gkpj) (Background on this error at: https://sqlalche.me/e/14/7s2a)
[2025-10-18T20:41:24.894+0000] {logging_mixin.py:188} INFO - [2025-10-18T20:41:24.894+0000] {dag.py:3089} INFO - Sync 1 DAGs
[2025-10-18T20:41:24.895+0000] {processor.py:186} ERROR - Got an exception! Propagating...
Traceback (most recent call last):
  File "/home/airflow/.local/lib/python3.12/site-packages/airflow/dag_processing/processor.py", line 182, in _run_file_processor
    _handle_dag_file_processing()
  File "/home/airflow/.local/lib/python3.12/site-packages/airflow/dag_processing/processor.py", line 163, in _handle_dag_file_processing
    result: tuple[int, int] = dag_file_processor.process_file(
                              ^^^^^^^^^^^^^^^^^^^^^^^^^^^^^^^^
  File "/home/airflow/.local/lib/python3.12/site-packages/airflow/utils/session.py", line 79, in wrapper
    return func(*args, session=session, **kwargs)
           ^^^^^^^^^^^^^^^^^^^^^^^^^^^^^^^^^^^^^^
  File "/home/airflow/.local/lib/python3.12/site-packages/airflow/dag_processing/processor.py", line 859, in process_file
    serialize_errors = DagFileProcessor.save_dag_to_db(
                       ^^^^^^^^^^^^^^^^^^^^^^^^^^^^^^^^
  File "/home/airflow/.local/lib/python3.12/site-packages/airflow/api_internal/internal_api_call.py", line 115, in wrapper
    return func(*args, **kwargs)
           ^^^^^^^^^^^^^^^^^^^^^
  File "/home/airflow/.local/lib/python3.12/site-packages/airflow/utils/session.py", line 79, in wrapper
    return func(*args, session=session, **kwargs)
           ^^^^^^^^^^^^^^^^^^^^^^^^^^^^^^^^^^^^^^
  File "/home/airflow/.local/lib/python3.12/site-packages/airflow/dag_processing/processor.py", line 895, in save_dag_to_db
    import_errors = DagBag._sync_to_db(dags=dags, processor_subdir=dag_directory, session=session)
                    ^^^^^^^^^^^^^^^^^^^^^^^^^^^^^^^^^^^^^^^^^^^^^^^^^^^^^^^^^^^^^^^^^^^^^^^^^^^^^^
  File "/home/airflow/.local/lib/python3.12/site-packages/airflow/utils/session.py", line 76, in wrapper
    return func(*args, **kwargs)
           ^^^^^^^^^^^^^^^^^^^^^
  File "/home/airflow/.local/lib/python3.12/site-packages/airflow/models/dagbag.py", line 664, in _sync_to_db
    for attempt in run_with_db_retries(logger=log):
  File "/home/airflow/.local/lib/python3.12/site-packages/tenacity/__init__.py", line 443, in __iter__
    do = self.iter(retry_state=retry_state)
         ^^^^^^^^^^^^^^^^^^^^^^^^^^^^^^^^^^
  File "/home/airflow/.local/lib/python3.12/site-packages/tenacity/__init__.py", line 376, in iter
    result = action(retry_state)
             ^^^^^^^^^^^^^^^^^^^
  File "/home/airflow/.local/lib/python3.12/site-packages/tenacity/__init__.py", line 398, in <lambda>
    self._add_action_func(lambda rs: rs.outcome.result())
                                     ^^^^^^^^^^^^^^^^^^^
  File "/usr/local/lib/python3.12/concurrent/futures/_base.py", line 449, in result
    return self.__get_result()
           ^^^^^^^^^^^^^^^^^^^
  File "/usr/local/lib/python3.12/concurrent/futures/_base.py", line 401, in __get_result
    raise self._exception
  File "/home/airflow/.local/lib/python3.12/site-packages/airflow/models/dagbag.py", line 680, in _sync_to_db
    DAG.bulk_write_to_db(dags.values(), processor_subdir=processor_subdir, session=session)
  File "/home/airflow/.local/lib/python3.12/site-packages/airflow/utils/session.py", line 76, in wrapper
    return func(*args, **kwargs)
           ^^^^^^^^^^^^^^^^^^^^^
  File "/home/airflow/.local/lib/python3.12/site-packages/airflow/models/dag.py", line 3101, in bulk_write_to_db
    orm_dags: list[DagModel] = session.scalars(query).unique().all()
                               ^^^^^^^^^^^^^^^^^^^^^^
  File "/home/airflow/.local/lib/python3.12/site-packages/sqlalchemy/orm/session.py", line 1778, in scalars
    return self.execute(
           ^^^^^^^^^^^^^
  File "/home/airflow/.local/lib/python3.12/site-packages/sqlalchemy/orm/session.py", line 1716, in execute
    conn = self._connection_for_bind(bind)
           ^^^^^^^^^^^^^^^^^^^^^^^^^^^^^^^
  File "/home/airflow/.local/lib/python3.12/site-packages/sqlalchemy/orm/session.py", line 1555, in _connection_for_bind
    return self._transaction._connection_for_bind(
           ^^^^^^^^^^^^^^^^^^^^^^^^^^^^^^^^^^^^^^^
  File "/home/airflow/.local/lib/python3.12/site-packages/sqlalchemy/orm/session.py", line 724, in _connection_for_bind
    self._assert_active()
  File "/home/airflow/.local/lib/python3.12/site-packages/sqlalchemy/orm/session.py", line 604, in _assert_active
    raise sa_exc.PendingRollbackError(
sqlalchemy.exc.PendingRollbackError: This Session's transaction has been rolled back due to a previous exception during flush. To begin a new transaction with this Session, first issue Session.rollback(). Original exception was: (psycopg2.errors.UniqueViolation) duplicate key value violates unique constraint "serialized_dag_pkey"
DETAIL:  Key (dag_id)=(weather_pipeline_dag) already exists.

[SQL: INSERT INTO serialized_dag (dag_id, fileloc, fileloc_hash, data, data_compressed, last_updated, dag_hash, processor_subdir) VALUES (%(dag_id)s, %(fileloc)s, %(fileloc_hash)s, %(data)s, %(data_compressed)s, %(last_updated)s, %(dag_hash)s, %(processor_subdir)s)]
[parameters: {'dag_id': 'weather_pipeline_dag', 'fileloc': '/opt/airflow/dags/weather_pipeline_dag.py', 'fileloc_hash': 4376100473771052, 'data': '{"__version": 1, "dag": {"catchup": false, "edge_info": {}, "start_date": 1760832000.0, "timezone": "UTC", "_task_group": {"_group_id": null, "prefix ... (940 characters truncated) ... onOperator", "_task_module": "airflow.operators.python", "_is_empty": false, "op_args": [], "op_kwargs": {}}], "dag_dependencies": [], "params": []}}', 'data_compressed': None, 'last_updated': datetime.datetime(2025, 10, 18, 20, 41, 24, 451491, tzinfo=Timezone('UTC')), 'dag_hash': 'e6df4c99deaf64c93f761faf0f775f69', 'processor_subdir': '/opt/airflow/dags'}]
(Background on this error at: https://sqlalche.me/e/14/gkpj) (Background on this error at: https://sqlalche.me/e/14/7s2a)
[2025-10-18T20:41:55.037+0000] {processor.py:161} INFO - Started process (PID=4105) to work on /opt/airflow/dags/weather_pipeline_dag.py
[2025-10-18T20:41:55.042+0000] {processor.py:830} INFO - Processing file /opt/airflow/dags/weather_pipeline_dag.py for tasks to queue
[2025-10-18T20:41:55.047+0000] {logging_mixin.py:188} INFO - [2025-10-18T20:41:55.046+0000] {dagbag.py:545} INFO - Filling up the DagBag from /opt/airflow/dags/weather_pipeline_dag.py
[2025-10-18T20:41:55.060+0000] {processor.py:161} INFO - Started process (PID=4108) to work on /opt/airflow/dags/weather_pipeline_dag.py
[2025-10-18T20:41:55.063+0000] {processor.py:830} INFO - Processing file /opt/airflow/dags/weather_pipeline_dag.py for tasks to queue
[2025-10-18T20:41:55.067+0000] {logging_mixin.py:188} INFO - [2025-10-18T20:41:55.067+0000] {dagbag.py:545} INFO - Filling up the DagBag from /opt/airflow/dags/weather_pipeline_dag.py
[2025-10-18T20:41:55.071+0000] {processor.py:840} INFO - DAG(s) 'weather_pipeline_dag' retrieved from /opt/airflow/dags/weather_pipeline_dag.py
[2025-10-18T20:41:55.094+0000] {processor.py:840} INFO - DAG(s) 'weather_pipeline_dag' retrieved from /opt/airflow/dags/weather_pipeline_dag.py
[2025-10-18T20:41:55.113+0000] {logging_mixin.py:188} INFO - [2025-10-18T20:41:55.113+0000] {dag.py:3089} INFO - Sync 1 DAGs
[2025-10-18T20:41:55.125+0000] {logging_mixin.py:188} INFO - [2025-10-18T20:41:55.125+0000] {dag.py:3089} INFO - Sync 1 DAGs
[2025-10-18T20:41:55.133+0000] {logging_mixin.py:188} INFO - [2025-10-18T20:41:55.133+0000] {dag.py:3947} INFO - Setting next_dagrun for weather_pipeline_dag to 2025-10-19 00:00:00+00:00, run_after=2025-10-19 01:00:00+00:00
[2025-10-18T20:41:55.144+0000] {processor.py:183} INFO - Processing /opt/airflow/dags/weather_pipeline_dag.py took 0.125 seconds
[2025-10-18T20:41:55.148+0000] {logging_mixin.py:188} INFO - [2025-10-18T20:41:55.148+0000] {dag.py:3947} INFO - Setting next_dagrun for weather_pipeline_dag to 2025-10-19 00:00:00+00:00, run_after=2025-10-19 01:00:00+00:00
[2025-10-18T20:41:55.155+0000] {processor.py:183} INFO - Processing /opt/airflow/dags/weather_pipeline_dag.py took 0.108 seconds
[2025-10-18T20:42:25.494+0000] {processor.py:161} INFO - Started process (PID=4145) to work on /opt/airflow/dags/weather_pipeline_dag.py
[2025-10-18T20:42:25.495+0000] {processor.py:830} INFO - Processing file /opt/airflow/dags/weather_pipeline_dag.py for tasks to queue
[2025-10-18T20:42:25.500+0000] {logging_mixin.py:188} INFO - [2025-10-18T20:42:25.499+0000] {dagbag.py:545} INFO - Filling up the DagBag from /opt/airflow/dags/weather_pipeline_dag.py
[2025-10-18T20:42:25.500+0000] {processor.py:161} INFO - Started process (PID=4146) to work on /opt/airflow/dags/weather_pipeline_dag.py
[2025-10-18T20:42:25.501+0000] {processor.py:830} INFO - Processing file /opt/airflow/dags/weather_pipeline_dag.py for tasks to queue
[2025-10-18T20:42:25.503+0000] {logging_mixin.py:188} INFO - [2025-10-18T20:42:25.503+0000] {dagbag.py:545} INFO - Filling up the DagBag from /opt/airflow/dags/weather_pipeline_dag.py
[2025-10-18T20:42:25.523+0000] {processor.py:840} INFO - DAG(s) 'weather_pipeline_dag' retrieved from /opt/airflow/dags/weather_pipeline_dag.py
[2025-10-18T20:42:25.535+0000] {processor.py:840} INFO - DAG(s) 'weather_pipeline_dag' retrieved from /opt/airflow/dags/weather_pipeline_dag.py
[2025-10-18T20:42:25.561+0000] {logging_mixin.py:188} INFO - [2025-10-18T20:42:25.561+0000] {dag.py:3089} INFO - Sync 1 DAGs
[2025-10-18T20:42:25.564+0000] {logging_mixin.py:188} INFO - [2025-10-18T20:42:25.564+0000] {dag.py:3089} INFO - Sync 1 DAGs
[2025-10-18T20:42:25.576+0000] {logging_mixin.py:188} INFO - [2025-10-18T20:42:25.576+0000] {dag.py:3947} INFO - Setting next_dagrun for weather_pipeline_dag to 2025-10-19 00:00:00+00:00, run_after=2025-10-19 01:00:00+00:00
[2025-10-18T20:42:25.585+0000] {processor.py:183} INFO - Processing /opt/airflow/dags/weather_pipeline_dag.py took 0.103 seconds
[2025-10-18T20:42:25.588+0000] {logging_mixin.py:188} INFO - [2025-10-18T20:42:25.588+0000] {dag.py:3947} INFO - Setting next_dagrun for weather_pipeline_dag to 2025-10-19 00:00:00+00:00, run_after=2025-10-19 01:00:00+00:00
[2025-10-18T20:42:25.596+0000] {processor.py:183} INFO - Processing /opt/airflow/dags/weather_pipeline_dag.py took 0.107 seconds
[2025-10-18T20:42:56.247+0000] {processor.py:161} INFO - Started process (PID=4185) to work on /opt/airflow/dags/weather_pipeline_dag.py
[2025-10-18T20:42:56.249+0000] {processor.py:830} INFO - Processing file /opt/airflow/dags/weather_pipeline_dag.py for tasks to queue
[2025-10-18T20:42:56.252+0000] {logging_mixin.py:188} INFO - [2025-10-18T20:42:56.251+0000] {dagbag.py:545} INFO - Filling up the DagBag from /opt/airflow/dags/weather_pipeline_dag.py
[2025-10-18T20:42:56.267+0000] {processor.py:840} INFO - DAG(s) 'weather_pipeline_dag' retrieved from /opt/airflow/dags/weather_pipeline_dag.py
[2025-10-18T20:42:56.301+0000] {processor.py:161} INFO - Started process (PID=4188) to work on /opt/airflow/dags/weather_pipeline_dag.py
[2025-10-18T20:42:56.303+0000] {processor.py:830} INFO - Processing file /opt/airflow/dags/weather_pipeline_dag.py for tasks to queue
[2025-10-18T20:42:56.307+0000] {logging_mixin.py:188} INFO - [2025-10-18T20:42:56.306+0000] {dag.py:3089} INFO - Sync 1 DAGs
[2025-10-18T20:42:56.307+0000] {logging_mixin.py:188} INFO - [2025-10-18T20:42:56.307+0000] {dagbag.py:545} INFO - Filling up the DagBag from /opt/airflow/dags/weather_pipeline_dag.py
[2025-10-18T20:42:56.326+0000] {logging_mixin.py:188} INFO - [2025-10-18T20:42:56.326+0000] {dag.py:3947} INFO - Setting next_dagrun for weather_pipeline_dag to 2025-10-19 00:00:00+00:00, run_after=2025-10-19 01:00:00+00:00
[2025-10-18T20:42:56.332+0000] {processor.py:840} INFO - DAG(s) 'weather_pipeline_dag' retrieved from /opt/airflow/dags/weather_pipeline_dag.py
[2025-10-18T20:42:56.343+0000] {processor.py:183} INFO - Processing /opt/airflow/dags/weather_pipeline_dag.py took 0.109 seconds
[2025-10-18T20:42:56.357+0000] {logging_mixin.py:188} INFO - [2025-10-18T20:42:56.357+0000] {dag.py:3089} INFO - Sync 1 DAGs
[2025-10-18T20:42:56.370+0000] {logging_mixin.py:188} INFO - [2025-10-18T20:42:56.369+0000] {dag.py:3947} INFO - Setting next_dagrun for weather_pipeline_dag to 2025-10-19 00:00:00+00:00, run_after=2025-10-19 01:00:00+00:00
[2025-10-18T20:42:56.377+0000] {processor.py:183} INFO - Processing /opt/airflow/dags/weather_pipeline_dag.py took 0.084 seconds
[2025-10-18T20:43:26.674+0000] {processor.py:161} INFO - Started process (PID=4225) to work on /opt/airflow/dags/weather_pipeline_dag.py
[2025-10-18T20:43:26.674+0000] {processor.py:161} INFO - Started process (PID=4226) to work on /opt/airflow/dags/weather_pipeline_dag.py
[2025-10-18T20:43:26.676+0000] {processor.py:830} INFO - Processing file /opt/airflow/dags/weather_pipeline_dag.py for tasks to queue
[2025-10-18T20:43:26.678+0000] {processor.py:830} INFO - Processing file /opt/airflow/dags/weather_pipeline_dag.py for tasks to queue
[2025-10-18T20:43:26.681+0000] {logging_mixin.py:188} INFO - [2025-10-18T20:43:26.681+0000] {dagbag.py:545} INFO - Filling up the DagBag from /opt/airflow/dags/weather_pipeline_dag.py
[2025-10-18T20:43:26.681+0000] {logging_mixin.py:188} INFO - [2025-10-18T20:43:26.681+0000] {dagbag.py:545} INFO - Filling up the DagBag from /opt/airflow/dags/weather_pipeline_dag.py
[2025-10-18T20:43:26.699+0000] {processor.py:840} INFO - DAG(s) 'weather_pipeline_dag' retrieved from /opt/airflow/dags/weather_pipeline_dag.py
[2025-10-18T20:43:26.700+0000] {processor.py:840} INFO - DAG(s) 'weather_pipeline_dag' retrieved from /opt/airflow/dags/weather_pipeline_dag.py
[2025-10-18T20:43:26.725+0000] {logging_mixin.py:188} INFO - [2025-10-18T20:43:26.725+0000] {dag.py:3089} INFO - Sync 1 DAGs
[2025-10-18T20:43:26.726+0000] {logging_mixin.py:188} INFO - [2025-10-18T20:43:26.726+0000] {dag.py:3089} INFO - Sync 1 DAGs
[2025-10-18T20:43:26.738+0000] {logging_mixin.py:188} INFO - [2025-10-18T20:43:26.738+0000] {dag.py:3947} INFO - Setting next_dagrun for weather_pipeline_dag to 2025-10-19 00:00:00+00:00, run_after=2025-10-19 01:00:00+00:00
[2025-10-18T20:43:26.748+0000] {processor.py:183} INFO - Processing /opt/airflow/dags/weather_pipeline_dag.py took 0.084 seconds
[2025-10-18T20:43:26.754+0000] {logging_mixin.py:188} INFO - [2025-10-18T20:43:26.754+0000] {dag.py:3947} INFO - Setting next_dagrun for weather_pipeline_dag to 2025-10-19 00:00:00+00:00, run_after=2025-10-19 01:00:00+00:00
[2025-10-18T20:43:26.761+0000] {processor.py:183} INFO - Processing /opt/airflow/dags/weather_pipeline_dag.py took 0.097 seconds
[2025-10-18T20:43:57.171+0000] {processor.py:161} INFO - Started process (PID=4265) to work on /opt/airflow/dags/weather_pipeline_dag.py
[2025-10-18T20:43:57.173+0000] {processor.py:830} INFO - Processing file /opt/airflow/dags/weather_pipeline_dag.py for tasks to queue
[2025-10-18T20:43:57.176+0000] {logging_mixin.py:188} INFO - [2025-10-18T20:43:57.176+0000] {dagbag.py:545} INFO - Filling up the DagBag from /opt/airflow/dags/weather_pipeline_dag.py
[2025-10-18T20:43:57.193+0000] {processor.py:840} INFO - DAG(s) 'weather_pipeline_dag' retrieved from /opt/airflow/dags/weather_pipeline_dag.py
[2025-10-18T20:43:57.220+0000] {logging_mixin.py:188} INFO - [2025-10-18T20:43:57.220+0000] {dag.py:3089} INFO - Sync 1 DAGs
[2025-10-18T20:43:57.233+0000] {logging_mixin.py:188} INFO - [2025-10-18T20:43:57.233+0000] {dag.py:3947} INFO - Setting next_dagrun for weather_pipeline_dag to 2025-10-19 00:00:00+00:00, run_after=2025-10-19 01:00:00+00:00
[2025-10-18T20:43:57.248+0000] {processor.py:183} INFO - Processing /opt/airflow/dags/weather_pipeline_dag.py took 0.084 seconds
[2025-10-18T20:43:57.268+0000] {processor.py:161} INFO - Started process (PID=4270) to work on /opt/airflow/dags/weather_pipeline_dag.py
[2025-10-18T20:43:57.269+0000] {processor.py:830} INFO - Processing file /opt/airflow/dags/weather_pipeline_dag.py for tasks to queue
[2025-10-18T20:43:57.271+0000] {logging_mixin.py:188} INFO - [2025-10-18T20:43:57.271+0000] {dagbag.py:545} INFO - Filling up the DagBag from /opt/airflow/dags/weather_pipeline_dag.py
[2025-10-18T20:43:57.280+0000] {processor.py:840} INFO - DAG(s) 'weather_pipeline_dag' retrieved from /opt/airflow/dags/weather_pipeline_dag.py
[2025-10-18T20:43:57.297+0000] {logging_mixin.py:188} INFO - [2025-10-18T20:43:57.297+0000] {dag.py:3089} INFO - Sync 1 DAGs
[2025-10-18T20:43:57.311+0000] {logging_mixin.py:188} INFO - [2025-10-18T20:43:57.311+0000] {dag.py:3947} INFO - Setting next_dagrun for weather_pipeline_dag to 2025-10-19 00:00:00+00:00, run_after=2025-10-19 01:00:00+00:00
[2025-10-18T20:43:57.319+0000] {processor.py:183} INFO - Processing /opt/airflow/dags/weather_pipeline_dag.py took 0.060 seconds
[2025-10-18T20:44:27.644+0000] {processor.py:161} INFO - Started process (PID=4305) to work on /opt/airflow/dags/weather_pipeline_dag.py
[2025-10-18T20:44:27.648+0000] {processor.py:830} INFO - Processing file /opt/airflow/dags/weather_pipeline_dag.py for tasks to queue
[2025-10-18T20:44:27.659+0000] {logging_mixin.py:188} INFO - [2025-10-18T20:44:27.659+0000] {dagbag.py:545} INFO - Filling up the DagBag from /opt/airflow/dags/weather_pipeline_dag.py
[2025-10-18T20:44:27.677+0000] {processor.py:840} INFO - DAG(s) 'weather_pipeline_dag' retrieved from /opt/airflow/dags/weather_pipeline_dag.py
[2025-10-18T20:44:27.719+0000] {logging_mixin.py:188} INFO - [2025-10-18T20:44:27.719+0000] {dag.py:3089} INFO - Sync 1 DAGs
[2025-10-18T20:44:27.718+0000] {processor.py:161} INFO - Started process (PID=4308) to work on /opt/airflow/dags/weather_pipeline_dag.py
[2025-10-18T20:44:27.723+0000] {processor.py:830} INFO - Processing file /opt/airflow/dags/weather_pipeline_dag.py for tasks to queue
[2025-10-18T20:44:27.729+0000] {logging_mixin.py:188} INFO - [2025-10-18T20:44:27.728+0000] {dagbag.py:545} INFO - Filling up the DagBag from /opt/airflow/dags/weather_pipeline_dag.py
[2025-10-18T20:44:27.739+0000] {logging_mixin.py:188} INFO - [2025-10-18T20:44:27.739+0000] {dag.py:3947} INFO - Setting next_dagrun for weather_pipeline_dag to 2025-10-19 00:00:00+00:00, run_after=2025-10-19 01:00:00+00:00
[2025-10-18T20:44:27.746+0000] {processor.py:840} INFO - DAG(s) 'weather_pipeline_dag' retrieved from /opt/airflow/dags/weather_pipeline_dag.py
[2025-10-18T20:44:27.753+0000] {processor.py:183} INFO - Processing /opt/airflow/dags/weather_pipeline_dag.py took 0.123 seconds
[2025-10-18T20:44:27.771+0000] {logging_mixin.py:188} INFO - [2025-10-18T20:44:27.771+0000] {dag.py:3089} INFO - Sync 1 DAGs
[2025-10-18T20:44:27.782+0000] {logging_mixin.py:188} INFO - [2025-10-18T20:44:27.782+0000] {dag.py:3947} INFO - Setting next_dagrun for weather_pipeline_dag to 2025-10-19 00:00:00+00:00, run_after=2025-10-19 01:00:00+00:00
[2025-10-18T20:44:27.789+0000] {processor.py:183} INFO - Processing /opt/airflow/dags/weather_pipeline_dag.py took 0.078 seconds
[2025-10-18T20:44:58.137+0000] {processor.py:161} INFO - Started process (PID=4345) to work on /opt/airflow/dags/weather_pipeline_dag.py
[2025-10-18T20:44:58.141+0000] {processor.py:830} INFO - Processing file /opt/airflow/dags/weather_pipeline_dag.py for tasks to queue
[2025-10-18T20:44:58.144+0000] {logging_mixin.py:188} INFO - [2025-10-18T20:44:58.144+0000] {dagbag.py:545} INFO - Filling up the DagBag from /opt/airflow/dags/weather_pipeline_dag.py
[2025-10-18T20:44:58.154+0000] {processor.py:161} INFO - Started process (PID=4348) to work on /opt/airflow/dags/weather_pipeline_dag.py
[2025-10-18T20:44:58.162+0000] {processor.py:840} INFO - DAG(s) 'weather_pipeline_dag' retrieved from /opt/airflow/dags/weather_pipeline_dag.py
[2025-10-18T20:44:58.161+0000] {processor.py:830} INFO - Processing file /opt/airflow/dags/weather_pipeline_dag.py for tasks to queue
[2025-10-18T20:44:58.165+0000] {logging_mixin.py:188} INFO - [2025-10-18T20:44:58.165+0000] {dagbag.py:545} INFO - Filling up the DagBag from /opt/airflow/dags/weather_pipeline_dag.py
[2025-10-18T20:44:58.182+0000] {processor.py:840} INFO - DAG(s) 'weather_pipeline_dag' retrieved from /opt/airflow/dags/weather_pipeline_dag.py
[2025-10-18T20:44:58.196+0000] {logging_mixin.py:188} INFO - [2025-10-18T20:44:58.196+0000] {dag.py:3089} INFO - Sync 1 DAGs
[2025-10-18T20:44:58.209+0000] {logging_mixin.py:188} INFO - [2025-10-18T20:44:58.209+0000] {dag.py:3089} INFO - Sync 1 DAGs
[2025-10-18T20:44:58.218+0000] {logging_mixin.py:188} INFO - [2025-10-18T20:44:58.218+0000] {dag.py:3947} INFO - Setting next_dagrun for weather_pipeline_dag to 2025-10-19 00:00:00+00:00, run_after=2025-10-19 01:00:00+00:00
[2025-10-18T20:44:58.228+0000] {processor.py:183} INFO - Processing /opt/airflow/dags/weather_pipeline_dag.py took 0.104 seconds
[2025-10-18T20:44:58.236+0000] {logging_mixin.py:188} INFO - [2025-10-18T20:44:58.235+0000] {dag.py:3947} INFO - Setting next_dagrun for weather_pipeline_dag to 2025-10-19 00:00:00+00:00, run_after=2025-10-19 01:00:00+00:00
[2025-10-18T20:44:58.243+0000] {processor.py:183} INFO - Processing /opt/airflow/dags/weather_pipeline_dag.py took 0.098 seconds
[2025-10-18T20:45:28.894+0000] {processor.py:161} INFO - Started process (PID=4385) to work on /opt/airflow/dags/weather_pipeline_dag.py
[2025-10-18T20:45:28.895+0000] {processor.py:161} INFO - Started process (PID=4386) to work on /opt/airflow/dags/weather_pipeline_dag.py
[2025-10-18T20:45:28.896+0000] {processor.py:830} INFO - Processing file /opt/airflow/dags/weather_pipeline_dag.py for tasks to queue
[2025-10-18T20:45:28.898+0000] {logging_mixin.py:188} INFO - [2025-10-18T20:45:28.897+0000] {dagbag.py:545} INFO - Filling up the DagBag from /opt/airflow/dags/weather_pipeline_dag.py
[2025-10-18T20:45:28.896+0000] {processor.py:830} INFO - Processing file /opt/airflow/dags/weather_pipeline_dag.py for tasks to queue
[2025-10-18T20:45:28.900+0000] {logging_mixin.py:188} INFO - [2025-10-18T20:45:28.899+0000] {dagbag.py:545} INFO - Filling up the DagBag from /opt/airflow/dags/weather_pipeline_dag.py
[2025-10-18T20:45:28.918+0000] {processor.py:840} INFO - DAG(s) 'weather_pipeline_dag' retrieved from /opt/airflow/dags/weather_pipeline_dag.py
[2025-10-18T20:45:28.919+0000] {processor.py:840} INFO - DAG(s) 'weather_pipeline_dag' retrieved from /opt/airflow/dags/weather_pipeline_dag.py
[2025-10-18T20:45:28.952+0000] {logging_mixin.py:188} INFO - [2025-10-18T20:45:28.952+0000] {dag.py:3089} INFO - Sync 1 DAGs
[2025-10-18T20:45:28.952+0000] {logging_mixin.py:188} INFO - [2025-10-18T20:45:28.952+0000] {dag.py:3089} INFO - Sync 1 DAGs
[2025-10-18T20:45:28.969+0000] {logging_mixin.py:188} INFO - [2025-10-18T20:45:28.969+0000] {dag.py:3947} INFO - Setting next_dagrun for weather_pipeline_dag to 2025-10-19 00:00:00+00:00, run_after=2025-10-19 01:00:00+00:00
[2025-10-18T20:45:28.980+0000] {processor.py:183} INFO - Processing /opt/airflow/dags/weather_pipeline_dag.py took 0.094 seconds
[2025-10-18T20:45:28.984+0000] {logging_mixin.py:188} INFO - [2025-10-18T20:45:28.983+0000] {dag.py:3947} INFO - Setting next_dagrun for weather_pipeline_dag to 2025-10-19 00:00:00+00:00, run_after=2025-10-19 01:00:00+00:00
[2025-10-18T20:45:28.993+0000] {processor.py:183} INFO - Processing /opt/airflow/dags/weather_pipeline_dag.py took 0.107 seconds
[2025-10-18T20:45:59.292+0000] {processor.py:161} INFO - Started process (PID=4425) to work on /opt/airflow/dags/weather_pipeline_dag.py
[2025-10-18T20:45:59.294+0000] {processor.py:830} INFO - Processing file /opt/airflow/dags/weather_pipeline_dag.py for tasks to queue
[2025-10-18T20:45:59.300+0000] {logging_mixin.py:188} INFO - [2025-10-18T20:45:59.299+0000] {dagbag.py:545} INFO - Filling up the DagBag from /opt/airflow/dags/weather_pipeline_dag.py
[2025-10-18T20:45:59.316+0000] {processor.py:840} INFO - DAG(s) 'weather_pipeline_dag' retrieved from /opt/airflow/dags/weather_pipeline_dag.py
[2025-10-18T20:45:59.346+0000] {logging_mixin.py:188} INFO - [2025-10-18T20:45:59.346+0000] {dag.py:3089} INFO - Sync 1 DAGs
[2025-10-18T20:45:59.363+0000] {logging_mixin.py:188} INFO - [2025-10-18T20:45:59.363+0000] {dag.py:3947} INFO - Setting next_dagrun for weather_pipeline_dag to 2025-10-19 00:00:00+00:00, run_after=2025-10-19 01:00:00+00:00
[2025-10-18T20:45:59.372+0000] {processor.py:183} INFO - Processing /opt/airflow/dags/weather_pipeline_dag.py took 0.089 seconds
[2025-10-18T20:45:59.431+0000] {processor.py:161} INFO - Started process (PID=4430) to work on /opt/airflow/dags/weather_pipeline_dag.py
[2025-10-18T20:45:59.431+0000] {processor.py:830} INFO - Processing file /opt/airflow/dags/weather_pipeline_dag.py for tasks to queue
[2025-10-18T20:45:59.433+0000] {logging_mixin.py:188} INFO - [2025-10-18T20:45:59.433+0000] {dagbag.py:545} INFO - Filling up the DagBag from /opt/airflow/dags/weather_pipeline_dag.py
[2025-10-18T20:45:59.445+0000] {processor.py:840} INFO - DAG(s) 'weather_pipeline_dag' retrieved from /opt/airflow/dags/weather_pipeline_dag.py
[2025-10-18T20:45:59.463+0000] {logging_mixin.py:188} INFO - [2025-10-18T20:45:59.463+0000] {dag.py:3089} INFO - Sync 1 DAGs
[2025-10-18T20:45:59.476+0000] {logging_mixin.py:188} INFO - [2025-10-18T20:45:59.476+0000] {dag.py:3947} INFO - Setting next_dagrun for weather_pipeline_dag to 2025-10-19 00:00:00+00:00, run_after=2025-10-19 01:00:00+00:00
[2025-10-18T20:45:59.483+0000] {processor.py:183} INFO - Processing /opt/airflow/dags/weather_pipeline_dag.py took 0.057 seconds
[2025-10-18T20:46:29.696+0000] {processor.py:161} INFO - Started process (PID=4465) to work on /opt/airflow/dags/weather_pipeline_dag.py
[2025-10-18T20:46:29.697+0000] {processor.py:830} INFO - Processing file /opt/airflow/dags/weather_pipeline_dag.py for tasks to queue
[2025-10-18T20:46:29.700+0000] {logging_mixin.py:188} INFO - [2025-10-18T20:46:29.699+0000] {dagbag.py:545} INFO - Filling up the DagBag from /opt/airflow/dags/weather_pipeline_dag.py
[2025-10-18T20:46:29.716+0000] {processor.py:840} INFO - DAG(s) 'weather_pipeline_dag' retrieved from /opt/airflow/dags/weather_pipeline_dag.py
[2025-10-18T20:46:29.749+0000] {logging_mixin.py:188} INFO - [2025-10-18T20:46:29.749+0000] {dag.py:3089} INFO - Sync 1 DAGs
[2025-10-18T20:46:29.767+0000] {logging_mixin.py:188} INFO - [2025-10-18T20:46:29.766+0000] {dag.py:3947} INFO - Setting next_dagrun for weather_pipeline_dag to 2025-10-19 00:00:00+00:00, run_after=2025-10-19 01:00:00+00:00
[2025-10-18T20:46:29.775+0000] {processor.py:183} INFO - Processing /opt/airflow/dags/weather_pipeline_dag.py took 0.094 seconds
[2025-10-18T20:46:29.855+0000] {processor.py:161} INFO - Started process (PID=4470) to work on /opt/airflow/dags/weather_pipeline_dag.py
[2025-10-18T20:46:29.856+0000] {processor.py:830} INFO - Processing file /opt/airflow/dags/weather_pipeline_dag.py for tasks to queue
[2025-10-18T20:46:29.858+0000] {logging_mixin.py:188} INFO - [2025-10-18T20:46:29.857+0000] {dagbag.py:545} INFO - Filling up the DagBag from /opt/airflow/dags/weather_pipeline_dag.py
[2025-10-18T20:46:29.870+0000] {processor.py:840} INFO - DAG(s) 'weather_pipeline_dag' retrieved from /opt/airflow/dags/weather_pipeline_dag.py
[2025-10-18T20:46:29.897+0000] {logging_mixin.py:188} INFO - [2025-10-18T20:46:29.897+0000] {dag.py:3089} INFO - Sync 1 DAGs
[2025-10-18T20:46:29.908+0000] {logging_mixin.py:188} INFO - [2025-10-18T20:46:29.908+0000] {dag.py:3947} INFO - Setting next_dagrun for weather_pipeline_dag to 2025-10-19 00:00:00+00:00, run_after=2025-10-19 01:00:00+00:00
[2025-10-18T20:46:29.915+0000] {processor.py:183} INFO - Processing /opt/airflow/dags/weather_pipeline_dag.py took 0.065 seconds
[2025-10-18T20:47:00.139+0000] {processor.py:161} INFO - Started process (PID=4505) to work on /opt/airflow/dags/weather_pipeline_dag.py
[2025-10-18T20:47:00.141+0000] {processor.py:830} INFO - Processing file /opt/airflow/dags/weather_pipeline_dag.py for tasks to queue
[2025-10-18T20:47:00.144+0000] {logging_mixin.py:188} INFO - [2025-10-18T20:47:00.143+0000] {dagbag.py:545} INFO - Filling up the DagBag from /opt/airflow/dags/weather_pipeline_dag.py
[2025-10-18T20:47:00.158+0000] {processor.py:840} INFO - DAG(s) 'weather_pipeline_dag' retrieved from /opt/airflow/dags/weather_pipeline_dag.py
[2025-10-18T20:47:00.187+0000] {logging_mixin.py:188} INFO - [2025-10-18T20:47:00.187+0000] {dag.py:3089} INFO - Sync 1 DAGs
[2025-10-18T20:47:00.201+0000] {logging_mixin.py:188} INFO - [2025-10-18T20:47:00.201+0000] {dag.py:3947} INFO - Setting next_dagrun for weather_pipeline_dag to 2025-10-19 00:00:00+00:00, run_after=2025-10-19 01:00:00+00:00
[2025-10-18T20:47:00.212+0000] {processor.py:183} INFO - Processing /opt/airflow/dags/weather_pipeline_dag.py took 0.084 seconds
[2025-10-18T20:47:00.416+0000] {processor.py:161} INFO - Started process (PID=4510) to work on /opt/airflow/dags/weather_pipeline_dag.py
[2025-10-18T20:47:00.417+0000] {processor.py:830} INFO - Processing file /opt/airflow/dags/weather_pipeline_dag.py for tasks to queue
[2025-10-18T20:47:00.419+0000] {logging_mixin.py:188} INFO - [2025-10-18T20:47:00.418+0000] {dagbag.py:545} INFO - Filling up the DagBag from /opt/airflow/dags/weather_pipeline_dag.py
[2025-10-18T20:47:00.432+0000] {processor.py:840} INFO - DAG(s) 'weather_pipeline_dag' retrieved from /opt/airflow/dags/weather_pipeline_dag.py
[2025-10-18T20:47:00.455+0000] {logging_mixin.py:188} INFO - [2025-10-18T20:47:00.455+0000] {dag.py:3089} INFO - Sync 1 DAGs
[2025-10-18T20:47:00.466+0000] {logging_mixin.py:188} INFO - [2025-10-18T20:47:00.466+0000] {dag.py:3947} INFO - Setting next_dagrun for weather_pipeline_dag to 2025-10-19 00:00:00+00:00, run_after=2025-10-19 01:00:00+00:00
[2025-10-18T20:47:00.474+0000] {processor.py:183} INFO - Processing /opt/airflow/dags/weather_pipeline_dag.py took 0.066 seconds
[2025-10-18T20:47:30.566+0000] {processor.py:161} INFO - Started process (PID=4545) to work on /opt/airflow/dags/weather_pipeline_dag.py
[2025-10-18T20:47:30.568+0000] {processor.py:830} INFO - Processing file /opt/airflow/dags/weather_pipeline_dag.py for tasks to queue
[2025-10-18T20:47:30.571+0000] {logging_mixin.py:188} INFO - [2025-10-18T20:47:30.571+0000] {dagbag.py:545} INFO - Filling up the DagBag from /opt/airflow/dags/weather_pipeline_dag.py
[2025-10-18T20:47:30.592+0000] {processor.py:840} INFO - DAG(s) 'weather_pipeline_dag' retrieved from /opt/airflow/dags/weather_pipeline_dag.py
[2025-10-18T20:47:30.631+0000] {logging_mixin.py:188} INFO - [2025-10-18T20:47:30.631+0000] {dag.py:3089} INFO - Sync 1 DAGs
[2025-10-18T20:47:30.646+0000] {logging_mixin.py:188} INFO - [2025-10-18T20:47:30.646+0000] {dag.py:3947} INFO - Setting next_dagrun for weather_pipeline_dag to 2025-10-19 00:00:00+00:00, run_after=2025-10-19 01:00:00+00:00
[2025-10-18T20:47:30.658+0000] {processor.py:183} INFO - Processing /opt/airflow/dags/weather_pipeline_dag.py took 0.102 seconds
[2025-10-18T20:47:30.825+0000] {processor.py:161} INFO - Started process (PID=4550) to work on /opt/airflow/dags/weather_pipeline_dag.py
[2025-10-18T20:47:30.826+0000] {processor.py:830} INFO - Processing file /opt/airflow/dags/weather_pipeline_dag.py for tasks to queue
[2025-10-18T20:47:30.828+0000] {logging_mixin.py:188} INFO - [2025-10-18T20:47:30.828+0000] {dagbag.py:545} INFO - Filling up the DagBag from /opt/airflow/dags/weather_pipeline_dag.py
[2025-10-18T20:47:30.839+0000] {processor.py:840} INFO - DAG(s) 'weather_pipeline_dag' retrieved from /opt/airflow/dags/weather_pipeline_dag.py
[2025-10-18T20:47:30.863+0000] {logging_mixin.py:188} INFO - [2025-10-18T20:47:30.863+0000] {dag.py:3089} INFO - Sync 1 DAGs
[2025-10-18T20:47:30.875+0000] {logging_mixin.py:188} INFO - [2025-10-18T20:47:30.875+0000] {dag.py:3947} INFO - Setting next_dagrun for weather_pipeline_dag to 2025-10-19 00:00:00+00:00, run_after=2025-10-19 01:00:00+00:00
[2025-10-18T20:47:30.883+0000] {processor.py:183} INFO - Processing /opt/airflow/dags/weather_pipeline_dag.py took 0.067 seconds
[2025-10-18T20:48:01.417+0000] {processor.py:161} INFO - Started process (PID=4585) to work on /opt/airflow/dags/weather_pipeline_dag.py
[2025-10-18T20:48:01.419+0000] {processor.py:830} INFO - Processing file /opt/airflow/dags/weather_pipeline_dag.py for tasks to queue
[2025-10-18T20:48:01.425+0000] {logging_mixin.py:188} INFO - [2025-10-18T20:48:01.425+0000] {dagbag.py:545} INFO - Filling up the DagBag from /opt/airflow/dags/weather_pipeline_dag.py
[2025-10-18T20:48:01.472+0000] {processor.py:840} INFO - DAG(s) 'weather_pipeline_dag' retrieved from /opt/airflow/dags/weather_pipeline_dag.py
[2025-10-18T20:48:01.788+0000] {processor.py:161} INFO - Started process (PID=4588) to work on /opt/airflow/dags/weather_pipeline_dag.py
[2025-10-18T20:48:01.792+0000] {processor.py:830} INFO - Processing file /opt/airflow/dags/weather_pipeline_dag.py for tasks to queue
[2025-10-18T20:48:01.804+0000] {logging_mixin.py:188} INFO - [2025-10-18T20:48:01.804+0000] {dagbag.py:545} INFO - Filling up the DagBag from /opt/airflow/dags/weather_pipeline_dag.py
[2025-10-18T20:48:01.828+0000] {logging_mixin.py:188} INFO - [2025-10-18T20:48:01.826+0000] {dag.py:3089} INFO - Sync 1 DAGs
[2025-10-18T20:48:01.846+0000] {processor.py:840} INFO - DAG(s) 'weather_pipeline_dag' retrieved from /opt/airflow/dags/weather_pipeline_dag.py
[2025-10-18T20:48:01.882+0000] {logging_mixin.py:188} INFO - [2025-10-18T20:48:01.882+0000] {dag.py:3947} INFO - Setting next_dagrun for weather_pipeline_dag to 2025-10-19 00:00:00+00:00, run_after=2025-10-19 01:00:00+00:00
[2025-10-18T20:48:01.897+0000] {logging_mixin.py:188} INFO - [2025-10-18T20:48:01.897+0000] {dag.py:3089} INFO - Sync 1 DAGs
[2025-10-18T20:48:01.907+0000] {processor.py:183} INFO - Processing /opt/airflow/dags/weather_pipeline_dag.py took 0.498 seconds
[2025-10-18T20:48:01.920+0000] {logging_mixin.py:188} INFO - [2025-10-18T20:48:01.919+0000] {dag.py:3947} INFO - Setting next_dagrun for weather_pipeline_dag to 2025-10-19 00:00:00+00:00, run_after=2025-10-19 01:00:00+00:00
[2025-10-18T20:48:01.931+0000] {processor.py:183} INFO - Processing /opt/airflow/dags/weather_pipeline_dag.py took 0.163 seconds
[2025-10-18T20:48:32.016+0000] {processor.py:161} INFO - Started process (PID=4625) to work on /opt/airflow/dags/weather_pipeline_dag.py
[2025-10-18T20:48:32.018+0000] {processor.py:830} INFO - Processing file /opt/airflow/dags/weather_pipeline_dag.py for tasks to queue
[2025-10-18T20:48:32.025+0000] {logging_mixin.py:188} INFO - [2025-10-18T20:48:32.024+0000] {dagbag.py:545} INFO - Filling up the DagBag from /opt/airflow/dags/weather_pipeline_dag.py
[2025-10-18T20:48:32.044+0000] {processor.py:840} INFO - DAG(s) 'weather_pipeline_dag' retrieved from /opt/airflow/dags/weather_pipeline_dag.py
[2025-10-18T20:48:32.084+0000] {logging_mixin.py:188} INFO - [2025-10-18T20:48:32.084+0000] {dag.py:3089} INFO - Sync 1 DAGs
[2025-10-18T20:48:32.101+0000] {logging_mixin.py:188} INFO - [2025-10-18T20:48:32.101+0000] {dag.py:3947} INFO - Setting next_dagrun for weather_pipeline_dag to 2025-10-19 00:00:00+00:00, run_after=2025-10-19 01:00:00+00:00
[2025-10-18T20:48:32.112+0000] {processor.py:183} INFO - Processing /opt/airflow/dags/weather_pipeline_dag.py took 0.107 seconds
[2025-10-18T20:48:32.481+0000] {processor.py:161} INFO - Started process (PID=4630) to work on /opt/airflow/dags/weather_pipeline_dag.py
[2025-10-18T20:48:32.482+0000] {processor.py:830} INFO - Processing file /opt/airflow/dags/weather_pipeline_dag.py for tasks to queue
[2025-10-18T20:48:32.483+0000] {logging_mixin.py:188} INFO - [2025-10-18T20:48:32.483+0000] {dagbag.py:545} INFO - Filling up the DagBag from /opt/airflow/dags/weather_pipeline_dag.py
[2025-10-18T20:48:32.498+0000] {processor.py:840} INFO - DAG(s) 'weather_pipeline_dag' retrieved from /opt/airflow/dags/weather_pipeline_dag.py
[2025-10-18T20:48:32.539+0000] {logging_mixin.py:188} INFO - [2025-10-18T20:48:32.539+0000] {dag.py:3089} INFO - Sync 1 DAGs
[2025-10-18T20:48:32.567+0000] {logging_mixin.py:188} INFO - [2025-10-18T20:48:32.567+0000] {dag.py:3947} INFO - Setting next_dagrun for weather_pipeline_dag to 2025-10-19 00:00:00+00:00, run_after=2025-10-19 01:00:00+00:00
[2025-10-18T20:48:32.582+0000] {processor.py:183} INFO - Processing /opt/airflow/dags/weather_pipeline_dag.py took 0.112 seconds
[2025-10-18T20:49:02.614+0000] {processor.py:161} INFO - Started process (PID=4665) to work on /opt/airflow/dags/weather_pipeline_dag.py
[2025-10-18T20:49:02.616+0000] {processor.py:830} INFO - Processing file /opt/airflow/dags/weather_pipeline_dag.py for tasks to queue
[2025-10-18T20:49:02.620+0000] {logging_mixin.py:188} INFO - [2025-10-18T20:49:02.619+0000] {dagbag.py:545} INFO - Filling up the DagBag from /opt/airflow/dags/weather_pipeline_dag.py
[2025-10-18T20:49:02.635+0000] {processor.py:840} INFO - DAG(s) 'weather_pipeline_dag' retrieved from /opt/airflow/dags/weather_pipeline_dag.py
[2025-10-18T20:49:02.656+0000] {logging_mixin.py:188} INFO - [2025-10-18T20:49:02.655+0000] {dag.py:3089} INFO - Sync 1 DAGs
[2025-10-18T20:49:02.667+0000] {logging_mixin.py:188} INFO - [2025-10-18T20:49:02.667+0000] {dag.py:3947} INFO - Setting next_dagrun for weather_pipeline_dag to 2025-10-19 00:00:00+00:00, run_after=2025-10-19 01:00:00+00:00
[2025-10-18T20:49:02.675+0000] {processor.py:183} INFO - Processing /opt/airflow/dags/weather_pipeline_dag.py took 0.071 seconds
[2025-10-18T20:49:03.056+0000] {processor.py:161} INFO - Started process (PID=4670) to work on /opt/airflow/dags/weather_pipeline_dag.py
[2025-10-18T20:49:03.057+0000] {processor.py:830} INFO - Processing file /opt/airflow/dags/weather_pipeline_dag.py for tasks to queue
[2025-10-18T20:49:03.059+0000] {logging_mixin.py:188} INFO - [2025-10-18T20:49:03.059+0000] {dagbag.py:545} INFO - Filling up the DagBag from /opt/airflow/dags/weather_pipeline_dag.py
[2025-10-18T20:49:03.070+0000] {processor.py:840} INFO - DAG(s) 'weather_pipeline_dag' retrieved from /opt/airflow/dags/weather_pipeline_dag.py
[2025-10-18T20:49:03.089+0000] {logging_mixin.py:188} INFO - [2025-10-18T20:49:03.088+0000] {dag.py:3089} INFO - Sync 1 DAGs
[2025-10-18T20:49:03.100+0000] {logging_mixin.py:188} INFO - [2025-10-18T20:49:03.100+0000] {dag.py:3947} INFO - Setting next_dagrun for weather_pipeline_dag to 2025-10-19 00:00:00+00:00, run_after=2025-10-19 01:00:00+00:00
[2025-10-18T20:49:03.108+0000] {processor.py:183} INFO - Processing /opt/airflow/dags/weather_pipeline_dag.py took 0.058 seconds
[2025-10-18T20:49:33.196+0000] {processor.py:161} INFO - Started process (PID=4705) to work on /opt/airflow/dags/weather_pipeline_dag.py
[2025-10-18T20:49:33.200+0000] {processor.py:830} INFO - Processing file /opt/airflow/dags/weather_pipeline_dag.py for tasks to queue
[2025-10-18T20:49:33.204+0000] {logging_mixin.py:188} INFO - [2025-10-18T20:49:33.204+0000] {dagbag.py:545} INFO - Filling up the DagBag from /opt/airflow/dags/weather_pipeline_dag.py
[2025-10-18T20:49:33.223+0000] {processor.py:840} INFO - DAG(s) 'weather_pipeline_dag' retrieved from /opt/airflow/dags/weather_pipeline_dag.py
[2025-10-18T20:49:33.268+0000] {logging_mixin.py:188} INFO - [2025-10-18T20:49:33.267+0000] {dag.py:3089} INFO - Sync 1 DAGs
[2025-10-18T20:49:33.287+0000] {logging_mixin.py:188} INFO - [2025-10-18T20:49:33.287+0000] {dag.py:3947} INFO - Setting next_dagrun for weather_pipeline_dag to 2025-10-19 00:00:00+00:00, run_after=2025-10-19 01:00:00+00:00
[2025-10-18T20:49:33.303+0000] {processor.py:183} INFO - Processing /opt/airflow/dags/weather_pipeline_dag.py took 0.120 seconds
[2025-10-18T20:49:33.644+0000] {processor.py:161} INFO - Started process (PID=4710) to work on /opt/airflow/dags/weather_pipeline_dag.py
[2025-10-18T20:49:33.645+0000] {processor.py:830} INFO - Processing file /opt/airflow/dags/weather_pipeline_dag.py for tasks to queue
[2025-10-18T20:49:33.647+0000] {logging_mixin.py:188} INFO - [2025-10-18T20:49:33.646+0000] {dagbag.py:545} INFO - Filling up the DagBag from /opt/airflow/dags/weather_pipeline_dag.py
[2025-10-18T20:49:33.662+0000] {processor.py:840} INFO - DAG(s) 'weather_pipeline_dag' retrieved from /opt/airflow/dags/weather_pipeline_dag.py
[2025-10-18T20:49:33.684+0000] {logging_mixin.py:188} INFO - [2025-10-18T20:49:33.684+0000] {dag.py:3089} INFO - Sync 1 DAGs
[2025-10-18T20:49:33.701+0000] {logging_mixin.py:188} INFO - [2025-10-18T20:49:33.701+0000] {dag.py:3947} INFO - Setting next_dagrun for weather_pipeline_dag to 2025-10-19 00:00:00+00:00, run_after=2025-10-19 01:00:00+00:00
[2025-10-18T20:49:33.709+0000] {processor.py:183} INFO - Processing /opt/airflow/dags/weather_pipeline_dag.py took 0.073 seconds
[2025-10-18T20:50:03.965+0000] {processor.py:161} INFO - Started process (PID=4745) to work on /opt/airflow/dags/weather_pipeline_dag.py
[2025-10-18T20:50:03.969+0000] {processor.py:830} INFO - Processing file /opt/airflow/dags/weather_pipeline_dag.py for tasks to queue
[2025-10-18T20:50:03.972+0000] {logging_mixin.py:188} INFO - [2025-10-18T20:50:03.972+0000] {dagbag.py:545} INFO - Filling up the DagBag from /opt/airflow/dags/weather_pipeline_dag.py
[2025-10-18T20:50:03.989+0000] {processor.py:840} INFO - DAG(s) 'weather_pipeline_dag' retrieved from /opt/airflow/dags/weather_pipeline_dag.py
[2025-10-18T20:50:04.022+0000] {logging_mixin.py:188} INFO - [2025-10-18T20:50:04.022+0000] {dag.py:3089} INFO - Sync 1 DAGs
[2025-10-18T20:50:04.040+0000] {logging_mixin.py:188} INFO - [2025-10-18T20:50:04.040+0000] {dag.py:3947} INFO - Setting next_dagrun for weather_pipeline_dag to 2025-10-19 00:00:00+00:00, run_after=2025-10-19 01:00:00+00:00
[2025-10-18T20:50:04.049+0000] {processor.py:183} INFO - Processing /opt/airflow/dags/weather_pipeline_dag.py took 0.093 seconds
[2025-10-18T20:50:04.360+0000] {processor.py:161} INFO - Started process (PID=4750) to work on /opt/airflow/dags/weather_pipeline_dag.py
[2025-10-18T20:50:04.361+0000] {processor.py:830} INFO - Processing file /opt/airflow/dags/weather_pipeline_dag.py for tasks to queue
[2025-10-18T20:50:04.362+0000] {logging_mixin.py:188} INFO - [2025-10-18T20:50:04.362+0000] {dagbag.py:545} INFO - Filling up the DagBag from /opt/airflow/dags/weather_pipeline_dag.py
[2025-10-18T20:50:04.376+0000] {processor.py:840} INFO - DAG(s) 'weather_pipeline_dag' retrieved from /opt/airflow/dags/weather_pipeline_dag.py
[2025-10-18T20:50:04.393+0000] {logging_mixin.py:188} INFO - [2025-10-18T20:50:04.393+0000] {dag.py:3089} INFO - Sync 1 DAGs
[2025-10-18T20:50:04.408+0000] {logging_mixin.py:188} INFO - [2025-10-18T20:50:04.408+0000] {dag.py:3947} INFO - Setting next_dagrun for weather_pipeline_dag to 2025-10-19 00:00:00+00:00, run_after=2025-10-19 01:00:00+00:00
[2025-10-18T20:50:04.416+0000] {processor.py:183} INFO - Processing /opt/airflow/dags/weather_pipeline_dag.py took 0.061 seconds
[2025-10-18T20:50:34.523+0000] {processor.py:161} INFO - Started process (PID=4785) to work on /opt/airflow/dags/weather_pipeline_dag.py
[2025-10-18T20:50:34.525+0000] {processor.py:830} INFO - Processing file /opt/airflow/dags/weather_pipeline_dag.py for tasks to queue
[2025-10-18T20:50:34.530+0000] {logging_mixin.py:188} INFO - [2025-10-18T20:50:34.529+0000] {dagbag.py:545} INFO - Filling up the DagBag from /opt/airflow/dags/weather_pipeline_dag.py
[2025-10-18T20:50:34.548+0000] {processor.py:840} INFO - DAG(s) 'weather_pipeline_dag' retrieved from /opt/airflow/dags/weather_pipeline_dag.py
[2025-10-18T20:50:34.582+0000] {logging_mixin.py:188} INFO - [2025-10-18T20:50:34.582+0000] {dag.py:3089} INFO - Sync 1 DAGs
[2025-10-18T20:50:34.595+0000] {logging_mixin.py:188} INFO - [2025-10-18T20:50:34.595+0000] {dag.py:3947} INFO - Setting next_dagrun for weather_pipeline_dag to 2025-10-19 00:00:00+00:00, run_after=2025-10-19 01:00:00+00:00
[2025-10-18T20:50:34.608+0000] {processor.py:183} INFO - Processing /opt/airflow/dags/weather_pipeline_dag.py took 0.097 seconds
[2025-10-18T20:50:34.882+0000] {processor.py:161} INFO - Started process (PID=4790) to work on /opt/airflow/dags/weather_pipeline_dag.py
[2025-10-18T20:50:34.883+0000] {processor.py:830} INFO - Processing file /opt/airflow/dags/weather_pipeline_dag.py for tasks to queue
[2025-10-18T20:50:34.885+0000] {logging_mixin.py:188} INFO - [2025-10-18T20:50:34.884+0000] {dagbag.py:545} INFO - Filling up the DagBag from /opt/airflow/dags/weather_pipeline_dag.py
[2025-10-18T20:50:34.899+0000] {processor.py:840} INFO - DAG(s) 'weather_pipeline_dag' retrieved from /opt/airflow/dags/weather_pipeline_dag.py
[2025-10-18T20:50:34.917+0000] {logging_mixin.py:188} INFO - [2025-10-18T20:50:34.917+0000] {dag.py:3089} INFO - Sync 1 DAGs
[2025-10-18T20:50:34.928+0000] {logging_mixin.py:188} INFO - [2025-10-18T20:50:34.928+0000] {dag.py:3947} INFO - Setting next_dagrun for weather_pipeline_dag to 2025-10-19 00:00:00+00:00, run_after=2025-10-19 01:00:00+00:00
[2025-10-18T20:50:34.936+0000] {processor.py:183} INFO - Processing /opt/airflow/dags/weather_pipeline_dag.py took 0.063 seconds
[2025-10-18T20:51:04.913+0000] {processor.py:161} INFO - Started process (PID=4825) to work on /opt/airflow/dags/weather_pipeline_dag.py
[2025-10-18T20:51:04.918+0000] {processor.py:830} INFO - Processing file /opt/airflow/dags/weather_pipeline_dag.py for tasks to queue
[2025-10-18T20:51:04.921+0000] {logging_mixin.py:188} INFO - [2025-10-18T20:51:04.920+0000] {dagbag.py:545} INFO - Filling up the DagBag from /opt/airflow/dags/weather_pipeline_dag.py
[2025-10-18T20:51:04.937+0000] {processor.py:840} INFO - DAG(s) 'weather_pipeline_dag' retrieved from /opt/airflow/dags/weather_pipeline_dag.py
[2025-10-18T20:51:04.967+0000] {logging_mixin.py:188} INFO - [2025-10-18T20:51:04.966+0000] {dag.py:3089} INFO - Sync 1 DAGs
[2025-10-18T20:51:04.984+0000] {logging_mixin.py:188} INFO - [2025-10-18T20:51:04.984+0000] {dag.py:3947} INFO - Setting next_dagrun for weather_pipeline_dag to 2025-10-19 00:00:00+00:00, run_after=2025-10-19 01:00:00+00:00
[2025-10-18T20:51:04.994+0000] {processor.py:183} INFO - Processing /opt/airflow/dags/weather_pipeline_dag.py took 0.091 seconds
[2025-10-18T20:51:05.388+0000] {processor.py:161} INFO - Started process (PID=4830) to work on /opt/airflow/dags/weather_pipeline_dag.py
[2025-10-18T20:51:05.389+0000] {processor.py:830} INFO - Processing file /opt/airflow/dags/weather_pipeline_dag.py for tasks to queue
[2025-10-18T20:51:05.392+0000] {logging_mixin.py:188} INFO - [2025-10-18T20:51:05.392+0000] {dagbag.py:545} INFO - Filling up the DagBag from /opt/airflow/dags/weather_pipeline_dag.py
[2025-10-18T20:51:05.415+0000] {processor.py:840} INFO - DAG(s) 'weather_pipeline_dag' retrieved from /opt/airflow/dags/weather_pipeline_dag.py
[2025-10-18T20:51:05.435+0000] {logging_mixin.py:188} INFO - [2025-10-18T20:51:05.435+0000] {dag.py:3089} INFO - Sync 1 DAGs
[2025-10-18T20:51:05.449+0000] {logging_mixin.py:188} INFO - [2025-10-18T20:51:05.449+0000] {dag.py:3947} INFO - Setting next_dagrun for weather_pipeline_dag to 2025-10-19 00:00:00+00:00, run_after=2025-10-19 01:00:00+00:00
[2025-10-18T20:51:05.457+0000] {processor.py:183} INFO - Processing /opt/airflow/dags/weather_pipeline_dag.py took 0.077 seconds
[2025-10-18T20:51:35.467+0000] {processor.py:161} INFO - Started process (PID=4865) to work on /opt/airflow/dags/weather_pipeline_dag.py
[2025-10-18T20:51:35.468+0000] {processor.py:830} INFO - Processing file /opt/airflow/dags/weather_pipeline_dag.py for tasks to queue
[2025-10-18T20:51:35.470+0000] {logging_mixin.py:188} INFO - [2025-10-18T20:51:35.470+0000] {dagbag.py:545} INFO - Filling up the DagBag from /opt/airflow/dags/weather_pipeline_dag.py
[2025-10-18T20:51:35.484+0000] {processor.py:840} INFO - DAG(s) 'weather_pipeline_dag' retrieved from /opt/airflow/dags/weather_pipeline_dag.py
[2025-10-18T20:51:35.512+0000] {logging_mixin.py:188} INFO - [2025-10-18T20:51:35.512+0000] {dag.py:3089} INFO - Sync 1 DAGs
[2025-10-18T20:51:35.534+0000] {logging_mixin.py:188} INFO - [2025-10-18T20:51:35.534+0000] {dag.py:3947} INFO - Setting next_dagrun for weather_pipeline_dag to 2025-10-19 00:00:00+00:00, run_after=2025-10-19 01:00:00+00:00
[2025-10-18T20:51:35.546+0000] {processor.py:183} INFO - Processing /opt/airflow/dags/weather_pipeline_dag.py took 0.093 seconds
[2025-10-18T20:51:36.139+0000] {processor.py:161} INFO - Started process (PID=4870) to work on /opt/airflow/dags/weather_pipeline_dag.py
[2025-10-18T20:51:36.140+0000] {processor.py:830} INFO - Processing file /opt/airflow/dags/weather_pipeline_dag.py for tasks to queue
[2025-10-18T20:51:36.142+0000] {logging_mixin.py:188} INFO - [2025-10-18T20:51:36.142+0000] {dagbag.py:545} INFO - Filling up the DagBag from /opt/airflow/dags/weather_pipeline_dag.py
[2025-10-18T20:51:36.158+0000] {processor.py:840} INFO - DAG(s) 'weather_pipeline_dag' retrieved from /opt/airflow/dags/weather_pipeline_dag.py
[2025-10-18T20:51:36.195+0000] {logging_mixin.py:188} INFO - [2025-10-18T20:51:36.195+0000] {dag.py:3089} INFO - Sync 1 DAGs
[2025-10-18T20:51:36.221+0000] {logging_mixin.py:188} INFO - [2025-10-18T20:51:36.221+0000] {dag.py:3947} INFO - Setting next_dagrun for weather_pipeline_dag to 2025-10-19 00:00:00+00:00, run_after=2025-10-19 01:00:00+00:00
[2025-10-18T20:51:36.232+0000] {processor.py:183} INFO - Processing /opt/airflow/dags/weather_pipeline_dag.py took 0.101 seconds
[2025-10-18T20:52:06.157+0000] {processor.py:161} INFO - Started process (PID=4905) to work on /opt/airflow/dags/weather_pipeline_dag.py
[2025-10-18T20:52:06.158+0000] {processor.py:830} INFO - Processing file /opt/airflow/dags/weather_pipeline_dag.py for tasks to queue
[2025-10-18T20:52:06.161+0000] {logging_mixin.py:188} INFO - [2025-10-18T20:52:06.161+0000] {dagbag.py:545} INFO - Filling up the DagBag from /opt/airflow/dags/weather_pipeline_dag.py
[2025-10-18T20:52:06.182+0000] {processor.py:840} INFO - DAG(s) 'weather_pipeline_dag' retrieved from /opt/airflow/dags/weather_pipeline_dag.py
[2025-10-18T20:52:06.227+0000] {logging_mixin.py:188} INFO - [2025-10-18T20:52:06.227+0000] {dag.py:3089} INFO - Sync 1 DAGs
[2025-10-18T20:52:06.244+0000] {logging_mixin.py:188} INFO - [2025-10-18T20:52:06.244+0000] {dag.py:3947} INFO - Setting next_dagrun for weather_pipeline_dag to 2025-10-19 00:00:00+00:00, run_after=2025-10-19 01:00:00+00:00
[2025-10-18T20:52:06.253+0000] {processor.py:183} INFO - Processing /opt/airflow/dags/weather_pipeline_dag.py took 0.116 seconds
[2025-10-18T20:52:06.813+0000] {processor.py:161} INFO - Started process (PID=4910) to work on /opt/airflow/dags/weather_pipeline_dag.py
[2025-10-18T20:52:06.814+0000] {processor.py:830} INFO - Processing file /opt/airflow/dags/weather_pipeline_dag.py for tasks to queue
[2025-10-18T20:52:06.816+0000] {logging_mixin.py:188} INFO - [2025-10-18T20:52:06.816+0000] {dagbag.py:545} INFO - Filling up the DagBag from /opt/airflow/dags/weather_pipeline_dag.py
[2025-10-18T20:52:06.832+0000] {processor.py:840} INFO - DAG(s) 'weather_pipeline_dag' retrieved from /opt/airflow/dags/weather_pipeline_dag.py
[2025-10-18T20:52:06.858+0000] {logging_mixin.py:188} INFO - [2025-10-18T20:52:06.858+0000] {dag.py:3089} INFO - Sync 1 DAGs
[2025-10-18T20:52:06.870+0000] {logging_mixin.py:188} INFO - [2025-10-18T20:52:06.870+0000] {dag.py:3947} INFO - Setting next_dagrun for weather_pipeline_dag to 2025-10-19 00:00:00+00:00, run_after=2025-10-19 01:00:00+00:00
[2025-10-18T20:52:06.878+0000] {processor.py:183} INFO - Processing /opt/airflow/dags/weather_pipeline_dag.py took 0.078 seconds
[2025-10-18T20:52:36.781+0000] {processor.py:161} INFO - Started process (PID=4945) to work on /opt/airflow/dags/weather_pipeline_dag.py
[2025-10-18T20:52:36.782+0000] {processor.py:830} INFO - Processing file /opt/airflow/dags/weather_pipeline_dag.py for tasks to queue
[2025-10-18T20:52:36.789+0000] {logging_mixin.py:188} INFO - [2025-10-18T20:52:36.789+0000] {dagbag.py:545} INFO - Filling up the DagBag from /opt/airflow/dags/weather_pipeline_dag.py
[2025-10-18T20:52:36.803+0000] {processor.py:840} INFO - DAG(s) 'weather_pipeline_dag' retrieved from /opt/airflow/dags/weather_pipeline_dag.py
[2025-10-18T20:52:36.836+0000] {logging_mixin.py:188} INFO - [2025-10-18T20:52:36.836+0000] {dag.py:3089} INFO - Sync 1 DAGs
[2025-10-18T20:52:36.852+0000] {logging_mixin.py:188} INFO - [2025-10-18T20:52:36.852+0000] {dag.py:3947} INFO - Setting next_dagrun for weather_pipeline_dag to 2025-10-19 00:00:00+00:00, run_after=2025-10-19 01:00:00+00:00
[2025-10-18T20:52:36.863+0000] {processor.py:183} INFO - Processing /opt/airflow/dags/weather_pipeline_dag.py took 0.091 seconds
[2025-10-18T20:52:37.171+0000] {processor.py:161} INFO - Started process (PID=4950) to work on /opt/airflow/dags/weather_pipeline_dag.py
[2025-10-18T20:52:37.176+0000] {processor.py:830} INFO - Processing file /opt/airflow/dags/weather_pipeline_dag.py for tasks to queue
[2025-10-18T20:52:37.179+0000] {logging_mixin.py:188} INFO - [2025-10-18T20:52:37.179+0000] {dagbag.py:545} INFO - Filling up the DagBag from /opt/airflow/dags/weather_pipeline_dag.py
[2025-10-18T20:52:37.196+0000] {processor.py:840} INFO - DAG(s) 'weather_pipeline_dag' retrieved from /opt/airflow/dags/weather_pipeline_dag.py
[2025-10-18T20:52:37.222+0000] {logging_mixin.py:188} INFO - [2025-10-18T20:52:37.222+0000] {dag.py:3089} INFO - Sync 1 DAGs
[2025-10-18T20:52:37.234+0000] {logging_mixin.py:188} INFO - [2025-10-18T20:52:37.234+0000] {dag.py:3947} INFO - Setting next_dagrun for weather_pipeline_dag to 2025-10-19 00:00:00+00:00, run_after=2025-10-19 01:00:00+00:00
[2025-10-18T20:52:37.247+0000] {processor.py:183} INFO - Processing /opt/airflow/dags/weather_pipeline_dag.py took 0.085 seconds
[2025-10-18T20:53:07.095+0000] {processor.py:161} INFO - Started process (PID=4985) to work on /opt/airflow/dags/weather_pipeline_dag.py
[2025-10-18T20:53:07.098+0000] {processor.py:830} INFO - Processing file /opt/airflow/dags/weather_pipeline_dag.py for tasks to queue
[2025-10-18T20:53:07.102+0000] {logging_mixin.py:188} INFO - [2025-10-18T20:53:07.101+0000] {dagbag.py:545} INFO - Filling up the DagBag from /opt/airflow/dags/weather_pipeline_dag.py
[2025-10-18T20:53:07.122+0000] {processor.py:840} INFO - DAG(s) 'weather_pipeline_dag' retrieved from /opt/airflow/dags/weather_pipeline_dag.py
[2025-10-18T20:53:07.160+0000] {logging_mixin.py:188} INFO - [2025-10-18T20:53:07.160+0000] {dag.py:3089} INFO - Sync 1 DAGs
[2025-10-18T20:53:07.174+0000] {logging_mixin.py:188} INFO - [2025-10-18T20:53:07.174+0000] {dag.py:3947} INFO - Setting next_dagrun for weather_pipeline_dag to 2025-10-19 00:00:00+00:00, run_after=2025-10-19 01:00:00+00:00
[2025-10-18T20:53:07.182+0000] {processor.py:183} INFO - Processing /opt/airflow/dags/weather_pipeline_dag.py took 0.095 seconds
[2025-10-18T20:53:07.539+0000] {processor.py:161} INFO - Started process (PID=4990) to work on /opt/airflow/dags/weather_pipeline_dag.py
[2025-10-18T20:53:07.540+0000] {processor.py:830} INFO - Processing file /opt/airflow/dags/weather_pipeline_dag.py for tasks to queue
[2025-10-18T20:53:07.543+0000] {logging_mixin.py:188} INFO - [2025-10-18T20:53:07.542+0000] {dagbag.py:545} INFO - Filling up the DagBag from /opt/airflow/dags/weather_pipeline_dag.py
[2025-10-18T20:53:07.557+0000] {processor.py:840} INFO - DAG(s) 'weather_pipeline_dag' retrieved from /opt/airflow/dags/weather_pipeline_dag.py
[2025-10-18T20:53:07.580+0000] {logging_mixin.py:188} INFO - [2025-10-18T20:53:07.580+0000] {dag.py:3089} INFO - Sync 1 DAGs
[2025-10-18T20:53:07.591+0000] {logging_mixin.py:188} INFO - [2025-10-18T20:53:07.591+0000] {dag.py:3947} INFO - Setting next_dagrun for weather_pipeline_dag to 2025-10-19 00:00:00+00:00, run_after=2025-10-19 01:00:00+00:00
[2025-10-18T20:53:07.598+0000] {processor.py:183} INFO - Processing /opt/airflow/dags/weather_pipeline_dag.py took 0.068 seconds
[2025-10-18T20:53:37.838+0000] {processor.py:161} INFO - Started process (PID=5025) to work on /opt/airflow/dags/weather_pipeline_dag.py
[2025-10-18T20:53:37.839+0000] {processor.py:830} INFO - Processing file /opt/airflow/dags/weather_pipeline_dag.py for tasks to queue
[2025-10-18T20:53:37.843+0000] {logging_mixin.py:188} INFO - [2025-10-18T20:53:37.842+0000] {dagbag.py:545} INFO - Filling up the DagBag from /opt/airflow/dags/weather_pipeline_dag.py
[2025-10-18T20:53:37.868+0000] {processor.py:840} INFO - DAG(s) 'weather_pipeline_dag' retrieved from /opt/airflow/dags/weather_pipeline_dag.py
[2025-10-18T20:53:37.913+0000] {logging_mixin.py:188} INFO - [2025-10-18T20:53:37.913+0000] {dag.py:3089} INFO - Sync 1 DAGs
[2025-10-18T20:53:37.934+0000] {logging_mixin.py:188} INFO - [2025-10-18T20:53:37.934+0000] {dag.py:3947} INFO - Setting next_dagrun for weather_pipeline_dag to 2025-10-19 00:00:00+00:00, run_after=2025-10-19 01:00:00+00:00
[2025-10-18T20:53:37.950+0000] {processor.py:183} INFO - Processing /opt/airflow/dags/weather_pipeline_dag.py took 0.126 seconds
[2025-10-18T20:53:38.069+0000] {processor.py:161} INFO - Started process (PID=5030) to work on /opt/airflow/dags/weather_pipeline_dag.py
[2025-10-18T20:53:38.070+0000] {processor.py:830} INFO - Processing file /opt/airflow/dags/weather_pipeline_dag.py for tasks to queue
[2025-10-18T20:53:38.072+0000] {logging_mixin.py:188} INFO - [2025-10-18T20:53:38.072+0000] {dagbag.py:545} INFO - Filling up the DagBag from /opt/airflow/dags/weather_pipeline_dag.py
[2025-10-18T20:53:38.085+0000] {processor.py:840} INFO - DAG(s) 'weather_pipeline_dag' retrieved from /opt/airflow/dags/weather_pipeline_dag.py
[2025-10-18T20:53:38.111+0000] {logging_mixin.py:188} INFO - [2025-10-18T20:53:38.111+0000] {dag.py:3089} INFO - Sync 1 DAGs
[2025-10-18T20:53:38.129+0000] {logging_mixin.py:188} INFO - [2025-10-18T20:53:38.128+0000] {dag.py:3947} INFO - Setting next_dagrun for weather_pipeline_dag to 2025-10-19 00:00:00+00:00, run_after=2025-10-19 01:00:00+00:00
[2025-10-18T20:53:38.140+0000] {processor.py:183} INFO - Processing /opt/airflow/dags/weather_pipeline_dag.py took 0.076 seconds
[2025-10-18T20:54:08.507+0000] {processor.py:161} INFO - Started process (PID=5065) to work on /opt/airflow/dags/weather_pipeline_dag.py
[2025-10-18T20:54:08.510+0000] {processor.py:830} INFO - Processing file /opt/airflow/dags/weather_pipeline_dag.py for tasks to queue
[2025-10-18T20:54:08.513+0000] {logging_mixin.py:188} INFO - [2025-10-18T20:54:08.512+0000] {dagbag.py:545} INFO - Filling up the DagBag from /opt/airflow/dags/weather_pipeline_dag.py
[2025-10-18T20:54:08.527+0000] {processor.py:840} INFO - DAG(s) 'weather_pipeline_dag' retrieved from /opt/airflow/dags/weather_pipeline_dag.py
[2025-10-18T20:54:08.565+0000] {logging_mixin.py:188} INFO - [2025-10-18T20:54:08.564+0000] {dag.py:3089} INFO - Sync 1 DAGs
[2025-10-18T20:54:08.580+0000] {logging_mixin.py:188} INFO - [2025-10-18T20:54:08.580+0000] {dag.py:3947} INFO - Setting next_dagrun for weather_pipeline_dag to 2025-10-19 00:00:00+00:00, run_after=2025-10-19 01:00:00+00:00
[2025-10-18T20:54:08.589+0000] {processor.py:183} INFO - Processing /opt/airflow/dags/weather_pipeline_dag.py took 0.095 seconds
[2025-10-18T20:54:08.647+0000] {processor.py:161} INFO - Started process (PID=5070) to work on /opt/airflow/dags/weather_pipeline_dag.py
[2025-10-18T20:54:08.648+0000] {processor.py:830} INFO - Processing file /opt/airflow/dags/weather_pipeline_dag.py for tasks to queue
[2025-10-18T20:54:08.651+0000] {logging_mixin.py:188} INFO - [2025-10-18T20:54:08.650+0000] {dagbag.py:545} INFO - Filling up the DagBag from /opt/airflow/dags/weather_pipeline_dag.py
[2025-10-18T20:54:08.663+0000] {processor.py:840} INFO - DAG(s) 'weather_pipeline_dag' retrieved from /opt/airflow/dags/weather_pipeline_dag.py
[2025-10-18T20:54:08.682+0000] {logging_mixin.py:188} INFO - [2025-10-18T20:54:08.682+0000] {dag.py:3089} INFO - Sync 1 DAGs
[2025-10-18T20:54:08.696+0000] {logging_mixin.py:188} INFO - [2025-10-18T20:54:08.696+0000] {dag.py:3947} INFO - Setting next_dagrun for weather_pipeline_dag to 2025-10-19 00:00:00+00:00, run_after=2025-10-19 01:00:00+00:00
[2025-10-18T20:54:08.704+0000] {processor.py:183} INFO - Processing /opt/airflow/dags/weather_pipeline_dag.py took 0.061 seconds
[2025-10-18T20:54:39.059+0000] {processor.py:161} INFO - Started process (PID=5139) to work on /opt/airflow/dags/weather_pipeline_dag.py
[2025-10-18T20:54:39.062+0000] {processor.py:830} INFO - Processing file /opt/airflow/dags/weather_pipeline_dag.py for tasks to queue
[2025-10-18T20:54:39.067+0000] {logging_mixin.py:188} INFO - [2025-10-18T20:54:39.067+0000] {dagbag.py:545} INFO - Filling up the DagBag from /opt/airflow/dags/weather_pipeline_dag.py
[2025-10-18T20:54:39.080+0000] {processor.py:840} INFO - DAG(s) 'weather_pipeline_dag' retrieved from /opt/airflow/dags/weather_pipeline_dag.py
[2025-10-18T20:54:39.109+0000] {logging_mixin.py:188} INFO - [2025-10-18T20:54:39.109+0000] {dag.py:3089} INFO - Sync 1 DAGs
[2025-10-18T20:54:39.127+0000] {logging_mixin.py:188} INFO - [2025-10-18T20:54:39.126+0000] {dag.py:3947} INFO - Setting next_dagrun for weather_pipeline_dag to 2025-10-19 00:00:00+00:00, run_after=2025-10-19 01:00:00+00:00
[2025-10-18T20:54:39.141+0000] {processor.py:183} INFO - Processing /opt/airflow/dags/weather_pipeline_dag.py took 0.090 seconds
[2025-10-18T20:54:39.162+0000] {processor.py:161} INFO - Started process (PID=5144) to work on /opt/airflow/dags/weather_pipeline_dag.py
[2025-10-18T20:54:39.163+0000] {processor.py:830} INFO - Processing file /opt/airflow/dags/weather_pipeline_dag.py for tasks to queue
[2025-10-18T20:54:39.165+0000] {logging_mixin.py:188} INFO - [2025-10-18T20:54:39.165+0000] {dagbag.py:545} INFO - Filling up the DagBag from /opt/airflow/dags/weather_pipeline_dag.py
[2025-10-18T20:54:39.178+0000] {processor.py:840} INFO - DAG(s) 'weather_pipeline_dag' retrieved from /opt/airflow/dags/weather_pipeline_dag.py
[2025-10-18T20:54:39.197+0000] {logging_mixin.py:188} INFO - [2025-10-18T20:54:39.197+0000] {dag.py:3089} INFO - Sync 1 DAGs
[2025-10-18T20:54:39.208+0000] {logging_mixin.py:188} INFO - [2025-10-18T20:54:39.208+0000] {dag.py:3947} INFO - Setting next_dagrun for weather_pipeline_dag to 2025-10-19 00:00:00+00:00, run_after=2025-10-19 01:00:00+00:00
[2025-10-18T20:54:39.218+0000] {processor.py:183} INFO - Processing /opt/airflow/dags/weather_pipeline_dag.py took 0.060 seconds
[2025-10-18T20:55:09.612+0000] {processor.py:161} INFO - Started process (PID=5180) to work on /opt/airflow/dags/weather_pipeline_dag.py
[2025-10-18T20:55:09.614+0000] {processor.py:161} INFO - Started process (PID=5183) to work on /opt/airflow/dags/weather_pipeline_dag.py
[2025-10-18T20:55:09.617+0000] {processor.py:830} INFO - Processing file /opt/airflow/dags/weather_pipeline_dag.py for tasks to queue
[2025-10-18T20:55:09.614+0000] {processor.py:830} INFO - Processing file /opt/airflow/dags/weather_pipeline_dag.py for tasks to queue
[2025-10-18T20:55:09.622+0000] {logging_mixin.py:188} INFO - [2025-10-18T20:55:09.622+0000] {dagbag.py:545} INFO - Filling up the DagBag from /opt/airflow/dags/weather_pipeline_dag.py
[2025-10-18T20:55:09.624+0000] {logging_mixin.py:188} INFO - [2025-10-18T20:55:09.623+0000] {dagbag.py:545} INFO - Filling up the DagBag from /opt/airflow/dags/weather_pipeline_dag.py
[2025-10-18T20:55:09.645+0000] {processor.py:840} INFO - DAG(s) 'weather_pipeline_dag' retrieved from /opt/airflow/dags/weather_pipeline_dag.py
[2025-10-18T20:55:09.650+0000] {processor.py:840} INFO - DAG(s) 'weather_pipeline_dag' retrieved from /opt/airflow/dags/weather_pipeline_dag.py
[2025-10-18T20:55:09.684+0000] {logging_mixin.py:188} INFO - [2025-10-18T20:55:09.684+0000] {dag.py:3089} INFO - Sync 1 DAGs
[2025-10-18T20:55:09.685+0000] {logging_mixin.py:188} INFO - [2025-10-18T20:55:09.685+0000] {dag.py:3089} INFO - Sync 1 DAGs
[2025-10-18T20:55:09.701+0000] {logging_mixin.py:188} INFO - [2025-10-18T20:55:09.701+0000] {dag.py:3947} INFO - Setting next_dagrun for weather_pipeline_dag to 2025-10-19 00:00:00+00:00, run_after=2025-10-19 01:00:00+00:00
[2025-10-18T20:55:09.712+0000] {processor.py:183} INFO - Processing /opt/airflow/dags/weather_pipeline_dag.py took 0.117 seconds
[2025-10-18T20:55:09.716+0000] {logging_mixin.py:188} INFO - [2025-10-18T20:55:09.716+0000] {dag.py:3947} INFO - Setting next_dagrun for weather_pipeline_dag to 2025-10-19 00:00:00+00:00, run_after=2025-10-19 01:00:00+00:00
[2025-10-18T20:55:09.724+0000] {processor.py:183} INFO - Processing /opt/airflow/dags/weather_pipeline_dag.py took 0.119 seconds
[2025-10-18T20:55:40.339+0000] {processor.py:161} INFO - Started process (PID=5220) to work on /opt/airflow/dags/weather_pipeline_dag.py
[2025-10-18T20:55:40.340+0000] {processor.py:830} INFO - Processing file /opt/airflow/dags/weather_pipeline_dag.py for tasks to queue
[2025-10-18T20:55:40.343+0000] {logging_mixin.py:188} INFO - [2025-10-18T20:55:40.343+0000] {dagbag.py:545} INFO - Filling up the DagBag from /opt/airflow/dags/weather_pipeline_dag.py
[2025-10-18T20:55:40.355+0000] {processor.py:840} INFO - DAG(s) 'weather_pipeline_dag' retrieved from /opt/airflow/dags/weather_pipeline_dag.py
[2025-10-18T20:55:40.387+0000] {logging_mixin.py:188} INFO - [2025-10-18T20:55:40.387+0000] {dag.py:3089} INFO - Sync 1 DAGs
[2025-10-18T20:55:40.403+0000] {logging_mixin.py:188} INFO - [2025-10-18T20:55:40.403+0000] {dag.py:3947} INFO - Setting next_dagrun for weather_pipeline_dag to 2025-10-19 00:00:00+00:00, run_after=2025-10-19 01:00:00+00:00
[2025-10-18T20:55:40.415+0000] {processor.py:183} INFO - Processing /opt/airflow/dags/weather_pipeline_dag.py took 0.086 seconds
[2025-10-18T20:55:40.461+0000] {processor.py:161} INFO - Started process (PID=5225) to work on /opt/airflow/dags/weather_pipeline_dag.py
[2025-10-18T20:55:40.462+0000] {processor.py:830} INFO - Processing file /opt/airflow/dags/weather_pipeline_dag.py for tasks to queue
[2025-10-18T20:55:40.464+0000] {logging_mixin.py:188} INFO - [2025-10-18T20:55:40.463+0000] {dagbag.py:545} INFO - Filling up the DagBag from /opt/airflow/dags/weather_pipeline_dag.py
[2025-10-18T20:55:40.475+0000] {processor.py:840} INFO - DAG(s) 'weather_pipeline_dag' retrieved from /opt/airflow/dags/weather_pipeline_dag.py
[2025-10-18T20:55:40.497+0000] {logging_mixin.py:188} INFO - [2025-10-18T20:55:40.497+0000] {dag.py:3089} INFO - Sync 1 DAGs
[2025-10-18T20:55:40.509+0000] {logging_mixin.py:188} INFO - [2025-10-18T20:55:40.508+0000] {dag.py:3947} INFO - Setting next_dagrun for weather_pipeline_dag to 2025-10-19 00:00:00+00:00, run_after=2025-10-19 01:00:00+00:00
[2025-10-18T20:55:40.519+0000] {processor.py:183} INFO - Processing /opt/airflow/dags/weather_pipeline_dag.py took 0.062 seconds
[2025-10-18T20:56:11.029+0000] {processor.py:161} INFO - Started process (PID=5260) to work on /opt/airflow/dags/weather_pipeline_dag.py
[2025-10-18T20:56:11.030+0000] {processor.py:830} INFO - Processing file /opt/airflow/dags/weather_pipeline_dag.py for tasks to queue
[2025-10-18T20:56:11.036+0000] {logging_mixin.py:188} INFO - [2025-10-18T20:56:11.035+0000] {dagbag.py:545} INFO - Filling up the DagBag from /opt/airflow/dags/weather_pipeline_dag.py
[2025-10-18T20:56:11.035+0000] {processor.py:161} INFO - Started process (PID=5262) to work on /opt/airflow/dags/weather_pipeline_dag.py
[2025-10-18T20:56:11.037+0000] {processor.py:830} INFO - Processing file /opt/airflow/dags/weather_pipeline_dag.py for tasks to queue
[2025-10-18T20:56:11.045+0000] {logging_mixin.py:188} INFO - [2025-10-18T20:56:11.041+0000] {dagbag.py:545} INFO - Filling up the DagBag from /opt/airflow/dags/weather_pipeline_dag.py
[2025-10-18T20:56:11.060+0000] {processor.py:840} INFO - DAG(s) 'weather_pipeline_dag' retrieved from /opt/airflow/dags/weather_pipeline_dag.py
[2025-10-18T20:56:11.076+0000] {processor.py:840} INFO - DAG(s) 'weather_pipeline_dag' retrieved from /opt/airflow/dags/weather_pipeline_dag.py
[2025-10-18T20:56:11.099+0000] {logging_mixin.py:188} INFO - [2025-10-18T20:56:11.098+0000] {dag.py:3089} INFO - Sync 1 DAGs
[2025-10-18T20:56:11.111+0000] {logging_mixin.py:188} INFO - [2025-10-18T20:56:11.111+0000] {dag.py:3089} INFO - Sync 1 DAGs
[2025-10-18T20:56:11.121+0000] {logging_mixin.py:188} INFO - [2025-10-18T20:56:11.120+0000] {dag.py:3947} INFO - Setting next_dagrun for weather_pipeline_dag to 2025-10-19 00:00:00+00:00, run_after=2025-10-19 01:00:00+00:00
[2025-10-18T20:56:11.132+0000] {processor.py:183} INFO - Processing /opt/airflow/dags/weather_pipeline_dag.py took 0.116 seconds
[2025-10-18T20:56:11.138+0000] {logging_mixin.py:188} INFO - [2025-10-18T20:56:11.138+0000] {dag.py:3947} INFO - Setting next_dagrun for weather_pipeline_dag to 2025-10-19 00:00:00+00:00, run_after=2025-10-19 01:00:00+00:00
[2025-10-18T20:56:11.155+0000] {processor.py:183} INFO - Processing /opt/airflow/dags/weather_pipeline_dag.py took 0.132 seconds
[2025-10-18T20:56:41.884+0000] {processor.py:161} INFO - Started process (PID=5300) to work on /opt/airflow/dags/weather_pipeline_dag.py
[2025-10-18T20:56:41.885+0000] {processor.py:830} INFO - Processing file /opt/airflow/dags/weather_pipeline_dag.py for tasks to queue
[2025-10-18T20:56:41.887+0000] {logging_mixin.py:188} INFO - [2025-10-18T20:56:41.887+0000] {dagbag.py:545} INFO - Filling up the DagBag from /opt/airflow/dags/weather_pipeline_dag.py
[2025-10-18T20:56:41.906+0000] {processor.py:840} INFO - DAG(s) 'weather_pipeline_dag' retrieved from /opt/airflow/dags/weather_pipeline_dag.py
[2025-10-18T20:56:41.942+0000] {logging_mixin.py:188} INFO - [2025-10-18T20:56:41.942+0000] {dag.py:3089} INFO - Sync 1 DAGs
[2025-10-18T20:56:41.970+0000] {logging_mixin.py:188} INFO - [2025-10-18T20:56:41.970+0000] {dag.py:3947} INFO - Setting next_dagrun for weather_pipeline_dag to 2025-10-19 00:00:00+00:00, run_after=2025-10-19 01:00:00+00:00
[2025-10-18T20:56:41.985+0000] {processor.py:183} INFO - Processing /opt/airflow/dags/weather_pipeline_dag.py took 0.113 seconds
[2025-10-18T20:56:41.989+0000] {processor.py:161} INFO - Started process (PID=5303) to work on /opt/airflow/dags/weather_pipeline_dag.py
[2025-10-18T20:56:41.990+0000] {processor.py:830} INFO - Processing file /opt/airflow/dags/weather_pipeline_dag.py for tasks to queue
[2025-10-18T20:56:41.992+0000] {logging_mixin.py:188} INFO - [2025-10-18T20:56:41.992+0000] {dagbag.py:545} INFO - Filling up the DagBag from /opt/airflow/dags/weather_pipeline_dag.py
[2025-10-18T20:56:42.004+0000] {processor.py:840} INFO - DAG(s) 'weather_pipeline_dag' retrieved from /opt/airflow/dags/weather_pipeline_dag.py
[2025-10-18T20:56:42.023+0000] {logging_mixin.py:188} INFO - [2025-10-18T20:56:42.023+0000] {dag.py:3089} INFO - Sync 1 DAGs
[2025-10-18T20:56:42.034+0000] {logging_mixin.py:188} INFO - [2025-10-18T20:56:42.034+0000] {dag.py:3947} INFO - Setting next_dagrun for weather_pipeline_dag to 2025-10-19 00:00:00+00:00, run_after=2025-10-19 01:00:00+00:00
[2025-10-18T20:56:42.042+0000] {processor.py:183} INFO - Processing /opt/airflow/dags/weather_pipeline_dag.py took 0.062 seconds
[2025-10-18T20:57:12.610+0000] {processor.py:161} INFO - Started process (PID=5341) to work on /opt/airflow/dags/weather_pipeline_dag.py
[2025-10-18T20:57:12.612+0000] {processor.py:161} INFO - Started process (PID=5340) to work on /opt/airflow/dags/weather_pipeline_dag.py
[2025-10-18T20:57:12.616+0000] {processor.py:830} INFO - Processing file /opt/airflow/dags/weather_pipeline_dag.py for tasks to queue
[2025-10-18T20:57:12.619+0000] {logging_mixin.py:188} INFO - [2025-10-18T20:57:12.618+0000] {dagbag.py:545} INFO - Filling up the DagBag from /opt/airflow/dags/weather_pipeline_dag.py
[2025-10-18T20:57:12.614+0000] {processor.py:830} INFO - Processing file /opt/airflow/dags/weather_pipeline_dag.py for tasks to queue
[2025-10-18T20:57:12.624+0000] {logging_mixin.py:188} INFO - [2025-10-18T20:57:12.624+0000] {dagbag.py:545} INFO - Filling up the DagBag from /opt/airflow/dags/weather_pipeline_dag.py
[2025-10-18T20:57:12.640+0000] {processor.py:840} INFO - DAG(s) 'weather_pipeline_dag' retrieved from /opt/airflow/dags/weather_pipeline_dag.py
[2025-10-18T20:57:12.651+0000] {processor.py:840} INFO - DAG(s) 'weather_pipeline_dag' retrieved from /opt/airflow/dags/weather_pipeline_dag.py
[2025-10-18T20:57:12.678+0000] {logging_mixin.py:188} INFO - [2025-10-18T20:57:12.678+0000] {dag.py:3089} INFO - Sync 1 DAGs
[2025-10-18T20:57:12.686+0000] {logging_mixin.py:188} INFO - [2025-10-18T20:57:12.686+0000] {dag.py:3089} INFO - Sync 1 DAGs
[2025-10-18T20:57:12.698+0000] {logging_mixin.py:188} INFO - [2025-10-18T20:57:12.697+0000] {dag.py:3947} INFO - Setting next_dagrun for weather_pipeline_dag to 2025-10-19 00:00:00+00:00, run_after=2025-10-19 01:00:00+00:00
[2025-10-18T20:57:12.709+0000] {processor.py:183} INFO - Processing /opt/airflow/dags/weather_pipeline_dag.py took 0.110 seconds
[2025-10-18T20:57:12.713+0000] {logging_mixin.py:188} INFO - [2025-10-18T20:57:12.713+0000] {dag.py:3947} INFO - Setting next_dagrun for weather_pipeline_dag to 2025-10-19 00:00:00+00:00, run_after=2025-10-19 01:00:00+00:00
[2025-10-18T20:57:12.721+0000] {processor.py:183} INFO - Processing /opt/airflow/dags/weather_pipeline_dag.py took 0.123 seconds
[2025-10-18T20:57:43.597+0000] {processor.py:161} INFO - Started process (PID=5380) to work on /opt/airflow/dags/weather_pipeline_dag.py
[2025-10-18T20:57:43.596+0000] {processor.py:161} INFO - Started process (PID=5381) to work on /opt/airflow/dags/weather_pipeline_dag.py
[2025-10-18T20:57:43.599+0000] {processor.py:830} INFO - Processing file /opt/airflow/dags/weather_pipeline_dag.py for tasks to queue
[2025-10-18T20:57:43.599+0000] {processor.py:830} INFO - Processing file /opt/airflow/dags/weather_pipeline_dag.py for tasks to queue
[2025-10-18T20:57:43.602+0000] {logging_mixin.py:188} INFO - [2025-10-18T20:57:43.601+0000] {dagbag.py:545} INFO - Filling up the DagBag from /opt/airflow/dags/weather_pipeline_dag.py
[2025-10-18T20:57:43.604+0000] {logging_mixin.py:188} INFO - [2025-10-18T20:57:43.603+0000] {dagbag.py:545} INFO - Filling up the DagBag from /opt/airflow/dags/weather_pipeline_dag.py
[2025-10-18T20:57:43.625+0000] {processor.py:840} INFO - DAG(s) 'weather_pipeline_dag' retrieved from /opt/airflow/dags/weather_pipeline_dag.py
[2025-10-18T20:57:43.625+0000] {processor.py:840} INFO - DAG(s) 'weather_pipeline_dag' retrieved from /opt/airflow/dags/weather_pipeline_dag.py
[2025-10-18T20:57:43.668+0000] {logging_mixin.py:188} INFO - [2025-10-18T20:57:43.668+0000] {dag.py:3089} INFO - Sync 1 DAGs
[2025-10-18T20:57:43.669+0000] {logging_mixin.py:188} INFO - [2025-10-18T20:57:43.669+0000] {dag.py:3089} INFO - Sync 1 DAGs
[2025-10-18T20:57:43.688+0000] {logging_mixin.py:188} INFO - [2025-10-18T20:57:43.687+0000] {dag.py:3947} INFO - Setting next_dagrun for weather_pipeline_dag to 2025-10-19 00:00:00+00:00, run_after=2025-10-19 01:00:00+00:00
[2025-10-18T20:57:43.708+0000] {logging_mixin.py:188} INFO - [2025-10-18T20:57:43.708+0000] {dag.py:3947} INFO - Setting next_dagrun for weather_pipeline_dag to 2025-10-19 00:00:00+00:00, run_after=2025-10-19 01:00:00+00:00
[2025-10-18T20:57:43.708+0000] {processor.py:183} INFO - Processing /opt/airflow/dags/weather_pipeline_dag.py took 0.123 seconds
[2025-10-18T20:57:43.720+0000] {processor.py:183} INFO - Processing /opt/airflow/dags/weather_pipeline_dag.py took 0.134 seconds
[2025-10-18T20:58:14.405+0000] {processor.py:161} INFO - Started process (PID=5420) to work on /opt/airflow/dags/weather_pipeline_dag.py
[2025-10-18T20:58:14.407+0000] {processor.py:830} INFO - Processing file /opt/airflow/dags/weather_pipeline_dag.py for tasks to queue
[2025-10-18T20:58:14.409+0000] {logging_mixin.py:188} INFO - [2025-10-18T20:58:14.409+0000] {dagbag.py:545} INFO - Filling up the DagBag from /opt/airflow/dags/weather_pipeline_dag.py
[2025-10-18T20:58:14.428+0000] {processor.py:840} INFO - DAG(s) 'weather_pipeline_dag' retrieved from /opt/airflow/dags/weather_pipeline_dag.py
[2025-10-18T20:58:14.459+0000] {logging_mixin.py:188} INFO - [2025-10-18T20:58:14.458+0000] {dag.py:3089} INFO - Sync 1 DAGs
[2025-10-18T20:58:14.474+0000] {logging_mixin.py:188} INFO - [2025-10-18T20:58:14.474+0000] {dag.py:3947} INFO - Setting next_dagrun for weather_pipeline_dag to 2025-10-19 00:00:00+00:00, run_after=2025-10-19 01:00:00+00:00
[2025-10-18T20:58:14.483+0000] {processor.py:183} INFO - Processing /opt/airflow/dags/weather_pipeline_dag.py took 0.087 seconds
[2025-10-18T20:58:14.579+0000] {processor.py:161} INFO - Started process (PID=5425) to work on /opt/airflow/dags/weather_pipeline_dag.py
[2025-10-18T20:58:14.580+0000] {processor.py:830} INFO - Processing file /opt/airflow/dags/weather_pipeline_dag.py for tasks to queue
[2025-10-18T20:58:14.582+0000] {logging_mixin.py:188} INFO - [2025-10-18T20:58:14.582+0000] {dagbag.py:545} INFO - Filling up the DagBag from /opt/airflow/dags/weather_pipeline_dag.py
[2025-10-18T20:58:14.594+0000] {processor.py:840} INFO - DAG(s) 'weather_pipeline_dag' retrieved from /opt/airflow/dags/weather_pipeline_dag.py
[2025-10-18T20:58:14.612+0000] {logging_mixin.py:188} INFO - [2025-10-18T20:58:14.612+0000] {dag.py:3089} INFO - Sync 1 DAGs
[2025-10-18T20:58:14.622+0000] {logging_mixin.py:188} INFO - [2025-10-18T20:58:14.622+0000] {dag.py:3947} INFO - Setting next_dagrun for weather_pipeline_dag to 2025-10-19 00:00:00+00:00, run_after=2025-10-19 01:00:00+00:00
[2025-10-18T20:58:14.634+0000] {processor.py:183} INFO - Processing /opt/airflow/dags/weather_pipeline_dag.py took 0.063 seconds
[2025-10-18T20:58:45.701+0000] {processor.py:161} INFO - Started process (PID=5460) to work on /opt/airflow/dags/weather_pipeline_dag.py
[2025-10-18T20:58:45.704+0000] {processor.py:161} INFO - Started process (PID=5461) to work on /opt/airflow/dags/weather_pipeline_dag.py
[2025-10-18T20:58:45.740+0000] {processor.py:830} INFO - Processing file /opt/airflow/dags/weather_pipeline_dag.py for tasks to queue
[2025-10-18T20:58:45.750+0000] {processor.py:830} INFO - Processing file /opt/airflow/dags/weather_pipeline_dag.py for tasks to queue
[2025-10-18T20:58:45.772+0000] {logging_mixin.py:188} INFO - [2025-10-18T20:58:45.761+0000] {dagbag.py:545} INFO - Filling up the DagBag from /opt/airflow/dags/weather_pipeline_dag.py
[2025-10-18T20:58:45.777+0000] {logging_mixin.py:188} INFO - [2025-10-18T20:58:45.772+0000] {dagbag.py:545} INFO - Filling up the DagBag from /opt/airflow/dags/weather_pipeline_dag.py
[2025-10-18T20:58:46.102+0000] {processor.py:840} INFO - DAG(s) 'weather_pipeline_dag' retrieved from /opt/airflow/dags/weather_pipeline_dag.py
[2025-10-18T20:58:46.439+0000] {processor.py:840} INFO - DAG(s) 'weather_pipeline_dag' retrieved from /opt/airflow/dags/weather_pipeline_dag.py
[2025-10-18T20:58:46.471+0000] {logging_mixin.py:188} INFO - [2025-10-18T20:58:46.465+0000] {dag.py:3089} INFO - Sync 1 DAGs
[2025-10-18T20:58:46.625+0000] {logging_mixin.py:188} INFO - [2025-10-18T20:58:46.624+0000] {dag.py:3947} INFO - Setting next_dagrun for weather_pipeline_dag to 2025-10-19 00:00:00+00:00, run_after=2025-10-19 01:00:00+00:00
[2025-10-18T20:58:46.742+0000] {processor.py:183} INFO - Processing /opt/airflow/dags/weather_pipeline_dag.py took 1.123 seconds
