[2025-10-18T19:33:34.143+0000] {processor.py:161} INFO - Started process (PID=298) to work on /opt/airflow/dags/weather_dag.py
[2025-10-18T19:33:34.144+0000] {processor.py:830} INFO - Processing file /opt/airflow/dags/weather_dag.py for tasks to queue
[2025-10-18T19:33:34.145+0000] {logging_mixin.py:188} INFO - [2025-10-18T19:33:34.145+0000] {dagbag.py:545} INFO - Filling up the DagBag from /opt/airflow/dags/weather_dag.py
[2025-10-18T19:33:34.211+0000] {processor.py:840} INFO - DAG(s) 'weather_pipeline' retrieved from /opt/airflow/dags/weather_dag.py
[2025-10-18T19:33:34.264+0000] {logging_mixin.py:188} INFO - [2025-10-18T19:33:34.264+0000] {override.py:1858} INFO - Created Permission View: can read on DAG:weather_pipeline
[2025-10-18T19:33:34.268+0000] {logging_mixin.py:188} INFO - [2025-10-18T19:33:34.268+0000] {override.py:1858} INFO - Created Permission View: can delete on DAG:weather_pipeline
[2025-10-18T19:33:34.270+0000] {logging_mixin.py:188} INFO - [2025-10-18T19:33:34.270+0000] {override.py:1858} INFO - Created Permission View: can edit on DAG:weather_pipeline
[2025-10-18T19:33:34.270+0000] {logging_mixin.py:188} INFO - [2025-10-18T19:33:34.270+0000] {dag.py:3089} INFO - Sync 1 DAGs
[2025-10-18T19:33:34.274+0000] {logging_mixin.py:188} INFO - [2025-10-18T19:33:34.274+0000] {dag.py:3111} INFO - Creating ORM DAG for weather_pipeline
[2025-10-18T19:33:34.278+0000] {logging_mixin.py:188} INFO - [2025-10-18T19:33:34.277+0000] {dag.py:3947} INFO - Setting next_dagrun for weather_pipeline to 2025-10-18 18:00:00+00:00, run_after=2025-10-18 19:00:00+00:00
[2025-10-18T19:33:34.282+0000] {processor.py:183} INFO - Processing /opt/airflow/dags/weather_dag.py took 0.141 seconds
[2025-10-18T19:34:04.872+0000] {processor.py:161} INFO - Started process (PID=326) to work on /opt/airflow/dags/weather_dag.py
[2025-10-18T19:34:04.873+0000] {processor.py:830} INFO - Processing file /opt/airflow/dags/weather_dag.py for tasks to queue
[2025-10-18T19:34:04.874+0000] {logging_mixin.py:188} INFO - [2025-10-18T19:34:04.874+0000] {dagbag.py:545} INFO - Filling up the DagBag from /opt/airflow/dags/weather_dag.py
[2025-10-18T19:34:04.938+0000] {processor.py:840} INFO - DAG(s) 'weather_pipeline' retrieved from /opt/airflow/dags/weather_dag.py
[2025-10-18T19:34:04.954+0000] {logging_mixin.py:188} INFO - [2025-10-18T19:34:04.954+0000] {dag.py:3089} INFO - Sync 1 DAGs
[2025-10-18T19:34:04.965+0000] {logging_mixin.py:188} INFO - [2025-10-18T19:34:04.965+0000] {dag.py:3947} INFO - Setting next_dagrun for weather_pipeline to 2025-10-18 18:00:00+00:00, run_after=2025-10-18 19:00:00+00:00
[2025-10-18T19:34:04.972+0000] {processor.py:183} INFO - Processing /opt/airflow/dags/weather_dag.py took 0.103 seconds
[2025-10-18T19:34:35.540+0000] {processor.py:161} INFO - Started process (PID=346) to work on /opt/airflow/dags/weather_dag.py
[2025-10-18T19:34:35.541+0000] {processor.py:830} INFO - Processing file /opt/airflow/dags/weather_dag.py for tasks to queue
[2025-10-18T19:34:35.542+0000] {logging_mixin.py:188} INFO - [2025-10-18T19:34:35.541+0000] {dagbag.py:545} INFO - Filling up the DagBag from /opt/airflow/dags/weather_dag.py
[2025-10-18T19:34:35.601+0000] {processor.py:840} INFO - DAG(s) 'weather_pipeline' retrieved from /opt/airflow/dags/weather_dag.py
[2025-10-18T19:34:35.612+0000] {logging_mixin.py:188} INFO - [2025-10-18T19:34:35.612+0000] {dag.py:3089} INFO - Sync 1 DAGs
[2025-10-18T19:34:35.621+0000] {logging_mixin.py:188} INFO - [2025-10-18T19:34:35.621+0000] {dag.py:3947} INFO - Setting next_dagrun for weather_pipeline to 2025-10-18 18:00:00+00:00, run_after=2025-10-18 19:00:00+00:00
[2025-10-18T19:34:35.627+0000] {processor.py:183} INFO - Processing /opt/airflow/dags/weather_dag.py took 0.090 seconds
[2025-10-18T19:35:06.020+0000] {processor.py:161} INFO - Started process (PID=383) to work on /opt/airflow/dags/weather_dag.py
[2025-10-18T19:35:06.021+0000] {processor.py:830} INFO - Processing file /opt/airflow/dags/weather_dag.py for tasks to queue
[2025-10-18T19:35:06.022+0000] {logging_mixin.py:188} INFO - [2025-10-18T19:35:06.022+0000] {dagbag.py:545} INFO - Filling up the DagBag from /opt/airflow/dags/weather_dag.py
[2025-10-18T19:35:06.085+0000] {processor.py:840} INFO - DAG(s) 'weather_pipeline' retrieved from /opt/airflow/dags/weather_dag.py
[2025-10-18T19:35:06.099+0000] {logging_mixin.py:188} INFO - [2025-10-18T19:35:06.099+0000] {dag.py:3089} INFO - Sync 1 DAGs
[2025-10-18T19:35:06.109+0000] {logging_mixin.py:188} INFO - [2025-10-18T19:35:06.109+0000] {dag.py:3947} INFO - Setting next_dagrun for weather_pipeline to 2025-10-18 18:00:00+00:00, run_after=2025-10-18 19:00:00+00:00
[2025-10-18T19:35:06.115+0000] {processor.py:183} INFO - Processing /opt/airflow/dags/weather_dag.py took 0.098 seconds
[2025-10-18T19:35:36.841+0000] {processor.py:161} INFO - Started process (PID=403) to work on /opt/airflow/dags/weather_dag.py
[2025-10-18T19:35:36.842+0000] {processor.py:830} INFO - Processing file /opt/airflow/dags/weather_dag.py for tasks to queue
[2025-10-18T19:35:36.843+0000] {logging_mixin.py:188} INFO - [2025-10-18T19:35:36.843+0000] {dagbag.py:545} INFO - Filling up the DagBag from /opt/airflow/dags/weather_dag.py
[2025-10-18T19:35:36.929+0000] {processor.py:840} INFO - DAG(s) 'weather_pipeline' retrieved from /opt/airflow/dags/weather_dag.py
[2025-10-18T19:35:36.948+0000] {logging_mixin.py:188} INFO - [2025-10-18T19:35:36.948+0000] {dag.py:3089} INFO - Sync 1 DAGs
[2025-10-18T19:35:36.967+0000] {logging_mixin.py:188} INFO - [2025-10-18T19:35:36.967+0000] {dag.py:3947} INFO - Setting next_dagrun for weather_pipeline to 2025-10-18 18:00:00+00:00, run_after=2025-10-18 19:00:00+00:00
[2025-10-18T19:35:36.976+0000] {processor.py:183} INFO - Processing /opt/airflow/dags/weather_dag.py took 0.140 seconds
[2025-10-18T19:36:07.417+0000] {processor.py:161} INFO - Started process (PID=423) to work on /opt/airflow/dags/weather_dag.py
[2025-10-18T19:36:07.417+0000] {processor.py:830} INFO - Processing file /opt/airflow/dags/weather_dag.py for tasks to queue
[2025-10-18T19:36:07.418+0000] {logging_mixin.py:188} INFO - [2025-10-18T19:36:07.418+0000] {dagbag.py:545} INFO - Filling up the DagBag from /opt/airflow/dags/weather_dag.py
[2025-10-18T19:36:07.471+0000] {processor.py:840} INFO - DAG(s) 'weather_pipeline' retrieved from /opt/airflow/dags/weather_dag.py
[2025-10-18T19:36:07.484+0000] {logging_mixin.py:188} INFO - [2025-10-18T19:36:07.484+0000] {dag.py:3089} INFO - Sync 1 DAGs
[2025-10-18T19:36:07.494+0000] {logging_mixin.py:188} INFO - [2025-10-18T19:36:07.494+0000] {dag.py:3947} INFO - Setting next_dagrun for weather_pipeline to 2025-10-18 18:00:00+00:00, run_after=2025-10-18 19:00:00+00:00
[2025-10-18T19:36:07.501+0000] {processor.py:183} INFO - Processing /opt/airflow/dags/weather_dag.py took 0.088 seconds
[2025-10-18T19:36:37.973+0000] {processor.py:161} INFO - Started process (PID=444) to work on /opt/airflow/dags/weather_dag.py
[2025-10-18T19:36:37.974+0000] {processor.py:830} INFO - Processing file /opt/airflow/dags/weather_dag.py for tasks to queue
[2025-10-18T19:36:37.975+0000] {logging_mixin.py:188} INFO - [2025-10-18T19:36:37.974+0000] {dagbag.py:545} INFO - Filling up the DagBag from /opt/airflow/dags/weather_dag.py
[2025-10-18T19:36:38.035+0000] {processor.py:840} INFO - DAG(s) 'weather_pipeline' retrieved from /opt/airflow/dags/weather_dag.py
[2025-10-18T19:36:38.048+0000] {logging_mixin.py:188} INFO - [2025-10-18T19:36:38.047+0000] {dag.py:3089} INFO - Sync 1 DAGs
[2025-10-18T19:36:38.055+0000] {logging_mixin.py:188} INFO - [2025-10-18T19:36:38.055+0000] {dag.py:3947} INFO - Setting next_dagrun for weather_pipeline to 2025-10-18 18:00:00+00:00, run_after=2025-10-18 19:00:00+00:00
[2025-10-18T19:36:38.062+0000] {processor.py:183} INFO - Processing /opt/airflow/dags/weather_dag.py took 0.091 seconds
[2025-10-18T19:37:08.814+0000] {processor.py:161} INFO - Started process (PID=470) to work on /opt/airflow/dags/weather_dag.py
[2025-10-18T19:37:08.815+0000] {processor.py:830} INFO - Processing file /opt/airflow/dags/weather_dag.py for tasks to queue
[2025-10-18T19:37:08.815+0000] {logging_mixin.py:188} INFO - [2025-10-18T19:37:08.815+0000] {dagbag.py:545} INFO - Filling up the DagBag from /opt/airflow/dags/weather_dag.py
[2025-10-18T19:37:08.875+0000] {processor.py:840} INFO - DAG(s) 'weather_pipeline' retrieved from /opt/airflow/dags/weather_dag.py
[2025-10-18T19:37:08.891+0000] {logging_mixin.py:188} INFO - [2025-10-18T19:37:08.891+0000] {dag.py:3089} INFO - Sync 1 DAGs
[2025-10-18T19:37:08.902+0000] {logging_mixin.py:188} INFO - [2025-10-18T19:37:08.901+0000] {dag.py:3947} INFO - Setting next_dagrun for weather_pipeline to 2025-10-18 18:00:00+00:00, run_after=2025-10-18 19:00:00+00:00
[2025-10-18T19:37:08.914+0000] {processor.py:183} INFO - Processing /opt/airflow/dags/weather_dag.py took 0.102 seconds
[2025-10-18T19:37:39.432+0000] {processor.py:161} INFO - Started process (PID=508) to work on /opt/airflow/dags/weather_dag.py
[2025-10-18T19:37:39.433+0000] {processor.py:830} INFO - Processing file /opt/airflow/dags/weather_dag.py for tasks to queue
[2025-10-18T19:37:39.434+0000] {logging_mixin.py:188} INFO - [2025-10-18T19:37:39.434+0000] {dagbag.py:545} INFO - Filling up the DagBag from /opt/airflow/dags/weather_dag.py
[2025-10-18T19:37:39.497+0000] {processor.py:840} INFO - DAG(s) 'weather_pipeline' retrieved from /opt/airflow/dags/weather_dag.py
[2025-10-18T19:37:39.510+0000] {logging_mixin.py:188} INFO - [2025-10-18T19:37:39.510+0000] {dag.py:3089} INFO - Sync 1 DAGs
[2025-10-18T19:37:39.518+0000] {logging_mixin.py:188} INFO - [2025-10-18T19:37:39.518+0000] {dag.py:3947} INFO - Setting next_dagrun for weather_pipeline to 2025-10-18 18:00:00+00:00, run_after=2025-10-18 19:00:00+00:00
[2025-10-18T19:37:39.523+0000] {processor.py:183} INFO - Processing /opt/airflow/dags/weather_dag.py took 0.094 seconds
[2025-10-18T19:38:09.954+0000] {processor.py:161} INFO - Started process (PID=528) to work on /opt/airflow/dags/weather_dag.py
[2025-10-18T19:38:09.955+0000] {processor.py:830} INFO - Processing file /opt/airflow/dags/weather_dag.py for tasks to queue
[2025-10-18T19:38:09.956+0000] {logging_mixin.py:188} INFO - [2025-10-18T19:38:09.956+0000] {dagbag.py:545} INFO - Filling up the DagBag from /opt/airflow/dags/weather_dag.py
[2025-10-18T19:38:10.015+0000] {processor.py:840} INFO - DAG(s) 'weather_pipeline' retrieved from /opt/airflow/dags/weather_dag.py
[2025-10-18T19:38:10.030+0000] {logging_mixin.py:188} INFO - [2025-10-18T19:38:10.030+0000] {dag.py:3089} INFO - Sync 1 DAGs
[2025-10-18T19:38:10.045+0000] {logging_mixin.py:188} INFO - [2025-10-18T19:38:10.045+0000] {dag.py:3947} INFO - Setting next_dagrun for weather_pipeline to 2025-10-18 18:00:00+00:00, run_after=2025-10-18 19:00:00+00:00
[2025-10-18T19:38:10.053+0000] {processor.py:183} INFO - Processing /opt/airflow/dags/weather_dag.py took 0.102 seconds
[2025-10-18T19:38:40.593+0000] {processor.py:161} INFO - Started process (PID=548) to work on /opt/airflow/dags/weather_dag.py
[2025-10-18T19:38:40.595+0000] {processor.py:830} INFO - Processing file /opt/airflow/dags/weather_dag.py for tasks to queue
[2025-10-18T19:38:40.596+0000] {logging_mixin.py:188} INFO - [2025-10-18T19:38:40.596+0000] {dagbag.py:545} INFO - Filling up the DagBag from /opt/airflow/dags/weather_dag.py
[2025-10-18T19:38:40.652+0000] {processor.py:840} INFO - DAG(s) 'weather_pipeline' retrieved from /opt/airflow/dags/weather_dag.py
[2025-10-18T19:38:40.664+0000] {logging_mixin.py:188} INFO - [2025-10-18T19:38:40.663+0000] {dag.py:3089} INFO - Sync 1 DAGs
[2025-10-18T19:38:40.671+0000] {logging_mixin.py:188} INFO - [2025-10-18T19:38:40.671+0000] {dag.py:3947} INFO - Setting next_dagrun for weather_pipeline to 2025-10-18 18:00:00+00:00, run_after=2025-10-18 19:00:00+00:00
[2025-10-18T19:38:40.678+0000] {processor.py:183} INFO - Processing /opt/airflow/dags/weather_dag.py took 0.087 seconds
[2025-10-18T19:39:11.107+0000] {processor.py:161} INFO - Started process (PID=568) to work on /opt/airflow/dags/weather_dag.py
[2025-10-18T19:39:11.108+0000] {processor.py:830} INFO - Processing file /opt/airflow/dags/weather_dag.py for tasks to queue
[2025-10-18T19:39:11.109+0000] {logging_mixin.py:188} INFO - [2025-10-18T19:39:11.108+0000] {dagbag.py:545} INFO - Filling up the DagBag from /opt/airflow/dags/weather_dag.py
[2025-10-18T19:39:11.177+0000] {processor.py:840} INFO - DAG(s) 'weather_pipeline' retrieved from /opt/airflow/dags/weather_dag.py
[2025-10-18T19:39:11.191+0000] {logging_mixin.py:188} INFO - [2025-10-18T19:39:11.191+0000] {dag.py:3089} INFO - Sync 1 DAGs
[2025-10-18T19:39:11.202+0000] {logging_mixin.py:188} INFO - [2025-10-18T19:39:11.201+0000] {dag.py:3947} INFO - Setting next_dagrun for weather_pipeline to 2025-10-18 18:00:00+00:00, run_after=2025-10-18 19:00:00+00:00
[2025-10-18T19:39:11.209+0000] {processor.py:183} INFO - Processing /opt/airflow/dags/weather_dag.py took 0.104 seconds
[2025-10-18T19:39:41.811+0000] {processor.py:161} INFO - Started process (PID=588) to work on /opt/airflow/dags/weather_dag.py
[2025-10-18T19:39:41.812+0000] {processor.py:830} INFO - Processing file /opt/airflow/dags/weather_dag.py for tasks to queue
[2025-10-18T19:39:41.814+0000] {logging_mixin.py:188} INFO - [2025-10-18T19:39:41.813+0000] {dagbag.py:545} INFO - Filling up the DagBag from /opt/airflow/dags/weather_dag.py
[2025-10-18T19:39:41.875+0000] {processor.py:840} INFO - DAG(s) 'weather_pipeline' retrieved from /opt/airflow/dags/weather_dag.py
[2025-10-18T19:39:41.887+0000] {logging_mixin.py:188} INFO - [2025-10-18T19:39:41.887+0000] {dag.py:3089} INFO - Sync 1 DAGs
[2025-10-18T19:39:41.896+0000] {logging_mixin.py:188} INFO - [2025-10-18T19:39:41.896+0000] {dag.py:3947} INFO - Setting next_dagrun for weather_pipeline to 2025-10-18 18:00:00+00:00, run_after=2025-10-18 19:00:00+00:00
[2025-10-18T19:39:41.903+0000] {processor.py:183} INFO - Processing /opt/airflow/dags/weather_dag.py took 0.095 seconds
[2025-10-18T19:40:12.432+0000] {processor.py:161} INFO - Started process (PID=608) to work on /opt/airflow/dags/weather_dag.py
[2025-10-18T19:40:12.432+0000] {processor.py:830} INFO - Processing file /opt/airflow/dags/weather_dag.py for tasks to queue
[2025-10-18T19:40:12.433+0000] {logging_mixin.py:188} INFO - [2025-10-18T19:40:12.433+0000] {dagbag.py:545} INFO - Filling up the DagBag from /opt/airflow/dags/weather_dag.py
[2025-10-18T19:40:12.498+0000] {processor.py:840} INFO - DAG(s) 'weather_pipeline' retrieved from /opt/airflow/dags/weather_dag.py
[2025-10-18T19:40:12.516+0000] {logging_mixin.py:188} INFO - [2025-10-18T19:40:12.515+0000] {dag.py:3089} INFO - Sync 1 DAGs
[2025-10-18T19:40:12.525+0000] {logging_mixin.py:188} INFO - [2025-10-18T19:40:12.525+0000] {dag.py:3947} INFO - Setting next_dagrun for weather_pipeline to 2025-10-18 18:00:00+00:00, run_after=2025-10-18 19:00:00+00:00
[2025-10-18T19:40:12.533+0000] {processor.py:183} INFO - Processing /opt/airflow/dags/weather_dag.py took 0.104 seconds
[2025-10-18T19:40:43.041+0000] {processor.py:161} INFO - Started process (PID=628) to work on /opt/airflow/dags/weather_dag.py
[2025-10-18T19:40:43.042+0000] {processor.py:830} INFO - Processing file /opt/airflow/dags/weather_dag.py for tasks to queue
[2025-10-18T19:40:43.044+0000] {logging_mixin.py:188} INFO - [2025-10-18T19:40:43.043+0000] {dagbag.py:545} INFO - Filling up the DagBag from /opt/airflow/dags/weather_dag.py
[2025-10-18T19:40:43.098+0000] {processor.py:840} INFO - DAG(s) 'weather_pipeline' retrieved from /opt/airflow/dags/weather_dag.py
[2025-10-18T19:40:43.109+0000] {logging_mixin.py:188} INFO - [2025-10-18T19:40:43.108+0000] {dag.py:3089} INFO - Sync 1 DAGs
[2025-10-18T19:40:43.116+0000] {logging_mixin.py:188} INFO - [2025-10-18T19:40:43.116+0000] {dag.py:3947} INFO - Setting next_dagrun for weather_pipeline to 2025-10-18 18:00:00+00:00, run_after=2025-10-18 19:00:00+00:00
[2025-10-18T19:40:43.123+0000] {processor.py:183} INFO - Processing /opt/airflow/dags/weather_dag.py took 0.084 seconds
[2025-10-18T19:41:13.549+0000] {processor.py:161} INFO - Started process (PID=648) to work on /opt/airflow/dags/weather_dag.py
[2025-10-18T19:41:13.551+0000] {processor.py:830} INFO - Processing file /opt/airflow/dags/weather_dag.py for tasks to queue
[2025-10-18T19:41:13.552+0000] {logging_mixin.py:188} INFO - [2025-10-18T19:41:13.552+0000] {dagbag.py:545} INFO - Filling up the DagBag from /opt/airflow/dags/weather_dag.py
[2025-10-18T19:41:13.607+0000] {processor.py:840} INFO - DAG(s) 'weather_pipeline' retrieved from /opt/airflow/dags/weather_dag.py
[2025-10-18T19:41:13.621+0000] {logging_mixin.py:188} INFO - [2025-10-18T19:41:13.621+0000] {dag.py:3089} INFO - Sync 1 DAGs
[2025-10-18T19:41:13.634+0000] {logging_mixin.py:188} INFO - [2025-10-18T19:41:13.634+0000] {dag.py:3947} INFO - Setting next_dagrun for weather_pipeline to 2025-10-18 18:00:00+00:00, run_after=2025-10-18 19:00:00+00:00
[2025-10-18T19:41:13.641+0000] {processor.py:183} INFO - Processing /opt/airflow/dags/weather_dag.py took 0.096 seconds
[2025-10-18T19:41:44.229+0000] {processor.py:161} INFO - Started process (PID=675) to work on /opt/airflow/dags/weather_dag.py
[2025-10-18T19:41:44.229+0000] {processor.py:830} INFO - Processing file /opt/airflow/dags/weather_dag.py for tasks to queue
[2025-10-18T19:41:44.230+0000] {logging_mixin.py:188} INFO - [2025-10-18T19:41:44.230+0000] {dagbag.py:545} INFO - Filling up the DagBag from /opt/airflow/dags/weather_dag.py
[2025-10-18T19:41:44.293+0000] {processor.py:840} INFO - DAG(s) 'weather_pipeline' retrieved from /opt/airflow/dags/weather_dag.py
[2025-10-18T19:41:44.306+0000] {logging_mixin.py:188} INFO - [2025-10-18T19:41:44.306+0000] {dag.py:3089} INFO - Sync 1 DAGs
[2025-10-18T19:41:44.319+0000] {logging_mixin.py:188} INFO - [2025-10-18T19:41:44.319+0000] {dag.py:3947} INFO - Setting next_dagrun for weather_pipeline to 2025-10-18 18:00:00+00:00, run_after=2025-10-18 19:00:00+00:00
[2025-10-18T19:41:44.325+0000] {processor.py:183} INFO - Processing /opt/airflow/dags/weather_dag.py took 0.100 seconds
[2025-10-18T19:42:14.791+0000] {processor.py:161} INFO - Started process (PID=700) to work on /opt/airflow/dags/weather_dag.py
[2025-10-18T19:42:14.791+0000] {processor.py:830} INFO - Processing file /opt/airflow/dags/weather_dag.py for tasks to queue
[2025-10-18T19:42:14.792+0000] {logging_mixin.py:188} INFO - [2025-10-18T19:42:14.792+0000] {dagbag.py:545} INFO - Filling up the DagBag from /opt/airflow/dags/weather_dag.py
[2025-10-18T19:42:14.848+0000] {processor.py:840} INFO - DAG(s) 'weather_pipeline' retrieved from /opt/airflow/dags/weather_dag.py
[2025-10-18T19:42:14.860+0000] {logging_mixin.py:188} INFO - [2025-10-18T19:42:14.860+0000] {dag.py:3089} INFO - Sync 1 DAGs
[2025-10-18T19:42:14.870+0000] {logging_mixin.py:188} INFO - [2025-10-18T19:42:14.870+0000] {dag.py:3947} INFO - Setting next_dagrun for weather_pipeline to 2025-10-18 18:00:00+00:00, run_after=2025-10-18 19:00:00+00:00
[2025-10-18T19:42:14.879+0000] {processor.py:183} INFO - Processing /opt/airflow/dags/weather_dag.py took 0.093 seconds
[2025-10-18T19:42:45.385+0000] {processor.py:161} INFO - Started process (PID=720) to work on /opt/airflow/dags/weather_dag.py
[2025-10-18T19:42:45.387+0000] {processor.py:830} INFO - Processing file /opt/airflow/dags/weather_dag.py for tasks to queue
[2025-10-18T19:42:45.389+0000] {logging_mixin.py:188} INFO - [2025-10-18T19:42:45.388+0000] {dagbag.py:545} INFO - Filling up the DagBag from /opt/airflow/dags/weather_dag.py
[2025-10-18T19:42:45.452+0000] {processor.py:840} INFO - DAG(s) 'weather_pipeline' retrieved from /opt/airflow/dags/weather_dag.py
[2025-10-18T19:42:45.465+0000] {logging_mixin.py:188} INFO - [2025-10-18T19:42:45.465+0000] {dag.py:3089} INFO - Sync 1 DAGs
[2025-10-18T19:42:45.474+0000] {logging_mixin.py:188} INFO - [2025-10-18T19:42:45.474+0000] {dag.py:3947} INFO - Setting next_dagrun for weather_pipeline to 2025-10-18 18:00:00+00:00, run_after=2025-10-18 19:00:00+00:00
[2025-10-18T19:42:45.480+0000] {processor.py:183} INFO - Processing /opt/airflow/dags/weather_dag.py took 0.098 seconds
[2025-10-18T19:43:15.942+0000] {processor.py:161} INFO - Started process (PID=740) to work on /opt/airflow/dags/weather_dag.py
[2025-10-18T19:43:15.943+0000] {processor.py:830} INFO - Processing file /opt/airflow/dags/weather_dag.py for tasks to queue
[2025-10-18T19:43:15.944+0000] {logging_mixin.py:188} INFO - [2025-10-18T19:43:15.944+0000] {dagbag.py:545} INFO - Filling up the DagBag from /opt/airflow/dags/weather_dag.py
[2025-10-18T19:43:16.004+0000] {processor.py:840} INFO - DAG(s) 'weather_pipeline' retrieved from /opt/airflow/dags/weather_dag.py
[2025-10-18T19:43:16.019+0000] {logging_mixin.py:188} INFO - [2025-10-18T19:43:16.019+0000] {dag.py:3089} INFO - Sync 1 DAGs
[2025-10-18T19:43:16.030+0000] {logging_mixin.py:188} INFO - [2025-10-18T19:43:16.030+0000] {dag.py:3947} INFO - Setting next_dagrun for weather_pipeline to 2025-10-18 18:00:00+00:00, run_after=2025-10-18 19:00:00+00:00
[2025-10-18T19:43:16.043+0000] {processor.py:183} INFO - Processing /opt/airflow/dags/weather_dag.py took 0.108 seconds
[2025-10-18T19:43:46.619+0000] {processor.py:161} INFO - Started process (PID=760) to work on /opt/airflow/dags/weather_dag.py
[2025-10-18T19:43:46.620+0000] {processor.py:830} INFO - Processing file /opt/airflow/dags/weather_dag.py for tasks to queue
[2025-10-18T19:43:46.621+0000] {logging_mixin.py:188} INFO - [2025-10-18T19:43:46.620+0000] {dagbag.py:545} INFO - Filling up the DagBag from /opt/airflow/dags/weather_dag.py
[2025-10-18T19:43:46.678+0000] {processor.py:840} INFO - DAG(s) 'weather_pipeline' retrieved from /opt/airflow/dags/weather_dag.py
[2025-10-18T19:43:46.690+0000] {logging_mixin.py:188} INFO - [2025-10-18T19:43:46.690+0000] {dag.py:3089} INFO - Sync 1 DAGs
[2025-10-18T19:43:46.697+0000] {logging_mixin.py:188} INFO - [2025-10-18T19:43:46.697+0000] {dag.py:3947} INFO - Setting next_dagrun for weather_pipeline to 2025-10-18 18:00:00+00:00, run_after=2025-10-18 19:00:00+00:00
[2025-10-18T19:43:46.703+0000] {processor.py:183} INFO - Processing /opt/airflow/dags/weather_dag.py took 0.088 seconds
[2025-10-18T19:44:17.104+0000] {processor.py:161} INFO - Started process (PID=780) to work on /opt/airflow/dags/weather_dag.py
[2025-10-18T19:44:17.105+0000] {processor.py:830} INFO - Processing file /opt/airflow/dags/weather_dag.py for tasks to queue
[2025-10-18T19:44:17.106+0000] {logging_mixin.py:188} INFO - [2025-10-18T19:44:17.106+0000] {dagbag.py:545} INFO - Filling up the DagBag from /opt/airflow/dags/weather_dag.py
[2025-10-18T19:44:17.170+0000] {processor.py:840} INFO - DAG(s) 'weather_pipeline' retrieved from /opt/airflow/dags/weather_dag.py
[2025-10-18T19:44:17.183+0000] {logging_mixin.py:188} INFO - [2025-10-18T19:44:17.183+0000] {dag.py:3089} INFO - Sync 1 DAGs
[2025-10-18T19:44:17.192+0000] {logging_mixin.py:188} INFO - [2025-10-18T19:44:17.192+0000] {dag.py:3947} INFO - Setting next_dagrun for weather_pipeline to 2025-10-18 18:00:00+00:00, run_after=2025-10-18 19:00:00+00:00
[2025-10-18T19:44:17.201+0000] {processor.py:183} INFO - Processing /opt/airflow/dags/weather_dag.py took 0.100 seconds
[2025-10-18T19:44:47.757+0000] {processor.py:161} INFO - Started process (PID=800) to work on /opt/airflow/dags/weather_dag.py
[2025-10-18T19:44:47.758+0000] {processor.py:830} INFO - Processing file /opt/airflow/dags/weather_dag.py for tasks to queue
[2025-10-18T19:44:47.759+0000] {logging_mixin.py:188} INFO - [2025-10-18T19:44:47.759+0000] {dagbag.py:545} INFO - Filling up the DagBag from /opt/airflow/dags/weather_dag.py
[2025-10-18T19:44:47.831+0000] {processor.py:840} INFO - DAG(s) 'weather_pipeline' retrieved from /opt/airflow/dags/weather_dag.py
[2025-10-18T19:44:47.848+0000] {logging_mixin.py:188} INFO - [2025-10-18T19:44:47.848+0000] {dag.py:3089} INFO - Sync 1 DAGs
[2025-10-18T19:44:47.857+0000] {logging_mixin.py:188} INFO - [2025-10-18T19:44:47.857+0000] {dag.py:3947} INFO - Setting next_dagrun for weather_pipeline to 2025-10-18 18:00:00+00:00, run_after=2025-10-18 19:00:00+00:00
[2025-10-18T19:44:47.865+0000] {processor.py:183} INFO - Processing /opt/airflow/dags/weather_dag.py took 0.111 seconds
[2025-10-18T19:45:18.453+0000] {processor.py:161} INFO - Started process (PID=820) to work on /opt/airflow/dags/weather_dag.py
[2025-10-18T19:45:18.455+0000] {processor.py:830} INFO - Processing file /opt/airflow/dags/weather_dag.py for tasks to queue
[2025-10-18T19:45:18.456+0000] {logging_mixin.py:188} INFO - [2025-10-18T19:45:18.456+0000] {dagbag.py:545} INFO - Filling up the DagBag from /opt/airflow/dags/weather_dag.py
[2025-10-18T19:45:18.523+0000] {processor.py:840} INFO - DAG(s) 'weather_pipeline' retrieved from /opt/airflow/dags/weather_dag.py
[2025-10-18T19:45:18.543+0000] {logging_mixin.py:188} INFO - [2025-10-18T19:45:18.543+0000] {dag.py:3089} INFO - Sync 1 DAGs
[2025-10-18T19:45:18.553+0000] {logging_mixin.py:188} INFO - [2025-10-18T19:45:18.553+0000] {dag.py:3947} INFO - Setting next_dagrun for weather_pipeline to 2025-10-18 18:00:00+00:00, run_after=2025-10-18 19:00:00+00:00
[2025-10-18T19:45:18.563+0000] {processor.py:183} INFO - Processing /opt/airflow/dags/weather_dag.py took 0.115 seconds
[2025-10-18T19:45:49.219+0000] {processor.py:161} INFO - Started process (PID=840) to work on /opt/airflow/dags/weather_dag.py
[2025-10-18T19:45:49.220+0000] {processor.py:830} INFO - Processing file /opt/airflow/dags/weather_dag.py for tasks to queue
[2025-10-18T19:45:49.221+0000] {logging_mixin.py:188} INFO - [2025-10-18T19:45:49.221+0000] {dagbag.py:545} INFO - Filling up the DagBag from /opt/airflow/dags/weather_dag.py
[2025-10-18T19:45:49.282+0000] {processor.py:840} INFO - DAG(s) 'weather_pipeline' retrieved from /opt/airflow/dags/weather_dag.py
[2025-10-18T19:45:49.295+0000] {logging_mixin.py:188} INFO - [2025-10-18T19:45:49.295+0000] {dag.py:3089} INFO - Sync 1 DAGs
[2025-10-18T19:45:49.304+0000] {logging_mixin.py:188} INFO - [2025-10-18T19:45:49.304+0000] {dag.py:3947} INFO - Setting next_dagrun for weather_pipeline to 2025-10-18 18:00:00+00:00, run_after=2025-10-18 19:00:00+00:00
[2025-10-18T19:45:49.311+0000] {processor.py:183} INFO - Processing /opt/airflow/dags/weather_dag.py took 0.094 seconds
[2025-10-18T19:46:19.746+0000] {processor.py:161} INFO - Started process (PID=860) to work on /opt/airflow/dags/weather_dag.py
[2025-10-18T19:46:19.747+0000] {processor.py:830} INFO - Processing file /opt/airflow/dags/weather_dag.py for tasks to queue
[2025-10-18T19:46:19.747+0000] {logging_mixin.py:188} INFO - [2025-10-18T19:46:19.747+0000] {dagbag.py:545} INFO - Filling up the DagBag from /opt/airflow/dags/weather_dag.py
[2025-10-18T19:46:19.815+0000] {processor.py:840} INFO - DAG(s) 'weather_pipeline' retrieved from /opt/airflow/dags/weather_dag.py
[2025-10-18T19:46:19.830+0000] {logging_mixin.py:188} INFO - [2025-10-18T19:46:19.830+0000] {dag.py:3089} INFO - Sync 1 DAGs
[2025-10-18T19:46:19.839+0000] {logging_mixin.py:188} INFO - [2025-10-18T19:46:19.839+0000] {dag.py:3947} INFO - Setting next_dagrun for weather_pipeline to 2025-10-18 18:00:00+00:00, run_after=2025-10-18 19:00:00+00:00
[2025-10-18T19:46:19.852+0000] {processor.py:183} INFO - Processing /opt/airflow/dags/weather_dag.py took 0.109 seconds
[2025-10-18T19:46:50.432+0000] {processor.py:161} INFO - Started process (PID=880) to work on /opt/airflow/dags/weather_dag.py
[2025-10-18T19:46:50.434+0000] {processor.py:830} INFO - Processing file /opt/airflow/dags/weather_dag.py for tasks to queue
[2025-10-18T19:46:50.435+0000] {logging_mixin.py:188} INFO - [2025-10-18T19:46:50.435+0000] {dagbag.py:545} INFO - Filling up the DagBag from /opt/airflow/dags/weather_dag.py
[2025-10-18T19:46:50.498+0000] {processor.py:840} INFO - DAG(s) 'weather_pipeline' retrieved from /opt/airflow/dags/weather_dag.py
[2025-10-18T19:46:50.511+0000] {logging_mixin.py:188} INFO - [2025-10-18T19:46:50.511+0000] {dag.py:3089} INFO - Sync 1 DAGs
[2025-10-18T19:46:50.519+0000] {logging_mixin.py:188} INFO - [2025-10-18T19:46:50.519+0000] {dag.py:3947} INFO - Setting next_dagrun for weather_pipeline to 2025-10-18 18:00:00+00:00, run_after=2025-10-18 19:00:00+00:00
[2025-10-18T19:46:50.525+0000] {processor.py:183} INFO - Processing /opt/airflow/dags/weather_dag.py took 0.096 seconds
[2025-10-18T19:47:20.963+0000] {processor.py:161} INFO - Started process (PID=900) to work on /opt/airflow/dags/weather_dag.py
[2025-10-18T19:47:20.963+0000] {processor.py:830} INFO - Processing file /opt/airflow/dags/weather_dag.py for tasks to queue
[2025-10-18T19:47:20.964+0000] {logging_mixin.py:188} INFO - [2025-10-18T19:47:20.964+0000] {dagbag.py:545} INFO - Filling up the DagBag from /opt/airflow/dags/weather_dag.py
[2025-10-18T19:47:21.023+0000] {processor.py:840} INFO - DAG(s) 'weather_pipeline' retrieved from /opt/airflow/dags/weather_dag.py
[2025-10-18T19:47:21.037+0000] {logging_mixin.py:188} INFO - [2025-10-18T19:47:21.037+0000] {dag.py:3089} INFO - Sync 1 DAGs
[2025-10-18T19:47:21.047+0000] {logging_mixin.py:188} INFO - [2025-10-18T19:47:21.047+0000] {dag.py:3947} INFO - Setting next_dagrun for weather_pipeline to 2025-10-18 18:00:00+00:00, run_after=2025-10-18 19:00:00+00:00
[2025-10-18T19:47:21.059+0000] {processor.py:183} INFO - Processing /opt/airflow/dags/weather_dag.py took 0.104 seconds
[2025-10-18T19:47:51.550+0000] {processor.py:161} INFO - Started process (PID=920) to work on /opt/airflow/dags/weather_dag.py
[2025-10-18T19:47:51.551+0000] {processor.py:830} INFO - Processing file /opt/airflow/dags/weather_dag.py for tasks to queue
[2025-10-18T19:47:51.553+0000] {logging_mixin.py:188} INFO - [2025-10-18T19:47:51.553+0000] {dagbag.py:545} INFO - Filling up the DagBag from /opt/airflow/dags/weather_dag.py
[2025-10-18T19:47:51.606+0000] {processor.py:840} INFO - DAG(s) 'weather_pipeline' retrieved from /opt/airflow/dags/weather_dag.py
[2025-10-18T19:47:51.617+0000] {logging_mixin.py:188} INFO - [2025-10-18T19:47:51.617+0000] {dag.py:3089} INFO - Sync 1 DAGs
[2025-10-18T19:47:51.626+0000] {logging_mixin.py:188} INFO - [2025-10-18T19:47:51.625+0000] {dag.py:3947} INFO - Setting next_dagrun for weather_pipeline to 2025-10-18 18:00:00+00:00, run_after=2025-10-18 19:00:00+00:00
[2025-10-18T19:47:51.631+0000] {processor.py:183} INFO - Processing /opt/airflow/dags/weather_dag.py took 0.084 seconds
[2025-10-18T19:48:22.043+0000] {processor.py:161} INFO - Started process (PID=940) to work on /opt/airflow/dags/weather_dag.py
[2025-10-18T19:48:22.044+0000] {processor.py:830} INFO - Processing file /opt/airflow/dags/weather_dag.py for tasks to queue
[2025-10-18T19:48:22.045+0000] {logging_mixin.py:188} INFO - [2025-10-18T19:48:22.045+0000] {dagbag.py:545} INFO - Filling up the DagBag from /opt/airflow/dags/weather_dag.py
[2025-10-18T19:48:22.114+0000] {processor.py:840} INFO - DAG(s) 'weather_pipeline' retrieved from /opt/airflow/dags/weather_dag.py
[2025-10-18T19:48:22.127+0000] {logging_mixin.py:188} INFO - [2025-10-18T19:48:22.127+0000] {dag.py:3089} INFO - Sync 1 DAGs
[2025-10-18T19:48:22.137+0000] {logging_mixin.py:188} INFO - [2025-10-18T19:48:22.137+0000] {dag.py:3947} INFO - Setting next_dagrun for weather_pipeline to 2025-10-18 18:00:00+00:00, run_after=2025-10-18 19:00:00+00:00
[2025-10-18T19:48:22.146+0000] {processor.py:183} INFO - Processing /opt/airflow/dags/weather_dag.py took 0.106 seconds
[2025-10-18T19:48:52.697+0000] {processor.py:161} INFO - Started process (PID=960) to work on /opt/airflow/dags/weather_dag.py
[2025-10-18T19:48:52.699+0000] {processor.py:830} INFO - Processing file /opt/airflow/dags/weather_dag.py for tasks to queue
[2025-10-18T19:48:52.700+0000] {logging_mixin.py:188} INFO - [2025-10-18T19:48:52.700+0000] {dagbag.py:545} INFO - Filling up the DagBag from /opt/airflow/dags/weather_dag.py
[2025-10-18T19:48:52.758+0000] {processor.py:840} INFO - DAG(s) 'weather_pipeline' retrieved from /opt/airflow/dags/weather_dag.py
[2025-10-18T19:48:52.769+0000] {logging_mixin.py:188} INFO - [2025-10-18T19:48:52.769+0000] {dag.py:3089} INFO - Sync 1 DAGs
[2025-10-18T19:48:52.777+0000] {logging_mixin.py:188} INFO - [2025-10-18T19:48:52.777+0000] {dag.py:3947} INFO - Setting next_dagrun for weather_pipeline to 2025-10-18 18:00:00+00:00, run_after=2025-10-18 19:00:00+00:00
[2025-10-18T19:48:52.783+0000] {processor.py:183} INFO - Processing /opt/airflow/dags/weather_dag.py took 0.089 seconds
[2025-10-18T19:49:23.266+0000] {processor.py:161} INFO - Started process (PID=980) to work on /opt/airflow/dags/weather_dag.py
[2025-10-18T19:49:23.266+0000] {processor.py:830} INFO - Processing file /opt/airflow/dags/weather_dag.py for tasks to queue
[2025-10-18T19:49:23.267+0000] {logging_mixin.py:188} INFO - [2025-10-18T19:49:23.267+0000] {dagbag.py:545} INFO - Filling up the DagBag from /opt/airflow/dags/weather_dag.py
[2025-10-18T19:49:23.330+0000] {processor.py:840} INFO - DAG(s) 'weather_pipeline' retrieved from /opt/airflow/dags/weather_dag.py
[2025-10-18T19:49:23.346+0000] {logging_mixin.py:188} INFO - [2025-10-18T19:49:23.346+0000] {dag.py:3089} INFO - Sync 1 DAGs
[2025-10-18T19:49:23.368+0000] {logging_mixin.py:188} INFO - [2025-10-18T19:49:23.368+0000] {dag.py:3947} INFO - Setting next_dagrun for weather_pipeline to 2025-10-18 18:00:00+00:00, run_after=2025-10-18 19:00:00+00:00
[2025-10-18T19:49:23.377+0000] {processor.py:183} INFO - Processing /opt/airflow/dags/weather_dag.py took 0.114 seconds
[2025-10-18T19:49:53.988+0000] {processor.py:161} INFO - Started process (PID=1000) to work on /opt/airflow/dags/weather_dag.py
[2025-10-18T19:49:53.991+0000] {processor.py:830} INFO - Processing file /opt/airflow/dags/weather_dag.py for tasks to queue
[2025-10-18T19:49:53.992+0000] {logging_mixin.py:188} INFO - [2025-10-18T19:49:53.992+0000] {dagbag.py:545} INFO - Filling up the DagBag from /opt/airflow/dags/weather_dag.py
[2025-10-18T19:49:54.047+0000] {processor.py:840} INFO - DAG(s) 'weather_pipeline' retrieved from /opt/airflow/dags/weather_dag.py
[2025-10-18T19:49:54.059+0000] {logging_mixin.py:188} INFO - [2025-10-18T19:49:54.059+0000] {dag.py:3089} INFO - Sync 1 DAGs
[2025-10-18T19:49:54.067+0000] {logging_mixin.py:188} INFO - [2025-10-18T19:49:54.066+0000] {dag.py:3947} INFO - Setting next_dagrun for weather_pipeline to 2025-10-18 18:00:00+00:00, run_after=2025-10-18 19:00:00+00:00
[2025-10-18T19:49:54.073+0000] {processor.py:183} INFO - Processing /opt/airflow/dags/weather_dag.py took 0.088 seconds
[2025-10-18T19:50:24.542+0000] {processor.py:161} INFO - Started process (PID=1020) to work on /opt/airflow/dags/weather_dag.py
[2025-10-18T19:50:24.543+0000] {processor.py:830} INFO - Processing file /opt/airflow/dags/weather_dag.py for tasks to queue
[2025-10-18T19:50:24.543+0000] {logging_mixin.py:188} INFO - [2025-10-18T19:50:24.543+0000] {dagbag.py:545} INFO - Filling up the DagBag from /opt/airflow/dags/weather_dag.py
[2025-10-18T19:50:24.612+0000] {processor.py:840} INFO - DAG(s) 'weather_pipeline' retrieved from /opt/airflow/dags/weather_dag.py
[2025-10-18T19:50:24.632+0000] {logging_mixin.py:188} INFO - [2025-10-18T19:50:24.632+0000] {dag.py:3089} INFO - Sync 1 DAGs
[2025-10-18T19:50:24.643+0000] {logging_mixin.py:188} INFO - [2025-10-18T19:50:24.643+0000] {dag.py:3947} INFO - Setting next_dagrun for weather_pipeline to 2025-10-18 18:00:00+00:00, run_after=2025-10-18 19:00:00+00:00
[2025-10-18T19:50:24.650+0000] {processor.py:183} INFO - Processing /opt/airflow/dags/weather_dag.py took 0.111 seconds
[2025-10-18T19:50:55.291+0000] {processor.py:161} INFO - Started process (PID=1040) to work on /opt/airflow/dags/weather_dag.py
[2025-10-18T19:50:55.291+0000] {processor.py:830} INFO - Processing file /opt/airflow/dags/weather_dag.py for tasks to queue
[2025-10-18T19:50:55.296+0000] {logging_mixin.py:188} INFO - [2025-10-18T19:50:55.294+0000] {dagbag.py:545} INFO - Filling up the DagBag from /opt/airflow/dags/weather_dag.py
[2025-10-18T19:50:55.350+0000] {processor.py:840} INFO - DAG(s) 'weather_pipeline' retrieved from /opt/airflow/dags/weather_dag.py
[2025-10-18T19:50:55.361+0000] {logging_mixin.py:188} INFO - [2025-10-18T19:50:55.361+0000] {dag.py:3089} INFO - Sync 1 DAGs
[2025-10-18T19:50:55.370+0000] {logging_mixin.py:188} INFO - [2025-10-18T19:50:55.370+0000] {dag.py:3947} INFO - Setting next_dagrun for weather_pipeline to 2025-10-18 18:00:00+00:00, run_after=2025-10-18 19:00:00+00:00
[2025-10-18T19:50:55.376+0000] {processor.py:183} INFO - Processing /opt/airflow/dags/weather_dag.py took 0.089 seconds
[2025-10-18T19:51:25.947+0000] {processor.py:161} INFO - Started process (PID=1060) to work on /opt/airflow/dags/weather_dag.py
[2025-10-18T19:51:25.948+0000] {processor.py:830} INFO - Processing file /opt/airflow/dags/weather_dag.py for tasks to queue
[2025-10-18T19:51:25.948+0000] {logging_mixin.py:188} INFO - [2025-10-18T19:51:25.948+0000] {dagbag.py:545} INFO - Filling up the DagBag from /opt/airflow/dags/weather_dag.py
[2025-10-18T19:51:26.011+0000] {processor.py:840} INFO - DAG(s) 'weather_pipeline' retrieved from /opt/airflow/dags/weather_dag.py
[2025-10-18T19:51:26.024+0000] {logging_mixin.py:188} INFO - [2025-10-18T19:51:26.024+0000] {dag.py:3089} INFO - Sync 1 DAGs
[2025-10-18T19:51:26.036+0000] {logging_mixin.py:188} INFO - [2025-10-18T19:51:26.036+0000] {dag.py:3947} INFO - Setting next_dagrun for weather_pipeline to 2025-10-18 18:00:00+00:00, run_after=2025-10-18 19:00:00+00:00
[2025-10-18T19:51:26.047+0000] {processor.py:183} INFO - Processing /opt/airflow/dags/weather_dag.py took 0.104 seconds
[2025-10-18T19:51:56.696+0000] {processor.py:161} INFO - Started process (PID=1080) to work on /opt/airflow/dags/weather_dag.py
[2025-10-18T19:51:56.697+0000] {processor.py:830} INFO - Processing file /opt/airflow/dags/weather_dag.py for tasks to queue
[2025-10-18T19:51:56.698+0000] {logging_mixin.py:188} INFO - [2025-10-18T19:51:56.698+0000] {dagbag.py:545} INFO - Filling up the DagBag from /opt/airflow/dags/weather_dag.py
[2025-10-18T19:51:56.763+0000] {processor.py:840} INFO - DAG(s) 'weather_pipeline' retrieved from /opt/airflow/dags/weather_dag.py
[2025-10-18T19:51:56.775+0000] {logging_mixin.py:188} INFO - [2025-10-18T19:51:56.775+0000] {dag.py:3089} INFO - Sync 1 DAGs
[2025-10-18T19:51:56.782+0000] {logging_mixin.py:188} INFO - [2025-10-18T19:51:56.782+0000] {dag.py:3947} INFO - Setting next_dagrun for weather_pipeline to 2025-10-18 18:00:00+00:00, run_after=2025-10-18 19:00:00+00:00
[2025-10-18T19:51:56.788+0000] {processor.py:183} INFO - Processing /opt/airflow/dags/weather_dag.py took 0.095 seconds
[2025-10-18T19:52:27.293+0000] {processor.py:161} INFO - Started process (PID=1100) to work on /opt/airflow/dags/weather_dag.py
[2025-10-18T19:52:27.294+0000] {processor.py:830} INFO - Processing file /opt/airflow/dags/weather_dag.py for tasks to queue
[2025-10-18T19:52:27.295+0000] {logging_mixin.py:188} INFO - [2025-10-18T19:52:27.295+0000] {dagbag.py:545} INFO - Filling up the DagBag from /opt/airflow/dags/weather_dag.py
[2025-10-18T19:52:27.359+0000] {processor.py:840} INFO - DAG(s) 'weather_pipeline' retrieved from /opt/airflow/dags/weather_dag.py
[2025-10-18T19:52:27.376+0000] {logging_mixin.py:188} INFO - [2025-10-18T19:52:27.376+0000] {dag.py:3089} INFO - Sync 1 DAGs
[2025-10-18T19:52:27.388+0000] {logging_mixin.py:188} INFO - [2025-10-18T19:52:27.388+0000] {dag.py:3947} INFO - Setting next_dagrun for weather_pipeline to 2025-10-18 18:00:00+00:00, run_after=2025-10-18 19:00:00+00:00
[2025-10-18T19:52:27.396+0000] {processor.py:183} INFO - Processing /opt/airflow/dags/weather_dag.py took 0.107 seconds
[2025-10-18T19:52:58.034+0000] {processor.py:161} INFO - Started process (PID=1120) to work on /opt/airflow/dags/weather_dag.py
[2025-10-18T19:52:58.038+0000] {processor.py:830} INFO - Processing file /opt/airflow/dags/weather_dag.py for tasks to queue
[2025-10-18T19:52:58.039+0000] {logging_mixin.py:188} INFO - [2025-10-18T19:52:58.039+0000] {dagbag.py:545} INFO - Filling up the DagBag from /opt/airflow/dags/weather_dag.py
[2025-10-18T19:52:58.095+0000] {processor.py:840} INFO - DAG(s) 'weather_pipeline' retrieved from /opt/airflow/dags/weather_dag.py
[2025-10-18T19:52:58.106+0000] {logging_mixin.py:188} INFO - [2025-10-18T19:52:58.106+0000] {dag.py:3089} INFO - Sync 1 DAGs
[2025-10-18T19:52:58.114+0000] {logging_mixin.py:188} INFO - [2025-10-18T19:52:58.114+0000] {dag.py:3947} INFO - Setting next_dagrun for weather_pipeline to 2025-10-18 18:00:00+00:00, run_after=2025-10-18 19:00:00+00:00
[2025-10-18T19:52:58.121+0000] {processor.py:183} INFO - Processing /opt/airflow/dags/weather_dag.py took 0.090 seconds
[2025-10-18T19:53:28.600+0000] {processor.py:161} INFO - Started process (PID=1140) to work on /opt/airflow/dags/weather_dag.py
[2025-10-18T19:53:28.601+0000] {processor.py:830} INFO - Processing file /opt/airflow/dags/weather_dag.py for tasks to queue
[2025-10-18T19:53:28.602+0000] {logging_mixin.py:188} INFO - [2025-10-18T19:53:28.601+0000] {dagbag.py:545} INFO - Filling up the DagBag from /opt/airflow/dags/weather_dag.py
[2025-10-18T19:53:28.662+0000] {processor.py:840} INFO - DAG(s) 'weather_pipeline' retrieved from /opt/airflow/dags/weather_dag.py
[2025-10-18T19:53:28.680+0000] {logging_mixin.py:188} INFO - [2025-10-18T19:53:28.680+0000] {dag.py:3089} INFO - Sync 1 DAGs
[2025-10-18T19:53:28.690+0000] {logging_mixin.py:188} INFO - [2025-10-18T19:53:28.690+0000] {dag.py:3947} INFO - Setting next_dagrun for weather_pipeline to 2025-10-18 18:00:00+00:00, run_after=2025-10-18 19:00:00+00:00
[2025-10-18T19:53:28.698+0000] {processor.py:183} INFO - Processing /opt/airflow/dags/weather_dag.py took 0.101 seconds
[2025-10-18T19:53:35.837+0000] {processor.py:161} INFO - Started process (PID=1152) to work on /opt/airflow/dags/weather_dag.py
[2025-10-18T19:53:35.837+0000] {processor.py:830} INFO - Processing file /opt/airflow/dags/weather_dag.py for tasks to queue
[2025-10-18T19:53:35.839+0000] {logging_mixin.py:188} INFO - [2025-10-18T19:53:35.839+0000] {dagbag.py:545} INFO - Filling up the DagBag from /opt/airflow/dags/weather_dag.py
[2025-10-18T19:53:35.847+0000] {processor.py:840} INFO - DAG(s) 'weather_pipeline' retrieved from /opt/airflow/dags/weather_dag.py
[2025-10-18T19:53:35.895+0000] {logging_mixin.py:188} INFO - [2025-10-18T19:53:35.895+0000] {dag.py:3089} INFO - Sync 1 DAGs
[2025-10-18T19:53:35.899+0000] {logging_mixin.py:188} INFO - [2025-10-18T19:53:35.899+0000] {dag.py:3947} INFO - Setting next_dagrun for weather_pipeline to None, run_after=None
[2025-10-18T19:53:35.908+0000] {processor.py:183} INFO - Processing /opt/airflow/dags/weather_dag.py took 0.076 seconds
[2025-10-18T19:54:06.379+0000] {processor.py:161} INFO - Started process (PID=1172) to work on /opt/airflow/dags/weather_dag.py
[2025-10-18T19:54:06.380+0000] {processor.py:830} INFO - Processing file /opt/airflow/dags/weather_dag.py for tasks to queue
[2025-10-18T19:54:06.382+0000] {logging_mixin.py:188} INFO - [2025-10-18T19:54:06.381+0000] {dagbag.py:545} INFO - Filling up the DagBag from /opt/airflow/dags/weather_dag.py
[2025-10-18T19:54:06.390+0000] {processor.py:840} INFO - DAG(s) 'weather_pipeline' retrieved from /opt/airflow/dags/weather_dag.py
[2025-10-18T19:54:06.411+0000] {logging_mixin.py:188} INFO - [2025-10-18T19:54:06.411+0000] {dag.py:3089} INFO - Sync 1 DAGs
[2025-10-18T19:54:06.417+0000] {logging_mixin.py:188} INFO - [2025-10-18T19:54:06.417+0000] {dag.py:3947} INFO - Setting next_dagrun for weather_pipeline to None, run_after=None
[2025-10-18T19:54:06.426+0000] {processor.py:183} INFO - Processing /opt/airflow/dags/weather_dag.py took 0.052 seconds
[2025-10-18T19:54:36.964+0000] {processor.py:161} INFO - Started process (PID=1194) to work on /opt/airflow/dags/weather_dag.py
[2025-10-18T19:54:36.966+0000] {processor.py:830} INFO - Processing file /opt/airflow/dags/weather_dag.py for tasks to queue
[2025-10-18T19:54:36.969+0000] {logging_mixin.py:188} INFO - [2025-10-18T19:54:36.969+0000] {dagbag.py:545} INFO - Filling up the DagBag from /opt/airflow/dags/weather_dag.py
[2025-10-18T19:54:36.988+0000] {processor.py:840} INFO - DAG(s) 'weather_pipeline' retrieved from /opt/airflow/dags/weather_dag.py
[2025-10-18T19:54:37.022+0000] {logging_mixin.py:188} INFO - [2025-10-18T19:54:37.022+0000] {dag.py:3089} INFO - Sync 1 DAGs
[2025-10-18T19:54:37.032+0000] {logging_mixin.py:188} INFO - [2025-10-18T19:54:37.032+0000] {dag.py:3947} INFO - Setting next_dagrun for weather_pipeline to None, run_after=None
[2025-10-18T19:54:37.042+0000] {processor.py:183} INFO - Processing /opt/airflow/dags/weather_dag.py took 0.089 seconds
[2025-10-18T19:55:07.474+0000] {processor.py:161} INFO - Started process (PID=1214) to work on /opt/airflow/dags/weather_dag.py
[2025-10-18T19:55:07.475+0000] {processor.py:830} INFO - Processing file /opt/airflow/dags/weather_dag.py for tasks to queue
[2025-10-18T19:55:07.477+0000] {logging_mixin.py:188} INFO - [2025-10-18T19:55:07.477+0000] {dagbag.py:545} INFO - Filling up the DagBag from /opt/airflow/dags/weather_dag.py
[2025-10-18T19:55:07.490+0000] {processor.py:840} INFO - DAG(s) 'weather_pipeline' retrieved from /opt/airflow/dags/weather_dag.py
[2025-10-18T19:55:07.516+0000] {logging_mixin.py:188} INFO - [2025-10-18T19:55:07.515+0000] {dag.py:3089} INFO - Sync 1 DAGs
[2025-10-18T19:55:07.522+0000] {logging_mixin.py:188} INFO - [2025-10-18T19:55:07.522+0000] {dag.py:3947} INFO - Setting next_dagrun for weather_pipeline to None, run_after=None
[2025-10-18T19:55:07.530+0000] {processor.py:183} INFO - Processing /opt/airflow/dags/weather_dag.py took 0.063 seconds
[2025-10-18T19:55:37.906+0000] {processor.py:161} INFO - Started process (PID=1234) to work on /opt/airflow/dags/weather_dag.py
[2025-10-18T19:55:37.907+0000] {processor.py:830} INFO - Processing file /opt/airflow/dags/weather_dag.py for tasks to queue
[2025-10-18T19:55:37.909+0000] {logging_mixin.py:188} INFO - [2025-10-18T19:55:37.909+0000] {dagbag.py:545} INFO - Filling up the DagBag from /opt/airflow/dags/weather_dag.py
[2025-10-18T19:55:37.918+0000] {processor.py:840} INFO - DAG(s) 'weather_pipeline' retrieved from /opt/airflow/dags/weather_dag.py
[2025-10-18T19:55:37.938+0000] {logging_mixin.py:188} INFO - [2025-10-18T19:55:37.938+0000] {dag.py:3089} INFO - Sync 1 DAGs
[2025-10-18T19:55:37.944+0000] {logging_mixin.py:188} INFO - [2025-10-18T19:55:37.944+0000] {dag.py:3947} INFO - Setting next_dagrun for weather_pipeline to None, run_after=None
[2025-10-18T19:55:37.951+0000] {processor.py:183} INFO - Processing /opt/airflow/dags/weather_dag.py took 0.051 seconds
[2025-10-18T19:56:08.599+0000] {processor.py:161} INFO - Started process (PID=1254) to work on /opt/airflow/dags/weather_dag.py
[2025-10-18T19:56:08.602+0000] {processor.py:830} INFO - Processing file /opt/airflow/dags/weather_dag.py for tasks to queue
[2025-10-18T19:56:08.612+0000] {logging_mixin.py:188} INFO - [2025-10-18T19:56:08.611+0000] {dagbag.py:545} INFO - Filling up the DagBag from /opt/airflow/dags/weather_dag.py
[2025-10-18T19:56:08.643+0000] {processor.py:840} INFO - DAG(s) 'weather_pipeline' retrieved from /opt/airflow/dags/weather_dag.py
[2025-10-18T19:56:08.680+0000] {logging_mixin.py:188} INFO - [2025-10-18T19:56:08.680+0000] {dag.py:3089} INFO - Sync 1 DAGs
[2025-10-18T19:56:08.689+0000] {logging_mixin.py:188} INFO - [2025-10-18T19:56:08.689+0000] {dag.py:3947} INFO - Setting next_dagrun for weather_pipeline to None, run_after=None
[2025-10-18T19:56:08.699+0000] {processor.py:183} INFO - Processing /opt/airflow/dags/weather_dag.py took 0.109 seconds
[2025-10-18T19:56:39.203+0000] {processor.py:161} INFO - Started process (PID=1274) to work on /opt/airflow/dags/weather_dag.py
[2025-10-18T19:56:39.205+0000] {processor.py:830} INFO - Processing file /opt/airflow/dags/weather_dag.py for tasks to queue
[2025-10-18T19:56:39.208+0000] {logging_mixin.py:188} INFO - [2025-10-18T19:56:39.207+0000] {dagbag.py:545} INFO - Filling up the DagBag from /opt/airflow/dags/weather_dag.py
[2025-10-18T19:56:39.221+0000] {processor.py:840} INFO - DAG(s) 'weather_pipeline' retrieved from /opt/airflow/dags/weather_dag.py
[2025-10-18T19:56:39.247+0000] {logging_mixin.py:188} INFO - [2025-10-18T19:56:39.247+0000] {dag.py:3089} INFO - Sync 1 DAGs
[2025-10-18T19:56:39.255+0000] {logging_mixin.py:188} INFO - [2025-10-18T19:56:39.255+0000] {dag.py:3947} INFO - Setting next_dagrun for weather_pipeline to None, run_after=None
[2025-10-18T19:56:39.264+0000] {processor.py:183} INFO - Processing /opt/airflow/dags/weather_dag.py took 0.067 seconds
[2025-10-18T19:57:09.881+0000] {processor.py:161} INFO - Started process (PID=1294) to work on /opt/airflow/dags/weather_dag.py
[2025-10-18T19:57:09.883+0000] {processor.py:830} INFO - Processing file /opt/airflow/dags/weather_dag.py for tasks to queue
[2025-10-18T19:57:09.886+0000] {logging_mixin.py:188} INFO - [2025-10-18T19:57:09.885+0000] {dagbag.py:545} INFO - Filling up the DagBag from /opt/airflow/dags/weather_dag.py
[2025-10-18T19:57:09.904+0000] {processor.py:840} INFO - DAG(s) 'weather_pipeline' retrieved from /opt/airflow/dags/weather_dag.py
[2025-10-18T19:57:09.937+0000] {logging_mixin.py:188} INFO - [2025-10-18T19:57:09.937+0000] {dag.py:3089} INFO - Sync 1 DAGs
[2025-10-18T19:57:09.946+0000] {logging_mixin.py:188} INFO - [2025-10-18T19:57:09.945+0000] {dag.py:3947} INFO - Setting next_dagrun for weather_pipeline to None, run_after=None
[2025-10-18T19:57:09.956+0000] {processor.py:183} INFO - Processing /opt/airflow/dags/weather_dag.py took 0.088 seconds
[2025-10-18T19:57:40.508+0000] {processor.py:161} INFO - Started process (PID=1314) to work on /opt/airflow/dags/weather_dag.py
[2025-10-18T19:57:40.510+0000] {processor.py:830} INFO - Processing file /opt/airflow/dags/weather_dag.py for tasks to queue
[2025-10-18T19:57:40.512+0000] {logging_mixin.py:188} INFO - [2025-10-18T19:57:40.512+0000] {dagbag.py:545} INFO - Filling up the DagBag from /opt/airflow/dags/weather_dag.py
[2025-10-18T19:57:40.520+0000] {processor.py:840} INFO - DAG(s) 'weather_pipeline' retrieved from /opt/airflow/dags/weather_dag.py
[2025-10-18T19:57:40.538+0000] {logging_mixin.py:188} INFO - [2025-10-18T19:57:40.538+0000] {dag.py:3089} INFO - Sync 1 DAGs
[2025-10-18T19:57:40.543+0000] {logging_mixin.py:188} INFO - [2025-10-18T19:57:40.543+0000] {dag.py:3947} INFO - Setting next_dagrun for weather_pipeline to None, run_after=None
[2025-10-18T19:57:40.550+0000] {processor.py:183} INFO - Processing /opt/airflow/dags/weather_dag.py took 0.047 seconds
[2025-10-18T19:58:11.057+0000] {processor.py:161} INFO - Started process (PID=1334) to work on /opt/airflow/dags/weather_dag.py
[2025-10-18T19:58:11.061+0000] {processor.py:830} INFO - Processing file /opt/airflow/dags/weather_dag.py for tasks to queue
[2025-10-18T19:58:11.064+0000] {logging_mixin.py:188} INFO - [2025-10-18T19:58:11.064+0000] {dagbag.py:545} INFO - Filling up the DagBag from /opt/airflow/dags/weather_dag.py
[2025-10-18T19:58:11.078+0000] {processor.py:840} INFO - DAG(s) 'weather_pipeline' retrieved from /opt/airflow/dags/weather_dag.py
[2025-10-18T19:58:11.111+0000] {logging_mixin.py:188} INFO - [2025-10-18T19:58:11.111+0000] {dag.py:3089} INFO - Sync 1 DAGs
[2025-10-18T19:58:11.120+0000] {logging_mixin.py:188} INFO - [2025-10-18T19:58:11.120+0000] {dag.py:3947} INFO - Setting next_dagrun for weather_pipeline to None, run_after=None
[2025-10-18T19:58:11.131+0000] {processor.py:183} INFO - Processing /opt/airflow/dags/weather_dag.py took 0.083 seconds
[2025-10-18T19:58:41.553+0000] {processor.py:161} INFO - Started process (PID=1354) to work on /opt/airflow/dags/weather_dag.py
[2025-10-18T19:58:41.556+0000] {processor.py:830} INFO - Processing file /opt/airflow/dags/weather_dag.py for tasks to queue
[2025-10-18T19:58:41.558+0000] {logging_mixin.py:188} INFO - [2025-10-18T19:58:41.558+0000] {dagbag.py:545} INFO - Filling up the DagBag from /opt/airflow/dags/weather_dag.py
[2025-10-18T19:58:41.573+0000] {processor.py:840} INFO - DAG(s) 'weather_pipeline' retrieved from /opt/airflow/dags/weather_dag.py
[2025-10-18T19:58:41.604+0000] {logging_mixin.py:188} INFO - [2025-10-18T19:58:41.603+0000] {dag.py:3089} INFO - Sync 1 DAGs
[2025-10-18T19:58:41.613+0000] {logging_mixin.py:188} INFO - [2025-10-18T19:58:41.613+0000] {dag.py:3947} INFO - Setting next_dagrun for weather_pipeline to None, run_after=None
[2025-10-18T19:58:41.622+0000] {processor.py:183} INFO - Processing /opt/airflow/dags/weather_dag.py took 0.092 seconds
[2025-10-18T19:59:12.024+0000] {processor.py:161} INFO - Started process (PID=1374) to work on /opt/airflow/dags/weather_dag.py
[2025-10-18T19:59:12.025+0000] {processor.py:830} INFO - Processing file /opt/airflow/dags/weather_dag.py for tasks to queue
[2025-10-18T19:59:12.026+0000] {logging_mixin.py:188} INFO - [2025-10-18T19:59:12.026+0000] {dagbag.py:545} INFO - Filling up the DagBag from /opt/airflow/dags/weather_dag.py
[2025-10-18T19:59:12.036+0000] {processor.py:840} INFO - DAG(s) 'weather_pipeline' retrieved from /opt/airflow/dags/weather_dag.py
[2025-10-18T19:59:12.055+0000] {logging_mixin.py:188} INFO - [2025-10-18T19:59:12.055+0000] {dag.py:3089} INFO - Sync 1 DAGs
[2025-10-18T19:59:12.061+0000] {logging_mixin.py:188} INFO - [2025-10-18T19:59:12.061+0000] {dag.py:3947} INFO - Setting next_dagrun for weather_pipeline to None, run_after=None
[2025-10-18T19:59:12.069+0000] {processor.py:183} INFO - Processing /opt/airflow/dags/weather_dag.py took 0.051 seconds
[2025-10-18T19:59:42.546+0000] {processor.py:161} INFO - Started process (PID=1394) to work on /opt/airflow/dags/weather_dag.py
[2025-10-18T19:59:42.548+0000] {processor.py:830} INFO - Processing file /opt/airflow/dags/weather_dag.py for tasks to queue
[2025-10-18T19:59:42.552+0000] {logging_mixin.py:188} INFO - [2025-10-18T19:59:42.551+0000] {dagbag.py:545} INFO - Filling up the DagBag from /opt/airflow/dags/weather_dag.py
[2025-10-18T19:59:42.570+0000] {processor.py:840} INFO - DAG(s) 'weather_pipeline' retrieved from /opt/airflow/dags/weather_dag.py
[2025-10-18T19:59:42.600+0000] {logging_mixin.py:188} INFO - [2025-10-18T19:59:42.600+0000] {dag.py:3089} INFO - Sync 1 DAGs
[2025-10-18T19:59:42.609+0000] {logging_mixin.py:188} INFO - [2025-10-18T19:59:42.609+0000] {dag.py:3947} INFO - Setting next_dagrun for weather_pipeline to None, run_after=None
[2025-10-18T19:59:42.618+0000] {processor.py:183} INFO - Processing /opt/airflow/dags/weather_dag.py took 0.083 seconds
[2025-10-18T20:00:13.036+0000] {processor.py:161} INFO - Started process (PID=1414) to work on /opt/airflow/dags/weather_dag.py
[2025-10-18T20:00:13.038+0000] {processor.py:830} INFO - Processing file /opt/airflow/dags/weather_dag.py for tasks to queue
[2025-10-18T20:00:13.041+0000] {logging_mixin.py:188} INFO - [2025-10-18T20:00:13.040+0000] {dagbag.py:545} INFO - Filling up the DagBag from /opt/airflow/dags/weather_dag.py
[2025-10-18T20:00:13.055+0000] {processor.py:840} INFO - DAG(s) 'weather_pipeline' retrieved from /opt/airflow/dags/weather_dag.py
[2025-10-18T20:00:13.079+0000] {logging_mixin.py:188} INFO - [2025-10-18T20:00:13.079+0000] {dag.py:3089} INFO - Sync 1 DAGs
[2025-10-18T20:00:13.085+0000] {logging_mixin.py:188} INFO - [2025-10-18T20:00:13.085+0000] {dag.py:3947} INFO - Setting next_dagrun for weather_pipeline to None, run_after=None
[2025-10-18T20:00:13.092+0000] {processor.py:183} INFO - Processing /opt/airflow/dags/weather_dag.py took 0.066 seconds
[2025-10-18T20:00:43.580+0000] {processor.py:161} INFO - Started process (PID=1434) to work on /opt/airflow/dags/weather_dag.py
[2025-10-18T20:00:43.582+0000] {processor.py:830} INFO - Processing file /opt/airflow/dags/weather_dag.py for tasks to queue
[2025-10-18T20:00:43.583+0000] {logging_mixin.py:188} INFO - [2025-10-18T20:00:43.583+0000] {dagbag.py:545} INFO - Filling up the DagBag from /opt/airflow/dags/weather_dag.py
[2025-10-18T20:00:43.593+0000] {processor.py:840} INFO - DAG(s) 'weather_pipeline' retrieved from /opt/airflow/dags/weather_dag.py
[2025-10-18T20:00:43.615+0000] {logging_mixin.py:188} INFO - [2025-10-18T20:00:43.615+0000] {dag.py:3089} INFO - Sync 1 DAGs
[2025-10-18T20:00:43.621+0000] {logging_mixin.py:188} INFO - [2025-10-18T20:00:43.621+0000] {dag.py:3947} INFO - Setting next_dagrun for weather_pipeline to None, run_after=None
[2025-10-18T20:00:43.629+0000] {processor.py:183} INFO - Processing /opt/airflow/dags/weather_dag.py took 0.055 seconds
[2025-10-18T20:01:14.190+0000] {processor.py:161} INFO - Started process (PID=1454) to work on /opt/airflow/dags/weather_dag.py
[2025-10-18T20:01:14.192+0000] {processor.py:830} INFO - Processing file /opt/airflow/dags/weather_dag.py for tasks to queue
[2025-10-18T20:01:14.195+0000] {logging_mixin.py:188} INFO - [2025-10-18T20:01:14.194+0000] {dagbag.py:545} INFO - Filling up the DagBag from /opt/airflow/dags/weather_dag.py
[2025-10-18T20:01:14.210+0000] {processor.py:840} INFO - DAG(s) 'weather_pipeline' retrieved from /opt/airflow/dags/weather_dag.py
[2025-10-18T20:01:14.245+0000] {logging_mixin.py:188} INFO - [2025-10-18T20:01:14.245+0000] {dag.py:3089} INFO - Sync 1 DAGs
[2025-10-18T20:01:14.254+0000] {logging_mixin.py:188} INFO - [2025-10-18T20:01:14.254+0000] {dag.py:3947} INFO - Setting next_dagrun for weather_pipeline to None, run_after=None
[2025-10-18T20:01:14.276+0000] {processor.py:183} INFO - Processing /opt/airflow/dags/weather_dag.py took 0.097 seconds
[2025-10-18T20:01:44.657+0000] {processor.py:161} INFO - Started process (PID=1474) to work on /opt/airflow/dags/weather_dag.py
[2025-10-18T20:01:44.659+0000] {processor.py:830} INFO - Processing file /opt/airflow/dags/weather_dag.py for tasks to queue
[2025-10-18T20:01:44.660+0000] {logging_mixin.py:188} INFO - [2025-10-18T20:01:44.660+0000] {dagbag.py:545} INFO - Filling up the DagBag from /opt/airflow/dags/weather_dag.py
[2025-10-18T20:01:44.669+0000] {processor.py:840} INFO - DAG(s) 'weather_pipeline' retrieved from /opt/airflow/dags/weather_dag.py
[2025-10-18T20:01:44.690+0000] {logging_mixin.py:188} INFO - [2025-10-18T20:01:44.690+0000] {dag.py:3089} INFO - Sync 1 DAGs
[2025-10-18T20:01:44.696+0000] {logging_mixin.py:188} INFO - [2025-10-18T20:01:44.696+0000] {dag.py:3947} INFO - Setting next_dagrun for weather_pipeline to None, run_after=None
[2025-10-18T20:01:44.703+0000] {processor.py:183} INFO - Processing /opt/airflow/dags/weather_dag.py took 0.052 seconds
[2025-10-18T20:02:15.237+0000] {processor.py:161} INFO - Started process (PID=1494) to work on /opt/airflow/dags/weather_dag.py
[2025-10-18T20:02:15.239+0000] {processor.py:830} INFO - Processing file /opt/airflow/dags/weather_dag.py for tasks to queue
[2025-10-18T20:02:15.241+0000] {logging_mixin.py:188} INFO - [2025-10-18T20:02:15.240+0000] {dagbag.py:545} INFO - Filling up the DagBag from /opt/airflow/dags/weather_dag.py
[2025-10-18T20:02:15.251+0000] {processor.py:840} INFO - DAG(s) 'weather_pipeline' retrieved from /opt/airflow/dags/weather_dag.py
[2025-10-18T20:02:15.283+0000] {logging_mixin.py:188} INFO - [2025-10-18T20:02:15.282+0000] {dag.py:3089} INFO - Sync 1 DAGs
[2025-10-18T20:02:15.289+0000] {logging_mixin.py:188} INFO - [2025-10-18T20:02:15.289+0000] {dag.py:3947} INFO - Setting next_dagrun for weather_pipeline to None, run_after=None
[2025-10-18T20:02:15.296+0000] {processor.py:183} INFO - Processing /opt/airflow/dags/weather_dag.py took 0.065 seconds
[2025-10-18T20:02:45.925+0000] {processor.py:161} INFO - Started process (PID=1514) to work on /opt/airflow/dags/weather_dag.py
[2025-10-18T20:02:45.926+0000] {processor.py:830} INFO - Processing file /opt/airflow/dags/weather_dag.py for tasks to queue
[2025-10-18T20:02:45.931+0000] {logging_mixin.py:188} INFO - [2025-10-18T20:02:45.930+0000] {dagbag.py:545} INFO - Filling up the DagBag from /opt/airflow/dags/weather_dag.py
[2025-10-18T20:02:45.946+0000] {processor.py:840} INFO - DAG(s) 'weather_pipeline' retrieved from /opt/airflow/dags/weather_dag.py
[2025-10-18T20:02:45.980+0000] {logging_mixin.py:188} INFO - [2025-10-18T20:02:45.980+0000] {dag.py:3089} INFO - Sync 1 DAGs
[2025-10-18T20:02:45.990+0000] {logging_mixin.py:188} INFO - [2025-10-18T20:02:45.990+0000] {dag.py:3947} INFO - Setting next_dagrun for weather_pipeline to None, run_after=None
[2025-10-18T20:02:45.998+0000] {processor.py:183} INFO - Processing /opt/airflow/dags/weather_dag.py took 0.084 seconds
[2025-10-18T20:03:16.512+0000] {processor.py:161} INFO - Started process (PID=1534) to work on /opt/airflow/dags/weather_dag.py
[2025-10-18T20:03:16.513+0000] {processor.py:830} INFO - Processing file /opt/airflow/dags/weather_dag.py for tasks to queue
[2025-10-18T20:03:16.517+0000] {logging_mixin.py:188} INFO - [2025-10-18T20:03:16.516+0000] {dagbag.py:545} INFO - Filling up the DagBag from /opt/airflow/dags/weather_dag.py
[2025-10-18T20:03:16.532+0000] {processor.py:840} INFO - DAG(s) 'weather_pipeline' retrieved from /opt/airflow/dags/weather_dag.py
[2025-10-18T20:03:16.569+0000] {logging_mixin.py:188} INFO - [2025-10-18T20:03:16.569+0000] {dag.py:3089} INFO - Sync 1 DAGs
[2025-10-18T20:03:16.580+0000] {logging_mixin.py:188} INFO - [2025-10-18T20:03:16.580+0000] {dag.py:3947} INFO - Setting next_dagrun for weather_pipeline to None, run_after=None
[2025-10-18T20:03:16.589+0000] {processor.py:183} INFO - Processing /opt/airflow/dags/weather_dag.py took 0.089 seconds
[2025-10-18T20:03:47.068+0000] {processor.py:161} INFO - Started process (PID=1554) to work on /opt/airflow/dags/weather_dag.py
[2025-10-18T20:03:47.070+0000] {processor.py:830} INFO - Processing file /opt/airflow/dags/weather_dag.py for tasks to queue
[2025-10-18T20:03:47.072+0000] {logging_mixin.py:188} INFO - [2025-10-18T20:03:47.071+0000] {dagbag.py:545} INFO - Filling up the DagBag from /opt/airflow/dags/weather_dag.py
[2025-10-18T20:03:47.080+0000] {processor.py:840} INFO - DAG(s) 'weather_pipeline' retrieved from /opt/airflow/dags/weather_dag.py
[2025-10-18T20:03:47.099+0000] {logging_mixin.py:188} INFO - [2025-10-18T20:03:47.099+0000] {dag.py:3089} INFO - Sync 1 DAGs
[2025-10-18T20:03:47.104+0000] {logging_mixin.py:188} INFO - [2025-10-18T20:03:47.104+0000] {dag.py:3947} INFO - Setting next_dagrun for weather_pipeline to None, run_after=None
[2025-10-18T20:03:47.111+0000] {processor.py:183} INFO - Processing /opt/airflow/dags/weather_dag.py took 0.049 seconds
[2025-10-18T20:04:17.618+0000] {processor.py:161} INFO - Started process (PID=1574) to work on /opt/airflow/dags/weather_dag.py
[2025-10-18T20:04:17.621+0000] {processor.py:830} INFO - Processing file /opt/airflow/dags/weather_dag.py for tasks to queue
[2025-10-18T20:04:17.623+0000] {logging_mixin.py:188} INFO - [2025-10-18T20:04:17.623+0000] {dagbag.py:545} INFO - Filling up the DagBag from /opt/airflow/dags/weather_dag.py
[2025-10-18T20:04:17.639+0000] {processor.py:840} INFO - DAG(s) 'weather_pipeline' retrieved from /opt/airflow/dags/weather_dag.py
[2025-10-18T20:04:17.679+0000] {logging_mixin.py:188} INFO - [2025-10-18T20:04:17.679+0000] {dag.py:3089} INFO - Sync 1 DAGs
[2025-10-18T20:04:17.687+0000] {logging_mixin.py:188} INFO - [2025-10-18T20:04:17.687+0000] {dag.py:3947} INFO - Setting next_dagrun for weather_pipeline to None, run_after=None
[2025-10-18T20:04:17.696+0000] {processor.py:183} INFO - Processing /opt/airflow/dags/weather_dag.py took 0.089 seconds
[2025-10-18T20:04:48.268+0000] {processor.py:161} INFO - Started process (PID=1594) to work on /opt/airflow/dags/weather_dag.py
[2025-10-18T20:04:48.270+0000] {processor.py:830} INFO - Processing file /opt/airflow/dags/weather_dag.py for tasks to queue
[2025-10-18T20:04:48.273+0000] {logging_mixin.py:188} INFO - [2025-10-18T20:04:48.272+0000] {dagbag.py:545} INFO - Filling up the DagBag from /opt/airflow/dags/weather_dag.py
[2025-10-18T20:04:48.298+0000] {processor.py:840} INFO - DAG(s) 'weather_pipeline' retrieved from /opt/airflow/dags/weather_dag.py
[2025-10-18T20:04:48.344+0000] {logging_mixin.py:188} INFO - [2025-10-18T20:04:48.344+0000] {dag.py:3089} INFO - Sync 1 DAGs
[2025-10-18T20:04:48.354+0000] {logging_mixin.py:188} INFO - [2025-10-18T20:04:48.354+0000] {dag.py:3947} INFO - Setting next_dagrun for weather_pipeline to None, run_after=None
[2025-10-18T20:04:48.369+0000] {processor.py:183} INFO - Processing /opt/airflow/dags/weather_dag.py took 0.108 seconds
[2025-10-18T20:05:18.799+0000] {processor.py:161} INFO - Started process (PID=1614) to work on /opt/airflow/dags/weather_dag.py
[2025-10-18T20:05:18.804+0000] {processor.py:830} INFO - Processing file /opt/airflow/dags/weather_dag.py for tasks to queue
[2025-10-18T20:05:18.810+0000] {logging_mixin.py:188} INFO - [2025-10-18T20:05:18.809+0000] {dagbag.py:545} INFO - Filling up the DagBag from /opt/airflow/dags/weather_dag.py
[2025-10-18T20:05:18.827+0000] {processor.py:840} INFO - DAG(s) 'weather_pipeline' retrieved from /opt/airflow/dags/weather_dag.py
[2025-10-18T20:05:18.876+0000] {logging_mixin.py:188} INFO - [2025-10-18T20:05:18.876+0000] {dag.py:3089} INFO - Sync 1 DAGs
[2025-10-18T20:05:18.885+0000] {logging_mixin.py:188} INFO - [2025-10-18T20:05:18.885+0000] {dag.py:3947} INFO - Setting next_dagrun for weather_pipeline to None, run_after=None
[2025-10-18T20:05:18.897+0000] {processor.py:183} INFO - Processing /opt/airflow/dags/weather_dag.py took 0.122 seconds
[2025-10-18T20:05:49.728+0000] {processor.py:161} INFO - Started process (PID=1634) to work on /opt/airflow/dags/weather_dag.py
[2025-10-18T20:05:49.730+0000] {processor.py:830} INFO - Processing file /opt/airflow/dags/weather_dag.py for tasks to queue
[2025-10-18T20:05:49.737+0000] {logging_mixin.py:188} INFO - [2025-10-18T20:05:49.737+0000] {dagbag.py:545} INFO - Filling up the DagBag from /opt/airflow/dags/weather_dag.py
[2025-10-18T20:05:49.753+0000] {processor.py:840} INFO - DAG(s) 'weather_pipeline' retrieved from /opt/airflow/dags/weather_dag.py
[2025-10-18T20:05:49.793+0000] {logging_mixin.py:188} INFO - [2025-10-18T20:05:49.793+0000] {dag.py:3089} INFO - Sync 1 DAGs
[2025-10-18T20:05:49.805+0000] {logging_mixin.py:188} INFO - [2025-10-18T20:05:49.805+0000] {dag.py:3947} INFO - Setting next_dagrun for weather_pipeline to None, run_after=None
[2025-10-18T20:05:49.814+0000] {processor.py:183} INFO - Processing /opt/airflow/dags/weather_dag.py took 0.096 seconds
[2025-10-18T20:06:20.344+0000] {processor.py:161} INFO - Started process (PID=1654) to work on /opt/airflow/dags/weather_dag.py
[2025-10-18T20:06:20.347+0000] {processor.py:830} INFO - Processing file /opt/airflow/dags/weather_dag.py for tasks to queue
[2025-10-18T20:06:20.350+0000] {logging_mixin.py:188} INFO - [2025-10-18T20:06:20.349+0000] {dagbag.py:545} INFO - Filling up the DagBag from /opt/airflow/dags/weather_dag.py
[2025-10-18T20:06:20.364+0000] {processor.py:840} INFO - DAG(s) 'weather_pipeline' retrieved from /opt/airflow/dags/weather_dag.py
[2025-10-18T20:06:20.387+0000] {logging_mixin.py:188} INFO - [2025-10-18T20:06:20.387+0000] {dag.py:3089} INFO - Sync 1 DAGs
[2025-10-18T20:06:20.395+0000] {logging_mixin.py:188} INFO - [2025-10-18T20:06:20.395+0000] {dag.py:3947} INFO - Setting next_dagrun for weather_pipeline to None, run_after=None
[2025-10-18T20:06:20.403+0000] {processor.py:183} INFO - Processing /opt/airflow/dags/weather_dag.py took 0.068 seconds
[2025-10-18T20:06:50.909+0000] {processor.py:161} INFO - Started process (PID=1674) to work on /opt/airflow/dags/weather_dag.py
[2025-10-18T20:06:50.911+0000] {processor.py:830} INFO - Processing file /opt/airflow/dags/weather_dag.py for tasks to queue
[2025-10-18T20:06:50.913+0000] {logging_mixin.py:188} INFO - [2025-10-18T20:06:50.913+0000] {dagbag.py:545} INFO - Filling up the DagBag from /opt/airflow/dags/weather_dag.py
[2025-10-18T20:06:50.925+0000] {processor.py:840} INFO - DAG(s) 'weather_pipeline' retrieved from /opt/airflow/dags/weather_dag.py
[2025-10-18T20:06:50.949+0000] {logging_mixin.py:188} INFO - [2025-10-18T20:06:50.949+0000] {dag.py:3089} INFO - Sync 1 DAGs
[2025-10-18T20:06:50.957+0000] {logging_mixin.py:188} INFO - [2025-10-18T20:06:50.957+0000] {dag.py:3947} INFO - Setting next_dagrun for weather_pipeline to None, run_after=None
[2025-10-18T20:06:50.965+0000] {processor.py:183} INFO - Processing /opt/airflow/dags/weather_dag.py took 0.064 seconds
[2025-10-18T20:07:21.437+0000] {processor.py:161} INFO - Started process (PID=1694) to work on /opt/airflow/dags/weather_dag.py
[2025-10-18T20:07:21.439+0000] {processor.py:830} INFO - Processing file /opt/airflow/dags/weather_dag.py for tasks to queue
[2025-10-18T20:07:21.441+0000] {logging_mixin.py:188} INFO - [2025-10-18T20:07:21.441+0000] {dagbag.py:545} INFO - Filling up the DagBag from /opt/airflow/dags/weather_dag.py
[2025-10-18T20:07:21.450+0000] {processor.py:840} INFO - DAG(s) 'weather_pipeline' retrieved from /opt/airflow/dags/weather_dag.py
[2025-10-18T20:07:21.470+0000] {logging_mixin.py:188} INFO - [2025-10-18T20:07:21.470+0000] {dag.py:3089} INFO - Sync 1 DAGs
[2025-10-18T20:07:21.476+0000] {logging_mixin.py:188} INFO - [2025-10-18T20:07:21.476+0000] {dag.py:3947} INFO - Setting next_dagrun for weather_pipeline to None, run_after=None
[2025-10-18T20:07:21.483+0000] {processor.py:183} INFO - Processing /opt/airflow/dags/weather_dag.py took 0.052 seconds
[2025-10-18T20:07:52.053+0000] {processor.py:161} INFO - Started process (PID=1714) to work on /opt/airflow/dags/weather_dag.py
[2025-10-18T20:07:52.054+0000] {processor.py:830} INFO - Processing file /opt/airflow/dags/weather_dag.py for tasks to queue
[2025-10-18T20:07:52.056+0000] {logging_mixin.py:188} INFO - [2025-10-18T20:07:52.056+0000] {dagbag.py:545} INFO - Filling up the DagBag from /opt/airflow/dags/weather_dag.py
[2025-10-18T20:07:52.066+0000] {processor.py:840} INFO - DAG(s) 'weather_pipeline' retrieved from /opt/airflow/dags/weather_dag.py
[2025-10-18T20:07:52.089+0000] {logging_mixin.py:188} INFO - [2025-10-18T20:07:52.089+0000] {dag.py:3089} INFO - Sync 1 DAGs
[2025-10-18T20:07:52.095+0000] {logging_mixin.py:188} INFO - [2025-10-18T20:07:52.095+0000] {dag.py:3947} INFO - Setting next_dagrun for weather_pipeline to None, run_after=None
[2025-10-18T20:07:52.102+0000] {processor.py:183} INFO - Processing /opt/airflow/dags/weather_dag.py took 0.079 seconds
[2025-10-18T20:08:22.622+0000] {processor.py:161} INFO - Started process (PID=1734) to work on /opt/airflow/dags/weather_dag.py
[2025-10-18T20:08:22.624+0000] {processor.py:830} INFO - Processing file /opt/airflow/dags/weather_dag.py for tasks to queue
[2025-10-18T20:08:22.625+0000] {logging_mixin.py:188} INFO - [2025-10-18T20:08:22.625+0000] {dagbag.py:545} INFO - Filling up the DagBag from /opt/airflow/dags/weather_dag.py
[2025-10-18T20:08:22.634+0000] {processor.py:840} INFO - DAG(s) 'weather_pipeline' retrieved from /opt/airflow/dags/weather_dag.py
[2025-10-18T20:08:22.654+0000] {logging_mixin.py:188} INFO - [2025-10-18T20:08:22.654+0000] {dag.py:3089} INFO - Sync 1 DAGs
[2025-10-18T20:08:22.660+0000] {logging_mixin.py:188} INFO - [2025-10-18T20:08:22.660+0000] {dag.py:3947} INFO - Setting next_dagrun for weather_pipeline to None, run_after=None
[2025-10-18T20:08:22.667+0000] {processor.py:183} INFO - Processing /opt/airflow/dags/weather_dag.py took 0.051 seconds
[2025-10-18T20:08:53.317+0000] {processor.py:161} INFO - Started process (PID=1754) to work on /opt/airflow/dags/weather_dag.py
[2025-10-18T20:08:53.319+0000] {processor.py:830} INFO - Processing file /opt/airflow/dags/weather_dag.py for tasks to queue
[2025-10-18T20:08:53.321+0000] {logging_mixin.py:188} INFO - [2025-10-18T20:08:53.321+0000] {dagbag.py:545} INFO - Filling up the DagBag from /opt/airflow/dags/weather_dag.py
[2025-10-18T20:08:53.330+0000] {processor.py:840} INFO - DAG(s) 'weather_pipeline' retrieved from /opt/airflow/dags/weather_dag.py
[2025-10-18T20:08:53.351+0000] {logging_mixin.py:188} INFO - [2025-10-18T20:08:53.351+0000] {dag.py:3089} INFO - Sync 1 DAGs
[2025-10-18T20:08:53.357+0000] {logging_mixin.py:188} INFO - [2025-10-18T20:08:53.357+0000] {dag.py:3947} INFO - Setting next_dagrun for weather_pipeline to None, run_after=None
[2025-10-18T20:08:53.364+0000] {processor.py:183} INFO - Processing /opt/airflow/dags/weather_dag.py took 0.053 seconds
[2025-10-18T20:09:23.945+0000] {processor.py:161} INFO - Started process (PID=1774) to work on /opt/airflow/dags/weather_dag.py
[2025-10-18T20:09:23.947+0000] {processor.py:830} INFO - Processing file /opt/airflow/dags/weather_dag.py for tasks to queue
[2025-10-18T20:09:23.950+0000] {logging_mixin.py:188} INFO - [2025-10-18T20:09:23.949+0000] {dagbag.py:545} INFO - Filling up the DagBag from /opt/airflow/dags/weather_dag.py
[2025-10-18T20:09:23.962+0000] {processor.py:840} INFO - DAG(s) 'weather_pipeline' retrieved from /opt/airflow/dags/weather_dag.py
[2025-10-18T20:09:23.999+0000] {logging_mixin.py:188} INFO - [2025-10-18T20:09:23.999+0000] {dag.py:3089} INFO - Sync 1 DAGs
[2025-10-18T20:09:24.007+0000] {logging_mixin.py:188} INFO - [2025-10-18T20:09:24.007+0000] {dag.py:3947} INFO - Setting next_dagrun for weather_pipeline to None, run_after=None
[2025-10-18T20:09:24.016+0000] {processor.py:183} INFO - Processing /opt/airflow/dags/weather_dag.py took 0.081 seconds
[2025-10-18T20:09:54.750+0000] {processor.py:161} INFO - Started process (PID=1794) to work on /opt/airflow/dags/weather_dag.py
[2025-10-18T20:09:54.754+0000] {processor.py:830} INFO - Processing file /opt/airflow/dags/weather_dag.py for tasks to queue
[2025-10-18T20:09:54.759+0000] {logging_mixin.py:188} INFO - [2025-10-18T20:09:54.759+0000] {dagbag.py:545} INFO - Filling up the DagBag from /opt/airflow/dags/weather_dag.py
[2025-10-18T20:09:54.773+0000] {processor.py:840} INFO - DAG(s) 'weather_pipeline' retrieved from /opt/airflow/dags/weather_dag.py
[2025-10-18T20:09:54.803+0000] {logging_mixin.py:188} INFO - [2025-10-18T20:09:54.803+0000] {dag.py:3089} INFO - Sync 1 DAGs
[2025-10-18T20:09:54.813+0000] {logging_mixin.py:188} INFO - [2025-10-18T20:09:54.813+0000] {dag.py:3947} INFO - Setting next_dagrun for weather_pipeline to None, run_after=None
[2025-10-18T20:09:54.821+0000] {processor.py:183} INFO - Processing /opt/airflow/dags/weather_dag.py took 0.087 seconds
[2025-10-18T20:10:25.438+0000] {processor.py:161} INFO - Started process (PID=1823) to work on /opt/airflow/dags/weather_dag.py
[2025-10-18T20:10:25.440+0000] {processor.py:830} INFO - Processing file /opt/airflow/dags/weather_dag.py for tasks to queue
[2025-10-18T20:10:25.445+0000] {logging_mixin.py:188} INFO - [2025-10-18T20:10:25.444+0000] {dagbag.py:545} INFO - Filling up the DagBag from /opt/airflow/dags/weather_dag.py
[2025-10-18T20:10:25.457+0000] {processor.py:840} INFO - DAG(s) 'weather_pipeline' retrieved from /opt/airflow/dags/weather_dag.py
[2025-10-18T20:10:25.487+0000] {logging_mixin.py:188} INFO - [2025-10-18T20:10:25.487+0000] {dag.py:3089} INFO - Sync 1 DAGs
[2025-10-18T20:10:25.495+0000] {logging_mixin.py:188} INFO - [2025-10-18T20:10:25.495+0000] {dag.py:3947} INFO - Setting next_dagrun for weather_pipeline to None, run_after=None
[2025-10-18T20:10:25.507+0000] {processor.py:183} INFO - Processing /opt/airflow/dags/weather_dag.py took 0.081 seconds
[2025-10-18T20:10:56.021+0000] {processor.py:161} INFO - Started process (PID=1853) to work on /opt/airflow/dags/weather_dag.py
[2025-10-18T20:10:56.023+0000] {processor.py:830} INFO - Processing file /opt/airflow/dags/weather_dag.py for tasks to queue
[2025-10-18T20:10:56.026+0000] {logging_mixin.py:188} INFO - [2025-10-18T20:10:56.025+0000] {dagbag.py:545} INFO - Filling up the DagBag from /opt/airflow/dags/weather_dag.py
[2025-10-18T20:10:56.037+0000] {processor.py:840} INFO - DAG(s) 'weather_pipeline' retrieved from /opt/airflow/dags/weather_dag.py
[2025-10-18T20:10:56.058+0000] {logging_mixin.py:188} INFO - [2025-10-18T20:10:56.058+0000] {dag.py:3089} INFO - Sync 1 DAGs
[2025-10-18T20:10:56.064+0000] {logging_mixin.py:188} INFO - [2025-10-18T20:10:56.064+0000] {dag.py:3947} INFO - Setting next_dagrun for weather_pipeline to None, run_after=None
[2025-10-18T20:10:56.071+0000] {processor.py:183} INFO - Processing /opt/airflow/dags/weather_dag.py took 0.060 seconds
[2025-10-18T20:11:26.639+0000] {processor.py:161} INFO - Started process (PID=1892) to work on /opt/airflow/dags/weather_dag.py
[2025-10-18T20:11:26.641+0000] {processor.py:830} INFO - Processing file /opt/airflow/dags/weather_dag.py for tasks to queue
[2025-10-18T20:11:26.650+0000] {logging_mixin.py:188} INFO - [2025-10-18T20:11:26.646+0000] {dagbag.py:545} INFO - Filling up the DagBag from /opt/airflow/dags/weather_dag.py
[2025-10-18T20:11:26.667+0000] {processor.py:840} INFO - DAG(s) 'weather_pipeline' retrieved from /opt/airflow/dags/weather_dag.py
[2025-10-18T20:11:26.701+0000] {logging_mixin.py:188} INFO - [2025-10-18T20:11:26.701+0000] {dag.py:3089} INFO - Sync 1 DAGs
[2025-10-18T20:11:26.709+0000] {logging_mixin.py:188} INFO - [2025-10-18T20:11:26.709+0000] {dag.py:3947} INFO - Setting next_dagrun for weather_pipeline to None, run_after=None
[2025-10-18T20:11:26.718+0000] {processor.py:183} INFO - Processing /opt/airflow/dags/weather_dag.py took 0.095 seconds
[2025-10-18T20:11:57.367+0000] {processor.py:161} INFO - Started process (PID=1912) to work on /opt/airflow/dags/weather_dag.py
[2025-10-18T20:11:57.369+0000] {processor.py:830} INFO - Processing file /opt/airflow/dags/weather_dag.py for tasks to queue
[2025-10-18T20:11:57.371+0000] {logging_mixin.py:188} INFO - [2025-10-18T20:11:57.371+0000] {dagbag.py:545} INFO - Filling up the DagBag from /opt/airflow/dags/weather_dag.py
[2025-10-18T20:11:57.387+0000] {processor.py:840} INFO - DAG(s) 'weather_pipeline' retrieved from /opt/airflow/dags/weather_dag.py
[2025-10-18T20:11:57.427+0000] {logging_mixin.py:188} INFO - [2025-10-18T20:11:57.427+0000] {dag.py:3089} INFO - Sync 1 DAGs
[2025-10-18T20:11:57.438+0000] {logging_mixin.py:188} INFO - [2025-10-18T20:11:57.438+0000] {dag.py:3947} INFO - Setting next_dagrun for weather_pipeline to None, run_after=None
[2025-10-18T20:11:57.448+0000] {processor.py:183} INFO - Processing /opt/airflow/dags/weather_dag.py took 0.091 seconds
[2025-10-18T20:12:27.817+0000] {processor.py:161} INFO - Started process (PID=1932) to work on /opt/airflow/dags/weather_dag.py
[2025-10-18T20:12:27.818+0000] {processor.py:830} INFO - Processing file /opt/airflow/dags/weather_dag.py for tasks to queue
[2025-10-18T20:12:27.820+0000] {logging_mixin.py:188} INFO - [2025-10-18T20:12:27.820+0000] {dagbag.py:545} INFO - Filling up the DagBag from /opt/airflow/dags/weather_dag.py
[2025-10-18T20:12:27.829+0000] {processor.py:840} INFO - DAG(s) 'weather_pipeline' retrieved from /opt/airflow/dags/weather_dag.py
[2025-10-18T20:12:27.848+0000] {logging_mixin.py:188} INFO - [2025-10-18T20:12:27.848+0000] {dag.py:3089} INFO - Sync 1 DAGs
[2025-10-18T20:12:27.855+0000] {logging_mixin.py:188} INFO - [2025-10-18T20:12:27.854+0000] {dag.py:3947} INFO - Setting next_dagrun for weather_pipeline to None, run_after=None
[2025-10-18T20:12:27.862+0000] {processor.py:183} INFO - Processing /opt/airflow/dags/weather_dag.py took 0.051 seconds
[2025-10-18T20:12:58.429+0000] {processor.py:161} INFO - Started process (PID=1952) to work on /opt/airflow/dags/weather_dag.py
[2025-10-18T20:12:58.431+0000] {processor.py:830} INFO - Processing file /opt/airflow/dags/weather_dag.py for tasks to queue
[2025-10-18T20:12:58.434+0000] {logging_mixin.py:188} INFO - [2025-10-18T20:12:58.433+0000] {dagbag.py:545} INFO - Filling up the DagBag from /opt/airflow/dags/weather_dag.py
[2025-10-18T20:12:58.446+0000] {processor.py:840} INFO - DAG(s) 'weather_pipeline' retrieved from /opt/airflow/dags/weather_dag.py
[2025-10-18T20:12:58.471+0000] {logging_mixin.py:188} INFO - [2025-10-18T20:12:58.471+0000] {dag.py:3089} INFO - Sync 1 DAGs
[2025-10-18T20:12:58.478+0000] {logging_mixin.py:188} INFO - [2025-10-18T20:12:58.478+0000] {dag.py:3947} INFO - Setting next_dagrun for weather_pipeline to None, run_after=None
[2025-10-18T20:12:58.485+0000] {processor.py:183} INFO - Processing /opt/airflow/dags/weather_dag.py took 0.066 seconds
[2025-10-18T20:13:29.021+0000] {processor.py:161} INFO - Started process (PID=1972) to work on /opt/airflow/dags/weather_dag.py
[2025-10-18T20:13:29.022+0000] {processor.py:830} INFO - Processing file /opt/airflow/dags/weather_dag.py for tasks to queue
[2025-10-18T20:13:29.027+0000] {logging_mixin.py:188} INFO - [2025-10-18T20:13:29.026+0000] {dagbag.py:545} INFO - Filling up the DagBag from /opt/airflow/dags/weather_dag.py
[2025-10-18T20:13:29.041+0000] {processor.py:840} INFO - DAG(s) 'weather_pipeline' retrieved from /opt/airflow/dags/weather_dag.py
[2025-10-18T20:13:29.081+0000] {logging_mixin.py:188} INFO - [2025-10-18T20:13:29.080+0000] {dag.py:3089} INFO - Sync 1 DAGs
[2025-10-18T20:13:29.092+0000] {logging_mixin.py:188} INFO - [2025-10-18T20:13:29.092+0000] {dag.py:3947} INFO - Setting next_dagrun for weather_pipeline to None, run_after=None
[2025-10-18T20:13:29.103+0000] {processor.py:183} INFO - Processing /opt/airflow/dags/weather_dag.py took 0.090 seconds
[2025-10-18T20:13:59.665+0000] {processor.py:161} INFO - Started process (PID=1992) to work on /opt/airflow/dags/weather_dag.py
[2025-10-18T20:13:59.666+0000] {processor.py:830} INFO - Processing file /opt/airflow/dags/weather_dag.py for tasks to queue
[2025-10-18T20:13:59.667+0000] {logging_mixin.py:188} INFO - [2025-10-18T20:13:59.667+0000] {dagbag.py:545} INFO - Filling up the DagBag from /opt/airflow/dags/weather_dag.py
[2025-10-18T20:13:59.675+0000] {processor.py:840} INFO - DAG(s) 'weather_pipeline' retrieved from /opt/airflow/dags/weather_dag.py
[2025-10-18T20:13:59.696+0000] {logging_mixin.py:188} INFO - [2025-10-18T20:13:59.696+0000] {dag.py:3089} INFO - Sync 1 DAGs
[2025-10-18T20:13:59.704+0000] {logging_mixin.py:188} INFO - [2025-10-18T20:13:59.704+0000] {dag.py:3947} INFO - Setting next_dagrun for weather_pipeline to None, run_after=None
[2025-10-18T20:13:59.713+0000] {processor.py:183} INFO - Processing /opt/airflow/dags/weather_dag.py took 0.053 seconds
[2025-10-18T20:14:30.214+0000] {processor.py:161} INFO - Started process (PID=2012) to work on /opt/airflow/dags/weather_dag.py
[2025-10-18T20:14:30.217+0000] {processor.py:830} INFO - Processing file /opt/airflow/dags/weather_dag.py for tasks to queue
[2025-10-18T20:14:30.219+0000] {logging_mixin.py:188} INFO - [2025-10-18T20:14:30.218+0000] {dagbag.py:545} INFO - Filling up the DagBag from /opt/airflow/dags/weather_dag.py
[2025-10-18T20:14:30.237+0000] {processor.py:840} INFO - DAG(s) 'weather_pipeline' retrieved from /opt/airflow/dags/weather_dag.py
[2025-10-18T20:14:30.348+0000] {logging_mixin.py:188} INFO - [2025-10-18T20:14:30.348+0000] {dag.py:3089} INFO - Sync 1 DAGs
[2025-10-18T20:14:30.362+0000] {logging_mixin.py:188} INFO - [2025-10-18T20:14:30.362+0000] {dag.py:3947} INFO - Setting next_dagrun for weather_pipeline to None, run_after=None
[2025-10-18T20:14:30.392+0000] {processor.py:183} INFO - Processing /opt/airflow/dags/weather_dag.py took 0.193 seconds
[2025-10-18T20:16:34.241+0000] {processor.py:161} INFO - Started process (PID=2248) to work on /opt/airflow/dags/weather_dag.py
[2025-10-18T20:16:34.244+0000] {processor.py:830} INFO - Processing file /opt/airflow/dags/weather_dag.py for tasks to queue
[2025-10-18T20:16:34.245+0000] {logging_mixin.py:188} INFO - [2025-10-18T20:16:34.245+0000] {dagbag.py:545} INFO - Filling up the DagBag from /opt/airflow/dags/weather_dag.py
[2025-10-18T20:16:34.257+0000] {processor.py:840} INFO - DAG(s) 'weather_pipeline' retrieved from /opt/airflow/dags/weather_dag.py
[2025-10-18T20:16:34.280+0000] {logging_mixin.py:188} INFO - [2025-10-18T20:16:34.280+0000] {dag.py:3089} INFO - Sync 1 DAGs
[2025-10-18T20:16:34.289+0000] {logging_mixin.py:188} INFO - [2025-10-18T20:16:34.289+0000] {dag.py:3947} INFO - Setting next_dagrun for weather_pipeline to None, run_after=None
[2025-10-18T20:16:34.296+0000] {processor.py:183} INFO - Processing /opt/airflow/dags/weather_dag.py took 0.059 seconds
[2025-10-18T20:17:04.666+0000] {processor.py:161} INFO - Started process (PID=2267) to work on /opt/airflow/dags/weather_dag.py
[2025-10-18T20:17:04.667+0000] {processor.py:830} INFO - Processing file /opt/airflow/dags/weather_dag.py for tasks to queue
[2025-10-18T20:17:04.669+0000] {logging_mixin.py:188} INFO - [2025-10-18T20:17:04.669+0000] {dagbag.py:545} INFO - Filling up the DagBag from /opt/airflow/dags/weather_dag.py
[2025-10-18T20:17:04.681+0000] {processor.py:840} INFO - DAG(s) 'weather_pipeline' retrieved from /opt/airflow/dags/weather_dag.py
[2025-10-18T20:17:04.763+0000] {logging_mixin.py:188} INFO - [2025-10-18T20:17:04.763+0000] {dag.py:3089} INFO - Sync 1 DAGs
[2025-10-18T20:17:04.767+0000] {logging_mixin.py:188} INFO - [2025-10-18T20:17:04.767+0000] {dag.py:3947} INFO - Setting next_dagrun for weather_pipeline to None, run_after=None
[2025-10-18T20:17:04.774+0000] {processor.py:183} INFO - Processing /opt/airflow/dags/weather_dag.py took 0.114 seconds
[2025-10-18T20:17:35.555+0000] {processor.py:161} INFO - Started process (PID=2287) to work on /opt/airflow/dags/weather_dag.py
[2025-10-18T20:17:35.557+0000] {processor.py:830} INFO - Processing file /opt/airflow/dags/weather_dag.py for tasks to queue
[2025-10-18T20:17:35.560+0000] {logging_mixin.py:188} INFO - [2025-10-18T20:17:35.560+0000] {dagbag.py:545} INFO - Filling up the DagBag from /opt/airflow/dags/weather_dag.py
[2025-10-18T20:17:35.741+0000] {processor.py:840} INFO - DAG(s) 'weather_pipeline' retrieved from /opt/airflow/dags/weather_dag.py
[2025-10-18T20:17:35.977+0000] {logging_mixin.py:188} INFO - [2025-10-18T20:17:35.975+0000] {dag.py:3089} INFO - Sync 1 DAGs
[2025-10-18T20:17:36.015+0000] {logging_mixin.py:188} INFO - [2025-10-18T20:17:36.015+0000] {dag.py:3947} INFO - Setting next_dagrun for weather_pipeline to None, run_after=None
[2025-10-18T20:17:36.040+0000] {processor.py:183} INFO - Processing /opt/airflow/dags/weather_dag.py took 0.499 seconds
[2025-10-18T20:18:06.666+0000] {processor.py:161} INFO - Started process (PID=2308) to work on /opt/airflow/dags/weather_dag.py
[2025-10-18T20:18:06.668+0000] {processor.py:830} INFO - Processing file /opt/airflow/dags/weather_dag.py for tasks to queue
[2025-10-18T20:18:06.670+0000] {logging_mixin.py:188} INFO - [2025-10-18T20:18:06.670+0000] {dagbag.py:545} INFO - Filling up the DagBag from /opt/airflow/dags/weather_dag.py
[2025-10-18T20:18:06.696+0000] {processor.py:840} INFO - DAG(s) 'weather_pipeline' retrieved from /opt/airflow/dags/weather_dag.py
[2025-10-18T20:18:06.773+0000] {logging_mixin.py:188} INFO - [2025-10-18T20:18:06.773+0000] {dag.py:3089} INFO - Sync 1 DAGs
[2025-10-18T20:18:06.777+0000] {logging_mixin.py:188} INFO - [2025-10-18T20:18:06.777+0000] {dag.py:3947} INFO - Setting next_dagrun for weather_pipeline to None, run_after=None
[2025-10-18T20:18:06.786+0000] {processor.py:183} INFO - Processing /opt/airflow/dags/weather_dag.py took 0.132 seconds
[2025-10-18T20:18:37.449+0000] {processor.py:161} INFO - Started process (PID=2328) to work on /opt/airflow/dags/weather_dag.py
[2025-10-18T20:18:37.450+0000] {processor.py:830} INFO - Processing file /opt/airflow/dags/weather_dag.py for tasks to queue
[2025-10-18T20:18:37.453+0000] {logging_mixin.py:188} INFO - [2025-10-18T20:18:37.452+0000] {dagbag.py:545} INFO - Filling up the DagBag from /opt/airflow/dags/weather_dag.py
[2025-10-18T20:18:37.465+0000] {processor.py:840} INFO - DAG(s) 'weather_pipeline' retrieved from /opt/airflow/dags/weather_dag.py
[2025-10-18T20:18:37.489+0000] {logging_mixin.py:188} INFO - [2025-10-18T20:18:37.489+0000] {dag.py:3089} INFO - Sync 1 DAGs
[2025-10-18T20:18:37.498+0000] {logging_mixin.py:188} INFO - [2025-10-18T20:18:37.498+0000] {dag.py:3947} INFO - Setting next_dagrun for weather_pipeline to None, run_after=None
[2025-10-18T20:18:37.507+0000] {processor.py:183} INFO - Processing /opt/airflow/dags/weather_dag.py took 0.063 seconds
[2025-10-18T20:19:07.917+0000] {processor.py:161} INFO - Started process (PID=2348) to work on /opt/airflow/dags/weather_dag.py
[2025-10-18T20:19:07.917+0000] {processor.py:830} INFO - Processing file /opt/airflow/dags/weather_dag.py for tasks to queue
[2025-10-18T20:19:07.919+0000] {logging_mixin.py:188} INFO - [2025-10-18T20:19:07.919+0000] {dagbag.py:545} INFO - Filling up the DagBag from /opt/airflow/dags/weather_dag.py
[2025-10-18T20:19:07.930+0000] {processor.py:840} INFO - DAG(s) 'weather_pipeline' retrieved from /opt/airflow/dags/weather_dag.py
[2025-10-18T20:19:07.984+0000] {logging_mixin.py:188} INFO - [2025-10-18T20:19:07.984+0000] {dag.py:3089} INFO - Sync 1 DAGs
[2025-10-18T20:19:07.989+0000] {logging_mixin.py:188} INFO - [2025-10-18T20:19:07.988+0000] {dag.py:3947} INFO - Setting next_dagrun for weather_pipeline to None, run_after=None
[2025-10-18T20:19:07.999+0000] {processor.py:183} INFO - Processing /opt/airflow/dags/weather_dag.py took 0.087 seconds
[2025-10-18T20:19:38.450+0000] {processor.py:161} INFO - Started process (PID=2367) to work on /opt/airflow/dags/weather_dag.py
[2025-10-18T20:19:38.451+0000] {processor.py:830} INFO - Processing file /opt/airflow/dags/weather_dag.py for tasks to queue
[2025-10-18T20:19:38.453+0000] {logging_mixin.py:188} INFO - [2025-10-18T20:19:38.452+0000] {dagbag.py:545} INFO - Filling up the DagBag from /opt/airflow/dags/weather_dag.py
[2025-10-18T20:19:38.466+0000] {processor.py:840} INFO - DAG(s) 'weather_pipeline' retrieved from /opt/airflow/dags/weather_dag.py
[2025-10-18T20:19:38.502+0000] {logging_mixin.py:188} INFO - [2025-10-18T20:19:38.502+0000] {dag.py:3089} INFO - Sync 1 DAGs
[2025-10-18T20:19:38.513+0000] {logging_mixin.py:188} INFO - [2025-10-18T20:19:38.512+0000] {dag.py:3947} INFO - Setting next_dagrun for weather_pipeline to None, run_after=None
[2025-10-18T20:19:38.525+0000] {processor.py:183} INFO - Processing /opt/airflow/dags/weather_dag.py took 0.081 seconds
[2025-10-18T20:20:09.121+0000] {processor.py:161} INFO - Started process (PID=2388) to work on /opt/airflow/dags/weather_dag.py
[2025-10-18T20:20:09.123+0000] {processor.py:830} INFO - Processing file /opt/airflow/dags/weather_dag.py for tasks to queue
[2025-10-18T20:20:09.125+0000] {logging_mixin.py:188} INFO - [2025-10-18T20:20:09.125+0000] {dagbag.py:545} INFO - Filling up the DagBag from /opt/airflow/dags/weather_dag.py
[2025-10-18T20:20:09.136+0000] {processor.py:840} INFO - DAG(s) 'weather_pipeline' retrieved from /opt/airflow/dags/weather_dag.py
[2025-10-18T20:20:09.210+0000] {logging_mixin.py:188} INFO - [2025-10-18T20:20:09.210+0000] {dag.py:3089} INFO - Sync 1 DAGs
[2025-10-18T20:20:09.214+0000] {logging_mixin.py:188} INFO - [2025-10-18T20:20:09.213+0000] {dag.py:3947} INFO - Setting next_dagrun for weather_pipeline to None, run_after=None
[2025-10-18T20:20:09.221+0000] {processor.py:183} INFO - Processing /opt/airflow/dags/weather_dag.py took 0.105 seconds
[2025-10-18T20:20:39.789+0000] {processor.py:161} INFO - Started process (PID=2407) to work on /opt/airflow/dags/weather_dag.py
[2025-10-18T20:20:39.792+0000] {processor.py:830} INFO - Processing file /opt/airflow/dags/weather_dag.py for tasks to queue
[2025-10-18T20:20:39.796+0000] {logging_mixin.py:188} INFO - [2025-10-18T20:20:39.795+0000] {dagbag.py:545} INFO - Filling up the DagBag from /opt/airflow/dags/weather_dag.py
[2025-10-18T20:20:39.817+0000] {processor.py:840} INFO - DAG(s) 'weather_pipeline' retrieved from /opt/airflow/dags/weather_dag.py
[2025-10-18T20:20:39.859+0000] {logging_mixin.py:188} INFO - [2025-10-18T20:20:39.859+0000] {dag.py:3089} INFO - Sync 1 DAGs
[2025-10-18T20:20:39.869+0000] {logging_mixin.py:188} INFO - [2025-10-18T20:20:39.869+0000] {dag.py:3947} INFO - Setting next_dagrun for weather_pipeline to None, run_after=None
[2025-10-18T20:20:39.882+0000] {processor.py:183} INFO - Processing /opt/airflow/dags/weather_dag.py took 0.104 seconds
[2025-10-18T20:21:10.484+0000] {processor.py:161} INFO - Started process (PID=2427) to work on /opt/airflow/dags/weather_dag.py
[2025-10-18T20:21:10.485+0000] {processor.py:830} INFO - Processing file /opt/airflow/dags/weather_dag.py for tasks to queue
[2025-10-18T20:21:10.488+0000] {logging_mixin.py:188} INFO - [2025-10-18T20:21:10.488+0000] {dagbag.py:545} INFO - Filling up the DagBag from /opt/airflow/dags/weather_dag.py
[2025-10-18T20:21:10.502+0000] {processor.py:840} INFO - DAG(s) 'weather_pipeline' retrieved from /opt/airflow/dags/weather_dag.py
[2025-10-18T20:21:10.600+0000] {logging_mixin.py:188} INFO - [2025-10-18T20:21:10.600+0000] {dag.py:3089} INFO - Sync 1 DAGs
[2025-10-18T20:21:10.605+0000] {logging_mixin.py:188} INFO - [2025-10-18T20:21:10.605+0000] {dag.py:3947} INFO - Setting next_dagrun for weather_pipeline to None, run_after=None
[2025-10-18T20:21:10.622+0000] {processor.py:183} INFO - Processing /opt/airflow/dags/weather_dag.py took 0.145 seconds
[2025-10-18T20:21:41.169+0000] {processor.py:161} INFO - Started process (PID=2448) to work on /opt/airflow/dags/weather_dag.py
[2025-10-18T20:21:41.170+0000] {processor.py:830} INFO - Processing file /opt/airflow/dags/weather_dag.py for tasks to queue
[2025-10-18T20:21:41.173+0000] {logging_mixin.py:188} INFO - [2025-10-18T20:21:41.173+0000] {dagbag.py:545} INFO - Filling up the DagBag from /opt/airflow/dags/weather_dag.py
[2025-10-18T20:21:41.189+0000] {processor.py:840} INFO - DAG(s) 'weather_pipeline' retrieved from /opt/airflow/dags/weather_dag.py
[2025-10-18T20:21:41.230+0000] {logging_mixin.py:188} INFO - [2025-10-18T20:21:41.230+0000] {dag.py:3089} INFO - Sync 1 DAGs
[2025-10-18T20:21:41.243+0000] {logging_mixin.py:188} INFO - [2025-10-18T20:21:41.243+0000] {dag.py:3947} INFO - Setting next_dagrun for weather_pipeline to None, run_after=None
[2025-10-18T20:21:41.252+0000] {processor.py:183} INFO - Processing /opt/airflow/dags/weather_dag.py took 0.095 seconds
[2025-10-18T20:22:11.703+0000] {processor.py:161} INFO - Started process (PID=2467) to work on /opt/airflow/dags/weather_dag.py
[2025-10-18T20:22:11.708+0000] {processor.py:830} INFO - Processing file /opt/airflow/dags/weather_dag.py for tasks to queue
[2025-10-18T20:22:11.718+0000] {logging_mixin.py:188} INFO - [2025-10-18T20:22:11.715+0000] {dagbag.py:545} INFO - Filling up the DagBag from /opt/airflow/dags/weather_dag.py
[2025-10-18T20:22:11.773+0000] {processor.py:840} INFO - DAG(s) 'weather_pipeline' retrieved from /opt/airflow/dags/weather_dag.py
[2025-10-18T20:22:11.922+0000] {logging_mixin.py:188} INFO - [2025-10-18T20:22:11.922+0000] {dag.py:3089} INFO - Sync 1 DAGs
[2025-10-18T20:22:11.936+0000] {logging_mixin.py:188} INFO - [2025-10-18T20:22:11.936+0000] {dag.py:3947} INFO - Setting next_dagrun for weather_pipeline to None, run_after=None
[2025-10-18T20:22:11.950+0000] {processor.py:183} INFO - Processing /opt/airflow/dags/weather_dag.py took 0.260 seconds
[2025-10-18T20:22:42.425+0000] {processor.py:161} INFO - Started process (PID=2488) to work on /opt/airflow/dags/weather_dag.py
[2025-10-18T20:22:42.427+0000] {processor.py:830} INFO - Processing file /opt/airflow/dags/weather_dag.py for tasks to queue
[2025-10-18T20:22:42.429+0000] {logging_mixin.py:188} INFO - [2025-10-18T20:22:42.429+0000] {dagbag.py:545} INFO - Filling up the DagBag from /opt/airflow/dags/weather_dag.py
[2025-10-18T20:22:42.448+0000] {processor.py:840} INFO - DAG(s) 'weather_pipeline' retrieved from /opt/airflow/dags/weather_dag.py
[2025-10-18T20:22:42.476+0000] {logging_mixin.py:188} INFO - [2025-10-18T20:22:42.476+0000] {dag.py:3089} INFO - Sync 1 DAGs
[2025-10-18T20:22:42.484+0000] {logging_mixin.py:188} INFO - [2025-10-18T20:22:42.484+0000] {dag.py:3947} INFO - Setting next_dagrun for weather_pipeline to None, run_after=None
[2025-10-18T20:22:42.493+0000] {processor.py:183} INFO - Processing /opt/airflow/dags/weather_dag.py took 0.073 seconds
[2025-10-18T20:23:13.042+0000] {processor.py:161} INFO - Started process (PID=2507) to work on /opt/airflow/dags/weather_dag.py
[2025-10-18T20:23:13.045+0000] {processor.py:830} INFO - Processing file /opt/airflow/dags/weather_dag.py for tasks to queue
[2025-10-18T20:23:13.048+0000] {logging_mixin.py:188} INFO - [2025-10-18T20:23:13.047+0000] {dagbag.py:545} INFO - Filling up the DagBag from /opt/airflow/dags/weather_dag.py
[2025-10-18T20:23:13.062+0000] {processor.py:840} INFO - DAG(s) 'weather_pipeline' retrieved from /opt/airflow/dags/weather_dag.py
[2025-10-18T20:23:13.152+0000] {logging_mixin.py:188} INFO - [2025-10-18T20:23:13.152+0000] {dag.py:3089} INFO - Sync 1 DAGs
[2025-10-18T20:23:13.161+0000] {logging_mixin.py:188} INFO - [2025-10-18T20:23:13.161+0000] {dag.py:3947} INFO - Setting next_dagrun for weather_pipeline to None, run_after=None
[2025-10-18T20:23:13.174+0000] {processor.py:183} INFO - Processing /opt/airflow/dags/weather_dag.py took 0.136 seconds
[2025-10-18T20:23:43.624+0000] {processor.py:161} INFO - Started process (PID=2527) to work on /opt/airflow/dags/weather_dag.py
[2025-10-18T20:23:43.625+0000] {processor.py:830} INFO - Processing file /opt/airflow/dags/weather_dag.py for tasks to queue
[2025-10-18T20:23:43.628+0000] {logging_mixin.py:188} INFO - [2025-10-18T20:23:43.628+0000] {dagbag.py:545} INFO - Filling up the DagBag from /opt/airflow/dags/weather_dag.py
[2025-10-18T20:23:43.651+0000] {processor.py:840} INFO - DAG(s) 'weather_pipeline' retrieved from /opt/airflow/dags/weather_dag.py
[2025-10-18T20:23:43.693+0000] {logging_mixin.py:188} INFO - [2025-10-18T20:23:43.692+0000] {dag.py:3089} INFO - Sync 1 DAGs
[2025-10-18T20:23:43.703+0000] {logging_mixin.py:188} INFO - [2025-10-18T20:23:43.703+0000] {dag.py:3947} INFO - Setting next_dagrun for weather_pipeline to None, run_after=None
[2025-10-18T20:23:43.717+0000] {processor.py:183} INFO - Processing /opt/airflow/dags/weather_dag.py took 0.102 seconds
[2025-10-18T20:24:14.181+0000] {processor.py:161} INFO - Started process (PID=2554) to work on /opt/airflow/dags/weather_dag.py
[2025-10-18T20:24:14.181+0000] {processor.py:830} INFO - Processing file /opt/airflow/dags/weather_dag.py for tasks to queue
[2025-10-18T20:24:14.184+0000] {logging_mixin.py:188} INFO - [2025-10-18T20:24:14.183+0000] {dagbag.py:545} INFO - Filling up the DagBag from /opt/airflow/dags/weather_dag.py
[2025-10-18T20:24:14.203+0000] {processor.py:840} INFO - DAG(s) 'weather_pipeline' retrieved from /opt/airflow/dags/weather_dag.py
[2025-10-18T20:24:14.339+0000] {logging_mixin.py:188} INFO - [2025-10-18T20:24:14.338+0000] {dag.py:3089} INFO - Sync 1 DAGs
[2025-10-18T20:24:14.343+0000] {logging_mixin.py:188} INFO - [2025-10-18T20:24:14.343+0000] {dag.py:3947} INFO - Setting next_dagrun for weather_pipeline to None, run_after=None
[2025-10-18T20:24:14.356+0000] {processor.py:183} INFO - Processing /opt/airflow/dags/weather_dag.py took 0.191 seconds
[2025-10-18T20:24:20.632+0000] {processor.py:161} INFO - Started process (PID=2725) to work on /opt/airflow/dags/weather_dag.py
[2025-10-18T20:24:20.633+0000] {processor.py:830} INFO - Processing file /opt/airflow/dags/weather_dag.py for tasks to queue
[2025-10-18T20:24:20.636+0000] {logging_mixin.py:188} INFO - [2025-10-18T20:24:20.635+0000] {dagbag.py:545} INFO - Filling up the DagBag from /opt/airflow/dags/weather_dag.py
[2025-10-18T20:24:20.668+0000] {processor.py:840} INFO - DAG(s) 'weather_pipeline' retrieved from /opt/airflow/dags/weather_dag.py
[2025-10-18T20:24:20.720+0000] {logging_mixin.py:188} INFO - [2025-10-18T20:24:20.720+0000] {dag.py:3089} INFO - Sync 1 DAGs
[2025-10-18T20:24:20.748+0000] {logging_mixin.py:188} INFO - [2025-10-18T20:24:20.748+0000] {dag.py:3947} INFO - Setting next_dagrun for weather_pipeline to None, run_after=None
[2025-10-18T20:24:20.774+0000] {processor.py:183} INFO - Processing /opt/airflow/dags/weather_dag.py took 0.158 seconds
[2025-10-18T20:24:44.876+0000] {processor.py:161} INFO - Started process (PID=2745) to work on /opt/airflow/dags/weather_dag.py
[2025-10-18T20:24:44.878+0000] {processor.py:830} INFO - Processing file /opt/airflow/dags/weather_dag.py for tasks to queue
[2025-10-18T20:24:44.881+0000] {logging_mixin.py:188} INFO - [2025-10-18T20:24:44.881+0000] {dagbag.py:545} INFO - Filling up the DagBag from /opt/airflow/dags/weather_dag.py
[2025-10-18T20:24:44.897+0000] {processor.py:840} INFO - DAG(s) 'weather_pipeline' retrieved from /opt/airflow/dags/weather_dag.py
[2025-10-18T20:24:44.932+0000] {logging_mixin.py:188} INFO - [2025-10-18T20:24:44.932+0000] {dag.py:3089} INFO - Sync 1 DAGs
[2025-10-18T20:24:44.949+0000] {logging_mixin.py:188} INFO - [2025-10-18T20:24:44.948+0000] {dag.py:3947} INFO - Setting next_dagrun for weather_pipeline to None, run_after=None
[2025-10-18T20:24:44.980+0000] {processor.py:183} INFO - Processing /opt/airflow/dags/weather_dag.py took 0.112 seconds
[2025-10-18T20:24:51.269+0000] {processor.py:161} INFO - Started process (PID=2766) to work on /opt/airflow/dags/weather_dag.py
[2025-10-18T20:24:51.270+0000] {processor.py:830} INFO - Processing file /opt/airflow/dags/weather_dag.py for tasks to queue
[2025-10-18T20:24:51.272+0000] {logging_mixin.py:188} INFO - [2025-10-18T20:24:51.272+0000] {dagbag.py:545} INFO - Filling up the DagBag from /opt/airflow/dags/weather_dag.py
[2025-10-18T20:24:51.290+0000] {processor.py:840} INFO - DAG(s) 'weather_pipeline' retrieved from /opt/airflow/dags/weather_dag.py
[2025-10-18T20:24:51.320+0000] {logging_mixin.py:188} INFO - [2025-10-18T20:24:51.320+0000] {dag.py:3089} INFO - Sync 1 DAGs
[2025-10-18T20:24:51.353+0000] {logging_mixin.py:188} INFO - [2025-10-18T20:24:51.353+0000] {dag.py:3947} INFO - Setting next_dagrun for weather_pipeline to None, run_after=None
[2025-10-18T20:24:51.366+0000] {processor.py:183} INFO - Processing /opt/airflow/dags/weather_dag.py took 0.121 seconds
[2025-10-18T20:25:15.539+0000] {processor.py:161} INFO - Started process (PID=2785) to work on /opt/airflow/dags/weather_dag.py
[2025-10-18T20:25:15.541+0000] {processor.py:830} INFO - Processing file /opt/airflow/dags/weather_dag.py for tasks to queue
[2025-10-18T20:25:15.547+0000] {logging_mixin.py:188} INFO - [2025-10-18T20:25:15.546+0000] {dagbag.py:545} INFO - Filling up the DagBag from /opt/airflow/dags/weather_dag.py
[2025-10-18T20:25:15.565+0000] {processor.py:840} INFO - DAG(s) 'weather_pipeline' retrieved from /opt/airflow/dags/weather_dag.py
[2025-10-18T20:25:15.665+0000] {logging_mixin.py:188} INFO - [2025-10-18T20:25:15.665+0000] {dag.py:3089} INFO - Sync 1 DAGs
[2025-10-18T20:25:15.671+0000] {logging_mixin.py:188} INFO - [2025-10-18T20:25:15.671+0000] {dag.py:3947} INFO - Setting next_dagrun for weather_pipeline to None, run_after=None
[2025-10-18T20:25:15.686+0000] {processor.py:183} INFO - Processing /opt/airflow/dags/weather_dag.py took 0.154 seconds
[2025-10-18T20:25:22.014+0000] {processor.py:161} INFO - Started process (PID=2805) to work on /opt/airflow/dags/weather_dag.py
[2025-10-18T20:25:22.015+0000] {processor.py:830} INFO - Processing file /opt/airflow/dags/weather_dag.py for tasks to queue
[2025-10-18T20:25:22.018+0000] {logging_mixin.py:188} INFO - [2025-10-18T20:25:22.018+0000] {dagbag.py:545} INFO - Filling up the DagBag from /opt/airflow/dags/weather_dag.py
[2025-10-18T20:25:22.038+0000] {processor.py:840} INFO - DAG(s) 'weather_pipeline' retrieved from /opt/airflow/dags/weather_dag.py
[2025-10-18T20:25:22.060+0000] {logging_mixin.py:188} INFO - [2025-10-18T20:25:22.060+0000] {dag.py:3089} INFO - Sync 1 DAGs
[2025-10-18T20:25:22.072+0000] {logging_mixin.py:188} INFO - [2025-10-18T20:25:22.072+0000] {dag.py:3947} INFO - Setting next_dagrun for weather_pipeline to None, run_after=None
[2025-10-18T20:25:22.090+0000] {processor.py:183} INFO - Processing /opt/airflow/dags/weather_dag.py took 0.086 seconds
[2025-10-18T20:25:46.182+0000] {processor.py:161} INFO - Started process (PID=2825) to work on /opt/airflow/dags/weather_dag.py
[2025-10-18T20:25:46.184+0000] {processor.py:830} INFO - Processing file /opt/airflow/dags/weather_dag.py for tasks to queue
[2025-10-18T20:25:46.187+0000] {logging_mixin.py:188} INFO - [2025-10-18T20:25:46.187+0000] {dagbag.py:545} INFO - Filling up the DagBag from /opt/airflow/dags/weather_dag.py
[2025-10-18T20:25:46.204+0000] {processor.py:840} INFO - DAG(s) 'weather_pipeline' retrieved from /opt/airflow/dags/weather_dag.py
[2025-10-18T20:25:46.250+0000] {logging_mixin.py:188} INFO - [2025-10-18T20:25:46.249+0000] {dag.py:3089} INFO - Sync 1 DAGs
[2025-10-18T20:25:46.259+0000] {logging_mixin.py:188} INFO - [2025-10-18T20:25:46.259+0000] {dag.py:3947} INFO - Setting next_dagrun for weather_pipeline to None, run_after=None
[2025-10-18T20:25:46.278+0000] {processor.py:183} INFO - Processing /opt/airflow/dags/weather_dag.py took 0.106 seconds
[2025-10-18T20:25:52.459+0000] {processor.py:161} INFO - Started process (PID=2845) to work on /opt/airflow/dags/weather_dag.py
[2025-10-18T20:25:52.460+0000] {processor.py:830} INFO - Processing file /opt/airflow/dags/weather_dag.py for tasks to queue
[2025-10-18T20:25:52.463+0000] {logging_mixin.py:188} INFO - [2025-10-18T20:25:52.462+0000] {dagbag.py:545} INFO - Filling up the DagBag from /opt/airflow/dags/weather_dag.py
[2025-10-18T20:25:52.481+0000] {processor.py:840} INFO - DAG(s) 'weather_pipeline' retrieved from /opt/airflow/dags/weather_dag.py
[2025-10-18T20:25:52.499+0000] {logging_mixin.py:188} INFO - [2025-10-18T20:25:52.499+0000] {dag.py:3089} INFO - Sync 1 DAGs
[2025-10-18T20:25:52.509+0000] {logging_mixin.py:188} INFO - [2025-10-18T20:25:52.509+0000] {dag.py:3947} INFO - Setting next_dagrun for weather_pipeline to None, run_after=None
[2025-10-18T20:25:52.518+0000] {processor.py:183} INFO - Processing /opt/airflow/dags/weather_dag.py took 0.066 seconds
[2025-10-18T20:26:16.724+0000] {processor.py:161} INFO - Started process (PID=2866) to work on /opt/airflow/dags/weather_dag.py
[2025-10-18T20:26:16.725+0000] {processor.py:830} INFO - Processing file /opt/airflow/dags/weather_dag.py for tasks to queue
[2025-10-18T20:26:16.728+0000] {logging_mixin.py:188} INFO - [2025-10-18T20:26:16.727+0000] {dagbag.py:545} INFO - Filling up the DagBag from /opt/airflow/dags/weather_dag.py
[2025-10-18T20:26:16.745+0000] {processor.py:840} INFO - DAG(s) 'weather_pipeline' retrieved from /opt/airflow/dags/weather_dag.py
[2025-10-18T20:26:16.858+0000] {logging_mixin.py:188} INFO - [2025-10-18T20:26:16.857+0000] {dag.py:3089} INFO - Sync 1 DAGs
[2025-10-18T20:26:16.869+0000] {logging_mixin.py:188} INFO - [2025-10-18T20:26:16.869+0000] {dag.py:3947} INFO - Setting next_dagrun for weather_pipeline to None, run_after=None
[2025-10-18T20:26:16.881+0000] {processor.py:183} INFO - Processing /opt/airflow/dags/weather_dag.py took 0.164 seconds
[2025-10-18T20:26:23.152+0000] {processor.py:161} INFO - Started process (PID=2886) to work on /opt/airflow/dags/weather_dag.py
[2025-10-18T20:26:23.153+0000] {processor.py:830} INFO - Processing file /opt/airflow/dags/weather_dag.py for tasks to queue
[2025-10-18T20:26:23.162+0000] {logging_mixin.py:188} INFO - [2025-10-18T20:26:23.161+0000] {dagbag.py:545} INFO - Filling up the DagBag from /opt/airflow/dags/weather_dag.py
[2025-10-18T20:26:23.209+0000] {processor.py:840} INFO - DAG(s) 'weather_pipeline' retrieved from /opt/airflow/dags/weather_dag.py
[2025-10-18T20:26:23.249+0000] {logging_mixin.py:188} INFO - [2025-10-18T20:26:23.249+0000] {dag.py:3089} INFO - Sync 1 DAGs
[2025-10-18T20:26:23.277+0000] {logging_mixin.py:188} INFO - [2025-10-18T20:26:23.277+0000] {dag.py:3947} INFO - Setting next_dagrun for weather_pipeline to None, run_after=None
[2025-10-18T20:26:23.299+0000] {processor.py:183} INFO - Processing /opt/airflow/dags/weather_dag.py took 0.160 seconds
[2025-10-18T20:26:47.434+0000] {processor.py:161} INFO - Started process (PID=2908) to work on /opt/airflow/dags/weather_dag.py
[2025-10-18T20:26:47.438+0000] {processor.py:830} INFO - Processing file /opt/airflow/dags/weather_dag.py for tasks to queue
[2025-10-18T20:26:47.446+0000] {logging_mixin.py:188} INFO - [2025-10-18T20:26:47.445+0000] {dagbag.py:545} INFO - Filling up the DagBag from /opt/airflow/dags/weather_dag.py
[2025-10-18T20:26:47.463+0000] {processor.py:840} INFO - DAG(s) 'weather_pipeline' retrieved from /opt/airflow/dags/weather_dag.py
[2025-10-18T20:26:47.499+0000] {logging_mixin.py:188} INFO - [2025-10-18T20:26:47.499+0000] {dag.py:3089} INFO - Sync 1 DAGs
[2025-10-18T20:26:47.513+0000] {logging_mixin.py:188} INFO - [2025-10-18T20:26:47.513+0000] {dag.py:3947} INFO - Setting next_dagrun for weather_pipeline to None, run_after=None
[2025-10-18T20:26:47.522+0000] {processor.py:183} INFO - Processing /opt/airflow/dags/weather_dag.py took 0.095 seconds
[2025-10-18T20:26:53.705+0000] {processor.py:161} INFO - Started process (PID=2928) to work on /opt/airflow/dags/weather_dag.py
[2025-10-18T20:26:53.706+0000] {processor.py:830} INFO - Processing file /opt/airflow/dags/weather_dag.py for tasks to queue
[2025-10-18T20:26:53.709+0000] {logging_mixin.py:188} INFO - [2025-10-18T20:26:53.708+0000] {dagbag.py:545} INFO - Filling up the DagBag from /opt/airflow/dags/weather_dag.py
[2025-10-18T20:26:53.725+0000] {processor.py:840} INFO - DAG(s) 'weather_pipeline' retrieved from /opt/airflow/dags/weather_dag.py
[2025-10-18T20:26:53.740+0000] {logging_mixin.py:188} INFO - [2025-10-18T20:26:53.740+0000] {dag.py:3089} INFO - Sync 1 DAGs
[2025-10-18T20:26:53.756+0000] {logging_mixin.py:188} INFO - [2025-10-18T20:26:53.756+0000] {dag.py:3947} INFO - Setting next_dagrun for weather_pipeline to None, run_after=None
[2025-10-18T20:26:53.765+0000] {processor.py:183} INFO - Processing /opt/airflow/dags/weather_dag.py took 0.065 seconds
[2025-10-18T20:27:18.037+0000] {processor.py:161} INFO - Started process (PID=2948) to work on /opt/airflow/dags/weather_dag.py
[2025-10-18T20:27:18.039+0000] {processor.py:830} INFO - Processing file /opt/airflow/dags/weather_dag.py for tasks to queue
[2025-10-18T20:27:18.041+0000] {logging_mixin.py:188} INFO - [2025-10-18T20:27:18.041+0000] {dagbag.py:545} INFO - Filling up the DagBag from /opt/airflow/dags/weather_dag.py
[2025-10-18T20:27:18.060+0000] {processor.py:840} INFO - DAG(s) 'weather_pipeline' retrieved from /opt/airflow/dags/weather_dag.py
[2025-10-18T20:27:18.180+0000] {logging_mixin.py:188} INFO - [2025-10-18T20:27:18.180+0000] {dag.py:3089} INFO - Sync 1 DAGs
[2025-10-18T20:27:18.189+0000] {logging_mixin.py:188} INFO - [2025-10-18T20:27:18.189+0000] {dag.py:3947} INFO - Setting next_dagrun for weather_pipeline to None, run_after=None
[2025-10-18T20:27:18.202+0000] {processor.py:183} INFO - Processing /opt/airflow/dags/weather_dag.py took 0.181 seconds
[2025-10-18T20:27:24.219+0000] {processor.py:161} INFO - Started process (PID=2967) to work on /opt/airflow/dags/weather_dag.py
[2025-10-18T20:27:24.219+0000] {processor.py:830} INFO - Processing file /opt/airflow/dags/weather_dag.py for tasks to queue
[2025-10-18T20:27:24.222+0000] {logging_mixin.py:188} INFO - [2025-10-18T20:27:24.222+0000] {dagbag.py:545} INFO - Filling up the DagBag from /opt/airflow/dags/weather_dag.py
[2025-10-18T20:27:24.236+0000] {processor.py:840} INFO - DAG(s) 'weather_pipeline' retrieved from /opt/airflow/dags/weather_dag.py
[2025-10-18T20:27:24.245+0000] {logging_mixin.py:188} INFO - [2025-10-18T20:27:24.245+0000] {dag.py:3089} INFO - Sync 1 DAGs
[2025-10-18T20:27:24.257+0000] {logging_mixin.py:188} INFO - [2025-10-18T20:27:24.257+0000] {dag.py:3947} INFO - Setting next_dagrun for weather_pipeline to None, run_after=None
[2025-10-18T20:27:24.267+0000] {processor.py:183} INFO - Processing /opt/airflow/dags/weather_dag.py took 0.055 seconds
[2025-10-18T20:27:48.721+0000] {processor.py:161} INFO - Started process (PID=2987) to work on /opt/airflow/dags/weather_dag.py
[2025-10-18T20:27:48.724+0000] {processor.py:830} INFO - Processing file /opt/airflow/dags/weather_dag.py for tasks to queue
[2025-10-18T20:27:48.726+0000] {logging_mixin.py:188} INFO - [2025-10-18T20:27:48.726+0000] {dagbag.py:545} INFO - Filling up the DagBag from /opt/airflow/dags/weather_dag.py
[2025-10-18T20:27:48.744+0000] {processor.py:840} INFO - DAG(s) 'weather_pipeline' retrieved from /opt/airflow/dags/weather_dag.py
[2025-10-18T20:27:48.773+0000] {logging_mixin.py:188} INFO - [2025-10-18T20:27:48.773+0000] {dag.py:3089} INFO - Sync 1 DAGs
[2025-10-18T20:27:48.787+0000] {logging_mixin.py:188} INFO - [2025-10-18T20:27:48.786+0000] {dag.py:3947} INFO - Setting next_dagrun for weather_pipeline to None, run_after=None
[2025-10-18T20:27:48.805+0000] {processor.py:183} INFO - Processing /opt/airflow/dags/weather_dag.py took 0.092 seconds
[2025-10-18T20:27:54.721+0000] {processor.py:161} INFO - Started process (PID=3007) to work on /opt/airflow/dags/weather_dag.py
[2025-10-18T20:27:54.722+0000] {processor.py:830} INFO - Processing file /opt/airflow/dags/weather_dag.py for tasks to queue
[2025-10-18T20:27:54.727+0000] {logging_mixin.py:188} INFO - [2025-10-18T20:27:54.726+0000] {dagbag.py:545} INFO - Filling up the DagBag from /opt/airflow/dags/weather_dag.py
[2025-10-18T20:27:54.737+0000] {processor.py:840} INFO - DAG(s) 'weather_pipeline' retrieved from /opt/airflow/dags/weather_dag.py
[2025-10-18T20:27:54.747+0000] {logging_mixin.py:188} INFO - [2025-10-18T20:27:54.747+0000] {dag.py:3089} INFO - Sync 1 DAGs
[2025-10-18T20:27:54.755+0000] {logging_mixin.py:188} INFO - [2025-10-18T20:27:54.755+0000] {dag.py:3947} INFO - Setting next_dagrun for weather_pipeline to None, run_after=None
[2025-10-18T20:27:54.763+0000] {processor.py:183} INFO - Processing /opt/airflow/dags/weather_dag.py took 0.047 seconds
[2025-10-18T20:28:19.187+0000] {processor.py:161} INFO - Started process (PID=3027) to work on /opt/airflow/dags/weather_dag.py
[2025-10-18T20:28:19.188+0000] {processor.py:830} INFO - Processing file /opt/airflow/dags/weather_dag.py for tasks to queue
[2025-10-18T20:28:19.190+0000] {logging_mixin.py:188} INFO - [2025-10-18T20:28:19.190+0000] {dagbag.py:545} INFO - Filling up the DagBag from /opt/airflow/dags/weather_dag.py
[2025-10-18T20:28:19.203+0000] {processor.py:840} INFO - DAG(s) 'weather_pipeline' retrieved from /opt/airflow/dags/weather_dag.py
[2025-10-18T20:28:19.279+0000] {logging_mixin.py:188} INFO - [2025-10-18T20:28:19.279+0000] {dag.py:3089} INFO - Sync 1 DAGs
[2025-10-18T20:28:19.285+0000] {logging_mixin.py:188} INFO - [2025-10-18T20:28:19.284+0000] {dag.py:3947} INFO - Setting next_dagrun for weather_pipeline to None, run_after=None
[2025-10-18T20:28:19.293+0000] {processor.py:183} INFO - Processing /opt/airflow/dags/weather_dag.py took 0.114 seconds
[2025-10-18T20:28:25.109+0000] {processor.py:161} INFO - Started process (PID=3048) to work on /opt/airflow/dags/weather_dag.py
[2025-10-18T20:28:25.111+0000] {processor.py:830} INFO - Processing file /opt/airflow/dags/weather_dag.py for tasks to queue
[2025-10-18T20:28:25.112+0000] {logging_mixin.py:188} INFO - [2025-10-18T20:28:25.112+0000] {dagbag.py:545} INFO - Filling up the DagBag from /opt/airflow/dags/weather_dag.py
[2025-10-18T20:28:25.122+0000] {processor.py:840} INFO - DAG(s) 'weather_pipeline' retrieved from /opt/airflow/dags/weather_dag.py
[2025-10-18T20:28:25.132+0000] {logging_mixin.py:188} INFO - [2025-10-18T20:28:25.132+0000] {dag.py:3089} INFO - Sync 1 DAGs
[2025-10-18T20:28:25.139+0000] {logging_mixin.py:188} INFO - [2025-10-18T20:28:25.139+0000] {dag.py:3947} INFO - Setting next_dagrun for weather_pipeline to None, run_after=None
[2025-10-18T20:28:25.147+0000] {processor.py:183} INFO - Processing /opt/airflow/dags/weather_dag.py took 0.043 seconds
[2025-10-18T20:28:49.754+0000] {processor.py:161} INFO - Started process (PID=3067) to work on /opt/airflow/dags/weather_dag.py
[2025-10-18T20:28:49.758+0000] {processor.py:830} INFO - Processing file /opt/airflow/dags/weather_dag.py for tasks to queue
[2025-10-18T20:28:49.762+0000] {logging_mixin.py:188} INFO - [2025-10-18T20:28:49.762+0000] {dagbag.py:545} INFO - Filling up the DagBag from /opt/airflow/dags/weather_dag.py
[2025-10-18T20:28:49.782+0000] {processor.py:840} INFO - DAG(s) 'weather_pipeline' retrieved from /opt/airflow/dags/weather_dag.py
[2025-10-18T20:28:49.820+0000] {logging_mixin.py:188} INFO - [2025-10-18T20:28:49.820+0000] {dag.py:3089} INFO - Sync 1 DAGs
[2025-10-18T20:28:49.831+0000] {logging_mixin.py:188} INFO - [2025-10-18T20:28:49.831+0000] {dag.py:3947} INFO - Setting next_dagrun for weather_pipeline to None, run_after=None
[2025-10-18T20:28:49.840+0000] {processor.py:183} INFO - Processing /opt/airflow/dags/weather_dag.py took 0.095 seconds
[2025-10-18T20:28:55.664+0000] {processor.py:161} INFO - Started process (PID=3087) to work on /opt/airflow/dags/weather_dag.py
[2025-10-18T20:28:55.665+0000] {processor.py:830} INFO - Processing file /opt/airflow/dags/weather_dag.py for tasks to queue
[2025-10-18T20:28:55.667+0000] {logging_mixin.py:188} INFO - [2025-10-18T20:28:55.667+0000] {dagbag.py:545} INFO - Filling up the DagBag from /opt/airflow/dags/weather_dag.py
[2025-10-18T20:28:55.684+0000] {processor.py:840} INFO - DAG(s) 'weather_pipeline' retrieved from /opt/airflow/dags/weather_dag.py
[2025-10-18T20:28:55.698+0000] {logging_mixin.py:188} INFO - [2025-10-18T20:28:55.698+0000] {dag.py:3089} INFO - Sync 1 DAGs
[2025-10-18T20:28:55.715+0000] {logging_mixin.py:188} INFO - [2025-10-18T20:28:55.715+0000] {dag.py:3947} INFO - Setting next_dagrun for weather_pipeline to None, run_after=None
[2025-10-18T20:28:55.725+0000] {processor.py:183} INFO - Processing /opt/airflow/dags/weather_dag.py took 0.067 seconds
[2025-10-18T20:29:20.191+0000] {processor.py:161} INFO - Started process (PID=3108) to work on /opt/airflow/dags/weather_dag.py
[2025-10-18T20:29:20.191+0000] {processor.py:830} INFO - Processing file /opt/airflow/dags/weather_dag.py for tasks to queue
[2025-10-18T20:29:20.193+0000] {logging_mixin.py:188} INFO - [2025-10-18T20:29:20.193+0000] {dagbag.py:545} INFO - Filling up the DagBag from /opt/airflow/dags/weather_dag.py
[2025-10-18T20:29:20.204+0000] {processor.py:840} INFO - DAG(s) 'weather_pipeline' retrieved from /opt/airflow/dags/weather_dag.py
[2025-10-18T20:29:20.256+0000] {logging_mixin.py:188} INFO - [2025-10-18T20:29:20.256+0000] {dag.py:3089} INFO - Sync 1 DAGs
[2025-10-18T20:29:20.261+0000] {logging_mixin.py:188} INFO - [2025-10-18T20:29:20.261+0000] {dag.py:3947} INFO - Setting next_dagrun for weather_pipeline to None, run_after=None
[2025-10-18T20:29:20.274+0000] {processor.py:183} INFO - Processing /opt/airflow/dags/weather_dag.py took 0.088 seconds
[2025-10-18T20:29:26.094+0000] {processor.py:161} INFO - Started process (PID=3128) to work on /opt/airflow/dags/weather_dag.py
[2025-10-18T20:29:26.095+0000] {processor.py:830} INFO - Processing file /opt/airflow/dags/weather_dag.py for tasks to queue
[2025-10-18T20:29:26.097+0000] {logging_mixin.py:188} INFO - [2025-10-18T20:29:26.097+0000] {dagbag.py:545} INFO - Filling up the DagBag from /opt/airflow/dags/weather_dag.py
[2025-10-18T20:29:26.108+0000] {processor.py:840} INFO - DAG(s) 'weather_pipeline' retrieved from /opt/airflow/dags/weather_dag.py
[2025-10-18T20:29:26.122+0000] {logging_mixin.py:188} INFO - [2025-10-18T20:29:26.121+0000] {dag.py:3089} INFO - Sync 1 DAGs
[2025-10-18T20:29:26.129+0000] {logging_mixin.py:188} INFO - [2025-10-18T20:29:26.129+0000] {dag.py:3947} INFO - Setting next_dagrun for weather_pipeline to None, run_after=None
[2025-10-18T20:29:26.142+0000] {processor.py:183} INFO - Processing /opt/airflow/dags/weather_dag.py took 0.053 seconds
[2025-10-18T20:29:50.582+0000] {processor.py:161} INFO - Started process (PID=3147) to work on /opt/airflow/dags/weather_dag.py
[2025-10-18T20:29:50.584+0000] {processor.py:830} INFO - Processing file /opt/airflow/dags/weather_dag.py for tasks to queue
[2025-10-18T20:29:50.588+0000] {logging_mixin.py:188} INFO - [2025-10-18T20:29:50.588+0000] {dagbag.py:545} INFO - Filling up the DagBag from /opt/airflow/dags/weather_dag.py
[2025-10-18T20:29:50.604+0000] {processor.py:840} INFO - DAG(s) 'weather_pipeline' retrieved from /opt/airflow/dags/weather_dag.py
[2025-10-18T20:29:50.630+0000] {logging_mixin.py:188} INFO - [2025-10-18T20:29:50.630+0000] {dag.py:3089} INFO - Sync 1 DAGs
[2025-10-18T20:29:50.642+0000] {logging_mixin.py:188} INFO - [2025-10-18T20:29:50.641+0000] {dag.py:3947} INFO - Setting next_dagrun for weather_pipeline to None, run_after=None
[2025-10-18T20:29:50.651+0000] {processor.py:183} INFO - Processing /opt/airflow/dags/weather_dag.py took 0.074 seconds
[2025-10-18T20:29:56.519+0000] {processor.py:161} INFO - Started process (PID=3167) to work on /opt/airflow/dags/weather_dag.py
[2025-10-18T20:29:56.520+0000] {processor.py:830} INFO - Processing file /opt/airflow/dags/weather_dag.py for tasks to queue
[2025-10-18T20:29:56.523+0000] {logging_mixin.py:188} INFO - [2025-10-18T20:29:56.522+0000] {dagbag.py:545} INFO - Filling up the DagBag from /opt/airflow/dags/weather_dag.py
[2025-10-18T20:29:56.535+0000] {processor.py:840} INFO - DAG(s) 'weather_pipeline' retrieved from /opt/airflow/dags/weather_dag.py
[2025-10-18T20:29:56.546+0000] {logging_mixin.py:188} INFO - [2025-10-18T20:29:56.546+0000] {dag.py:3089} INFO - Sync 1 DAGs
[2025-10-18T20:29:56.563+0000] {logging_mixin.py:188} INFO - [2025-10-18T20:29:56.563+0000] {dag.py:3947} INFO - Setting next_dagrun for weather_pipeline to None, run_after=None
[2025-10-18T20:29:56.574+0000] {processor.py:183} INFO - Processing /opt/airflow/dags/weather_dag.py took 0.061 seconds
[2025-10-18T20:30:21.018+0000] {processor.py:161} INFO - Started process (PID=3187) to work on /opt/airflow/dags/weather_dag.py
[2025-10-18T20:30:21.019+0000] {processor.py:830} INFO - Processing file /opt/airflow/dags/weather_dag.py for tasks to queue
[2025-10-18T20:30:21.022+0000] {logging_mixin.py:188} INFO - [2025-10-18T20:30:21.021+0000] {dagbag.py:545} INFO - Filling up the DagBag from /opt/airflow/dags/weather_dag.py
[2025-10-18T20:30:21.044+0000] {processor.py:840} INFO - DAG(s) 'weather_pipeline' retrieved from /opt/airflow/dags/weather_dag.py
[2025-10-18T20:30:21.145+0000] {logging_mixin.py:188} INFO - [2025-10-18T20:30:21.145+0000] {dag.py:3089} INFO - Sync 1 DAGs
[2025-10-18T20:30:21.159+0000] {logging_mixin.py:188} INFO - [2025-10-18T20:30:21.159+0000] {dag.py:3947} INFO - Setting next_dagrun for weather_pipeline to None, run_after=None
[2025-10-18T20:30:21.172+0000] {processor.py:183} INFO - Processing /opt/airflow/dags/weather_dag.py took 0.163 seconds
[2025-10-18T20:30:26.914+0000] {processor.py:161} INFO - Started process (PID=3207) to work on /opt/airflow/dags/weather_dag.py
[2025-10-18T20:30:26.915+0000] {processor.py:830} INFO - Processing file /opt/airflow/dags/weather_dag.py for tasks to queue
[2025-10-18T20:30:26.918+0000] {logging_mixin.py:188} INFO - [2025-10-18T20:30:26.917+0000] {dagbag.py:545} INFO - Filling up the DagBag from /opt/airflow/dags/weather_dag.py
[2025-10-18T20:30:26.930+0000] {processor.py:840} INFO - DAG(s) 'weather_pipeline' retrieved from /opt/airflow/dags/weather_dag.py
[2025-10-18T20:30:26.943+0000] {logging_mixin.py:188} INFO - [2025-10-18T20:30:26.943+0000] {dag.py:3089} INFO - Sync 1 DAGs
[2025-10-18T20:30:26.953+0000] {logging_mixin.py:188} INFO - [2025-10-18T20:30:26.953+0000] {dag.py:3947} INFO - Setting next_dagrun for weather_pipeline to None, run_after=None
[2025-10-18T20:30:26.967+0000] {processor.py:183} INFO - Processing /opt/airflow/dags/weather_dag.py took 0.060 seconds
[2025-10-18T20:30:51.714+0000] {processor.py:161} INFO - Started process (PID=3227) to work on /opt/airflow/dags/weather_dag.py
[2025-10-18T20:30:51.716+0000] {processor.py:830} INFO - Processing file /opt/airflow/dags/weather_dag.py for tasks to queue
[2025-10-18T20:30:51.720+0000] {logging_mixin.py:188} INFO - [2025-10-18T20:30:51.719+0000] {dagbag.py:545} INFO - Filling up the DagBag from /opt/airflow/dags/weather_dag.py
[2025-10-18T20:30:51.737+0000] {processor.py:840} INFO - DAG(s) 'weather_pipeline' retrieved from /opt/airflow/dags/weather_dag.py
[2025-10-18T20:30:51.781+0000] {logging_mixin.py:188} INFO - [2025-10-18T20:30:51.781+0000] {dag.py:3089} INFO - Sync 1 DAGs
[2025-10-18T20:30:51.791+0000] {logging_mixin.py:188} INFO - [2025-10-18T20:30:51.791+0000] {dag.py:3947} INFO - Setting next_dagrun for weather_pipeline to None, run_after=None
[2025-10-18T20:30:51.812+0000] {processor.py:183} INFO - Processing /opt/airflow/dags/weather_dag.py took 0.105 seconds
[2025-10-18T20:30:57.563+0000] {processor.py:161} INFO - Started process (PID=3247) to work on /opt/airflow/dags/weather_dag.py
[2025-10-18T20:30:57.564+0000] {processor.py:830} INFO - Processing file /opt/airflow/dags/weather_dag.py for tasks to queue
[2025-10-18T20:30:57.567+0000] {logging_mixin.py:188} INFO - [2025-10-18T20:30:57.566+0000] {dagbag.py:545} INFO - Filling up the DagBag from /opt/airflow/dags/weather_dag.py
[2025-10-18T20:30:57.581+0000] {processor.py:840} INFO - DAG(s) 'weather_pipeline' retrieved from /opt/airflow/dags/weather_dag.py
[2025-10-18T20:30:57.597+0000] {logging_mixin.py:188} INFO - [2025-10-18T20:30:57.597+0000] {dag.py:3089} INFO - Sync 1 DAGs
[2025-10-18T20:30:57.614+0000] {logging_mixin.py:188} INFO - [2025-10-18T20:30:57.614+0000] {dag.py:3947} INFO - Setting next_dagrun for weather_pipeline to None, run_after=None
[2025-10-18T20:30:57.624+0000] {processor.py:183} INFO - Processing /opt/airflow/dags/weather_dag.py took 0.067 seconds
[2025-10-18T20:31:22.208+0000] {processor.py:161} INFO - Started process (PID=3268) to work on /opt/airflow/dags/weather_dag.py
[2025-10-18T20:31:22.209+0000] {processor.py:830} INFO - Processing file /opt/airflow/dags/weather_dag.py for tasks to queue
[2025-10-18T20:31:22.215+0000] {logging_mixin.py:188} INFO - [2025-10-18T20:31:22.213+0000] {dagbag.py:545} INFO - Filling up the DagBag from /opt/airflow/dags/weather_dag.py
[2025-10-18T20:31:22.237+0000] {processor.py:840} INFO - DAG(s) 'weather_pipeline' retrieved from /opt/airflow/dags/weather_dag.py
[2025-10-18T20:31:22.326+0000] {logging_mixin.py:188} INFO - [2025-10-18T20:31:22.326+0000] {dag.py:3089} INFO - Sync 1 DAGs
[2025-10-18T20:31:22.331+0000] {logging_mixin.py:188} INFO - [2025-10-18T20:31:22.331+0000] {dag.py:3947} INFO - Setting next_dagrun for weather_pipeline to None, run_after=None
[2025-10-18T20:31:22.340+0000] {processor.py:183} INFO - Processing /opt/airflow/dags/weather_dag.py took 0.143 seconds
[2025-10-18T20:31:27.963+0000] {processor.py:161} INFO - Started process (PID=3287) to work on /opt/airflow/dags/weather_dag.py
[2025-10-18T20:31:27.963+0000] {processor.py:830} INFO - Processing file /opt/airflow/dags/weather_dag.py for tasks to queue
[2025-10-18T20:31:27.966+0000] {logging_mixin.py:188} INFO - [2025-10-18T20:31:27.965+0000] {dagbag.py:545} INFO - Filling up the DagBag from /opt/airflow/dags/weather_dag.py
[2025-10-18T20:31:27.979+0000] {processor.py:840} INFO - DAG(s) 'weather_pipeline' retrieved from /opt/airflow/dags/weather_dag.py
[2025-10-18T20:31:27.991+0000] {logging_mixin.py:188} INFO - [2025-10-18T20:31:27.990+0000] {dag.py:3089} INFO - Sync 1 DAGs
[2025-10-18T20:31:28.001+0000] {logging_mixin.py:188} INFO - [2025-10-18T20:31:28.000+0000] {dag.py:3947} INFO - Setting next_dagrun for weather_pipeline to None, run_after=None
[2025-10-18T20:31:28.011+0000] {processor.py:183} INFO - Processing /opt/airflow/dags/weather_dag.py took 0.055 seconds
[2025-10-18T20:31:52.751+0000] {processor.py:161} INFO - Started process (PID=3308) to work on /opt/airflow/dags/weather_dag.py
[2025-10-18T20:31:52.753+0000] {processor.py:830} INFO - Processing file /opt/airflow/dags/weather_dag.py for tasks to queue
[2025-10-18T20:31:52.755+0000] {logging_mixin.py:188} INFO - [2025-10-18T20:31:52.755+0000] {dagbag.py:545} INFO - Filling up the DagBag from /opt/airflow/dags/weather_dag.py
[2025-10-18T20:31:52.770+0000] {processor.py:840} INFO - DAG(s) 'weather_pipeline' retrieved from /opt/airflow/dags/weather_dag.py
[2025-10-18T20:31:52.804+0000] {logging_mixin.py:188} INFO - [2025-10-18T20:31:52.804+0000] {dag.py:3089} INFO - Sync 1 DAGs
[2025-10-18T20:31:52.814+0000] {logging_mixin.py:188} INFO - [2025-10-18T20:31:52.814+0000] {dag.py:3947} INFO - Setting next_dagrun for weather_pipeline to None, run_after=None
[2025-10-18T20:31:52.827+0000] {processor.py:183} INFO - Processing /opt/airflow/dags/weather_dag.py took 0.083 seconds
[2025-10-18T20:31:58.383+0000] {processor.py:161} INFO - Started process (PID=3327) to work on /opt/airflow/dags/weather_dag.py
[2025-10-18T20:31:58.386+0000] {processor.py:830} INFO - Processing file /opt/airflow/dags/weather_dag.py for tasks to queue
[2025-10-18T20:31:58.389+0000] {logging_mixin.py:188} INFO - [2025-10-18T20:31:58.388+0000] {dagbag.py:545} INFO - Filling up the DagBag from /opt/airflow/dags/weather_dag.py
[2025-10-18T20:31:58.405+0000] {processor.py:840} INFO - DAG(s) 'weather_pipeline' retrieved from /opt/airflow/dags/weather_dag.py
[2025-10-18T20:31:58.416+0000] {logging_mixin.py:188} INFO - [2025-10-18T20:31:58.416+0000] {dag.py:3089} INFO - Sync 1 DAGs
[2025-10-18T20:31:58.432+0000] {logging_mixin.py:188} INFO - [2025-10-18T20:31:58.432+0000] {dag.py:3947} INFO - Setting next_dagrun for weather_pipeline to None, run_after=None
[2025-10-18T20:31:58.443+0000] {processor.py:183} INFO - Processing /opt/airflow/dags/weather_dag.py took 0.064 seconds
[2025-10-18T20:32:23.274+0000] {processor.py:161} INFO - Started process (PID=3347) to work on /opt/airflow/dags/weather_dag.py
[2025-10-18T20:32:23.277+0000] {processor.py:830} INFO - Processing file /opt/airflow/dags/weather_dag.py for tasks to queue
[2025-10-18T20:32:23.283+0000] {logging_mixin.py:188} INFO - [2025-10-18T20:32:23.282+0000] {dagbag.py:545} INFO - Filling up the DagBag from /opt/airflow/dags/weather_dag.py
[2025-10-18T20:32:23.301+0000] {processor.py:840} INFO - DAG(s) 'weather_pipeline' retrieved from /opt/airflow/dags/weather_dag.py
[2025-10-18T20:32:23.398+0000] {logging_mixin.py:188} INFO - [2025-10-18T20:32:23.398+0000] {dag.py:3089} INFO - Sync 1 DAGs
[2025-10-18T20:32:23.403+0000] {logging_mixin.py:188} INFO - [2025-10-18T20:32:23.403+0000] {dag.py:3947} INFO - Setting next_dagrun for weather_pipeline to None, run_after=None
[2025-10-18T20:32:23.415+0000] {processor.py:183} INFO - Processing /opt/airflow/dags/weather_dag.py took 0.148 seconds
[2025-10-18T20:32:28.823+0000] {processor.py:161} INFO - Started process (PID=3366) to work on /opt/airflow/dags/weather_dag.py
[2025-10-18T20:32:28.824+0000] {processor.py:830} INFO - Processing file /opt/airflow/dags/weather_dag.py for tasks to queue
[2025-10-18T20:32:28.826+0000] {logging_mixin.py:188} INFO - [2025-10-18T20:32:28.826+0000] {dagbag.py:545} INFO - Filling up the DagBag from /opt/airflow/dags/weather_dag.py
[2025-10-18T20:32:28.842+0000] {processor.py:840} INFO - DAG(s) 'weather_pipeline' retrieved from /opt/airflow/dags/weather_dag.py
[2025-10-18T20:32:28.858+0000] {logging_mixin.py:188} INFO - [2025-10-18T20:32:28.857+0000] {dag.py:3089} INFO - Sync 1 DAGs
[2025-10-18T20:32:28.881+0000] {logging_mixin.py:188} INFO - [2025-10-18T20:32:28.881+0000] {dag.py:3947} INFO - Setting next_dagrun for weather_pipeline to None, run_after=None
[2025-10-18T20:32:28.892+0000] {processor.py:183} INFO - Processing /opt/airflow/dags/weather_dag.py took 0.082 seconds
[2025-10-18T20:32:53.904+0000] {processor.py:161} INFO - Started process (PID=3387) to work on /opt/airflow/dags/weather_dag.py
[2025-10-18T20:32:53.909+0000] {processor.py:830} INFO - Processing file /opt/airflow/dags/weather_dag.py for tasks to queue
[2025-10-18T20:32:53.911+0000] {logging_mixin.py:188} INFO - [2025-10-18T20:32:53.911+0000] {dagbag.py:545} INFO - Filling up the DagBag from /opt/airflow/dags/weather_dag.py
[2025-10-18T20:32:53.929+0000] {processor.py:840} INFO - DAG(s) 'weather_pipeline' retrieved from /opt/airflow/dags/weather_dag.py
[2025-10-18T20:32:53.965+0000] {logging_mixin.py:188} INFO - [2025-10-18T20:32:53.965+0000] {dag.py:3089} INFO - Sync 1 DAGs
[2025-10-18T20:32:53.984+0000] {logging_mixin.py:188} INFO - [2025-10-18T20:32:53.984+0000] {dag.py:3947} INFO - Setting next_dagrun for weather_pipeline to None, run_after=None
[2025-10-18T20:32:54.004+0000] {processor.py:183} INFO - Processing /opt/airflow/dags/weather_dag.py took 0.113 seconds
[2025-10-18T20:32:59.287+0000] {processor.py:161} INFO - Started process (PID=3406) to work on /opt/airflow/dags/weather_dag.py
[2025-10-18T20:32:59.288+0000] {processor.py:830} INFO - Processing file /opt/airflow/dags/weather_dag.py for tasks to queue
[2025-10-18T20:32:59.290+0000] {logging_mixin.py:188} INFO - [2025-10-18T20:32:59.290+0000] {dagbag.py:545} INFO - Filling up the DagBag from /opt/airflow/dags/weather_dag.py
[2025-10-18T20:32:59.300+0000] {processor.py:840} INFO - DAG(s) 'weather_pipeline' retrieved from /opt/airflow/dags/weather_dag.py
[2025-10-18T20:32:59.309+0000] {logging_mixin.py:188} INFO - [2025-10-18T20:32:59.309+0000] {dag.py:3089} INFO - Sync 1 DAGs
[2025-10-18T20:32:59.319+0000] {logging_mixin.py:188} INFO - [2025-10-18T20:32:59.319+0000] {dag.py:3947} INFO - Setting next_dagrun for weather_pipeline to None, run_after=None
[2025-10-18T20:32:59.327+0000] {processor.py:183} INFO - Processing /opt/airflow/dags/weather_dag.py took 0.046 seconds
[2025-10-18T20:33:24.777+0000] {processor.py:161} INFO - Started process (PID=3428) to work on /opt/airflow/dags/weather_dag.py
[2025-10-18T20:33:24.779+0000] {processor.py:830} INFO - Processing file /opt/airflow/dags/weather_dag.py for tasks to queue
[2025-10-18T20:33:24.787+0000] {logging_mixin.py:188} INFO - [2025-10-18T20:33:24.787+0000] {dagbag.py:545} INFO - Filling up the DagBag from /opt/airflow/dags/weather_dag.py
[2025-10-18T20:33:24.802+0000] {processor.py:840} INFO - DAG(s) 'weather_pipeline' retrieved from /opt/airflow/dags/weather_dag.py
[2025-10-18T20:33:24.889+0000] {logging_mixin.py:188} INFO - [2025-10-18T20:33:24.889+0000] {dag.py:3089} INFO - Sync 1 DAGs
[2025-10-18T20:33:24.894+0000] {logging_mixin.py:188} INFO - [2025-10-18T20:33:24.894+0000] {dag.py:3947} INFO - Setting next_dagrun for weather_pipeline to None, run_after=None
[2025-10-18T20:33:24.905+0000] {processor.py:183} INFO - Processing /opt/airflow/dags/weather_dag.py took 0.136 seconds
[2025-10-18T20:33:29.856+0000] {processor.py:161} INFO - Started process (PID=3447) to work on /opt/airflow/dags/weather_dag.py
[2025-10-18T20:33:29.861+0000] {processor.py:830} INFO - Processing file /opt/airflow/dags/weather_dag.py for tasks to queue
[2025-10-18T20:33:29.873+0000] {logging_mixin.py:188} INFO - [2025-10-18T20:33:29.873+0000] {dagbag.py:545} INFO - Filling up the DagBag from /opt/airflow/dags/weather_dag.py
[2025-10-18T20:33:29.881+0000] {processor.py:840} INFO - DAG(s) 'weather_pipeline' retrieved from /opt/airflow/dags/weather_dag.py
[2025-10-18T20:33:29.906+0000] {logging_mixin.py:188} INFO - [2025-10-18T20:33:29.906+0000] {dag.py:3089} INFO - Sync 1 DAGs
[2025-10-18T20:33:29.940+0000] {logging_mixin.py:188} INFO - [2025-10-18T20:33:29.940+0000] {dag.py:3947} INFO - Setting next_dagrun for weather_pipeline to None, run_after=None
[2025-10-18T20:33:29.953+0000] {processor.py:183} INFO - Processing /opt/airflow/dags/weather_dag.py took 0.120 seconds
[2025-10-18T20:33:55.313+0000] {processor.py:161} INFO - Started process (PID=3467) to work on /opt/airflow/dags/weather_dag.py
[2025-10-18T20:33:55.315+0000] {processor.py:830} INFO - Processing file /opt/airflow/dags/weather_dag.py for tasks to queue
[2025-10-18T20:33:55.321+0000] {logging_mixin.py:188} INFO - [2025-10-18T20:33:55.320+0000] {dagbag.py:545} INFO - Filling up the DagBag from /opt/airflow/dags/weather_dag.py
[2025-10-18T20:33:55.340+0000] {processor.py:840} INFO - DAG(s) 'weather_pipeline' retrieved from /opt/airflow/dags/weather_dag.py
[2025-10-18T20:33:55.385+0000] {logging_mixin.py:188} INFO - [2025-10-18T20:33:55.384+0000] {dag.py:3089} INFO - Sync 1 DAGs
[2025-10-18T20:33:55.404+0000] {logging_mixin.py:188} INFO - [2025-10-18T20:33:55.404+0000] {dag.py:3947} INFO - Setting next_dagrun for weather_pipeline to None, run_after=None
[2025-10-18T20:33:55.418+0000] {processor.py:183} INFO - Processing /opt/airflow/dags/weather_dag.py took 0.120 seconds
[2025-10-18T20:34:00.336+0000] {processor.py:161} INFO - Started process (PID=3487) to work on /opt/airflow/dags/weather_dag.py
[2025-10-18T20:34:00.337+0000] {processor.py:830} INFO - Processing file /opt/airflow/dags/weather_dag.py for tasks to queue
[2025-10-18T20:34:00.343+0000] {logging_mixin.py:188} INFO - [2025-10-18T20:34:00.343+0000] {dagbag.py:545} INFO - Filling up the DagBag from /opt/airflow/dags/weather_dag.py
[2025-10-18T20:34:00.356+0000] {processor.py:840} INFO - DAG(s) 'weather_pipeline' retrieved from /opt/airflow/dags/weather_dag.py
[2025-10-18T20:34:00.371+0000] {logging_mixin.py:188} INFO - [2025-10-18T20:34:00.371+0000] {dag.py:3089} INFO - Sync 1 DAGs
[2025-10-18T20:34:00.383+0000] {logging_mixin.py:188} INFO - [2025-10-18T20:34:00.383+0000] {dag.py:3947} INFO - Setting next_dagrun for weather_pipeline to None, run_after=None
[2025-10-18T20:34:00.395+0000] {processor.py:183} INFO - Processing /opt/airflow/dags/weather_dag.py took 0.067 seconds
[2025-10-18T20:34:25.779+0000] {processor.py:161} INFO - Started process (PID=3508) to work on /opt/airflow/dags/weather_dag.py
[2025-10-18T20:34:25.780+0000] {processor.py:830} INFO - Processing file /opt/airflow/dags/weather_dag.py for tasks to queue
[2025-10-18T20:34:25.783+0000] {logging_mixin.py:188} INFO - [2025-10-18T20:34:25.783+0000] {dagbag.py:545} INFO - Filling up the DagBag from /opt/airflow/dags/weather_dag.py
[2025-10-18T20:34:25.798+0000] {processor.py:840} INFO - DAG(s) 'weather_pipeline' retrieved from /opt/airflow/dags/weather_dag.py
[2025-10-18T20:34:25.873+0000] {logging_mixin.py:188} INFO - [2025-10-18T20:34:25.873+0000] {dag.py:3089} INFO - Sync 1 DAGs
[2025-10-18T20:34:25.878+0000] {logging_mixin.py:188} INFO - [2025-10-18T20:34:25.878+0000] {dag.py:3947} INFO - Setting next_dagrun for weather_pipeline to None, run_after=None
[2025-10-18T20:34:25.886+0000] {processor.py:183} INFO - Processing /opt/airflow/dags/weather_dag.py took 0.113 seconds
[2025-10-18T20:34:30.841+0000] {processor.py:161} INFO - Started process (PID=3528) to work on /opt/airflow/dags/weather_dag.py
[2025-10-18T20:34:30.842+0000] {processor.py:830} INFO - Processing file /opt/airflow/dags/weather_dag.py for tasks to queue
[2025-10-18T20:34:30.844+0000] {logging_mixin.py:188} INFO - [2025-10-18T20:34:30.844+0000] {dagbag.py:545} INFO - Filling up the DagBag from /opt/airflow/dags/weather_dag.py
[2025-10-18T20:34:30.855+0000] {processor.py:840} INFO - DAG(s) 'weather_pipeline' retrieved from /opt/airflow/dags/weather_dag.py
[2025-10-18T20:34:30.870+0000] {logging_mixin.py:188} INFO - [2025-10-18T20:34:30.869+0000] {dag.py:3089} INFO - Sync 1 DAGs
[2025-10-18T20:34:30.885+0000] {logging_mixin.py:188} INFO - [2025-10-18T20:34:30.885+0000] {dag.py:3947} INFO - Setting next_dagrun for weather_pipeline to None, run_after=None
[2025-10-18T20:34:30.895+0000] {processor.py:183} INFO - Processing /opt/airflow/dags/weather_dag.py took 0.058 seconds
[2025-10-18T20:34:56.331+0000] {processor.py:161} INFO - Started process (PID=3547) to work on /opt/airflow/dags/weather_dag.py
[2025-10-18T20:34:56.332+0000] {processor.py:830} INFO - Processing file /opt/airflow/dags/weather_dag.py for tasks to queue
[2025-10-18T20:34:56.334+0000] {logging_mixin.py:188} INFO - [2025-10-18T20:34:56.334+0000] {dagbag.py:545} INFO - Filling up the DagBag from /opt/airflow/dags/weather_dag.py
[2025-10-18T20:34:56.353+0000] {processor.py:840} INFO - DAG(s) 'weather_pipeline' retrieved from /opt/airflow/dags/weather_dag.py
[2025-10-18T20:34:56.384+0000] {logging_mixin.py:188} INFO - [2025-10-18T20:34:56.383+0000] {dag.py:3089} INFO - Sync 1 DAGs
[2025-10-18T20:34:56.398+0000] {logging_mixin.py:188} INFO - [2025-10-18T20:34:56.398+0000] {dag.py:3947} INFO - Setting next_dagrun for weather_pipeline to None, run_after=None
[2025-10-18T20:34:56.409+0000] {processor.py:183} INFO - Processing /opt/airflow/dags/weather_dag.py took 0.086 seconds
[2025-10-18T20:35:01.300+0000] {processor.py:161} INFO - Started process (PID=3567) to work on /opt/airflow/dags/weather_dag.py
[2025-10-18T20:35:01.301+0000] {processor.py:830} INFO - Processing file /opt/airflow/dags/weather_dag.py for tasks to queue
[2025-10-18T20:35:01.303+0000] {logging_mixin.py:188} INFO - [2025-10-18T20:35:01.303+0000] {dagbag.py:545} INFO - Filling up the DagBag from /opt/airflow/dags/weather_dag.py
[2025-10-18T20:35:01.313+0000] {processor.py:840} INFO - DAG(s) 'weather_pipeline' retrieved from /opt/airflow/dags/weather_dag.py
[2025-10-18T20:35:01.325+0000] {logging_mixin.py:188} INFO - [2025-10-18T20:35:01.325+0000] {dag.py:3089} INFO - Sync 1 DAGs
[2025-10-18T20:35:01.332+0000] {logging_mixin.py:188} INFO - [2025-10-18T20:35:01.332+0000] {dag.py:3947} INFO - Setting next_dagrun for weather_pipeline to None, run_after=None
[2025-10-18T20:35:01.343+0000] {processor.py:183} INFO - Processing /opt/airflow/dags/weather_dag.py took 0.049 seconds
[2025-10-18T20:35:26.810+0000] {processor.py:161} INFO - Started process (PID=3587) to work on /opt/airflow/dags/weather_dag.py
[2025-10-18T20:35:26.811+0000] {processor.py:830} INFO - Processing file /opt/airflow/dags/weather_dag.py for tasks to queue
[2025-10-18T20:35:26.814+0000] {logging_mixin.py:188} INFO - [2025-10-18T20:35:26.813+0000] {dagbag.py:545} INFO - Filling up the DagBag from /opt/airflow/dags/weather_dag.py
[2025-10-18T20:35:26.828+0000] {processor.py:840} INFO - DAG(s) 'weather_pipeline' retrieved from /opt/airflow/dags/weather_dag.py
[2025-10-18T20:35:26.917+0000] {logging_mixin.py:188} INFO - [2025-10-18T20:35:26.917+0000] {dag.py:3089} INFO - Sync 1 DAGs
[2025-10-18T20:35:26.922+0000] {logging_mixin.py:188} INFO - [2025-10-18T20:35:26.922+0000] {dag.py:3947} INFO - Setting next_dagrun for weather_pipeline to None, run_after=None
[2025-10-18T20:35:26.935+0000] {processor.py:183} INFO - Processing /opt/airflow/dags/weather_dag.py took 0.135 seconds
[2025-10-18T20:35:31.768+0000] {processor.py:161} INFO - Started process (PID=3607) to work on /opt/airflow/dags/weather_dag.py
[2025-10-18T20:35:31.768+0000] {processor.py:830} INFO - Processing file /opt/airflow/dags/weather_dag.py for tasks to queue
[2025-10-18T20:35:31.771+0000] {logging_mixin.py:188} INFO - [2025-10-18T20:35:31.770+0000] {dagbag.py:545} INFO - Filling up the DagBag from /opt/airflow/dags/weather_dag.py
[2025-10-18T20:35:31.781+0000] {processor.py:840} INFO - DAG(s) 'weather_pipeline' retrieved from /opt/airflow/dags/weather_dag.py
[2025-10-18T20:35:31.790+0000] {logging_mixin.py:188} INFO - [2025-10-18T20:35:31.790+0000] {dag.py:3089} INFO - Sync 1 DAGs
[2025-10-18T20:35:31.797+0000] {logging_mixin.py:188} INFO - [2025-10-18T20:35:31.797+0000] {dag.py:3947} INFO - Setting next_dagrun for weather_pipeline to None, run_after=None
[2025-10-18T20:35:31.805+0000] {processor.py:183} INFO - Processing /opt/airflow/dags/weather_dag.py took 0.043 seconds
[2025-10-18T20:35:57.321+0000] {processor.py:161} INFO - Started process (PID=3627) to work on /opt/airflow/dags/weather_dag.py
[2025-10-18T20:35:57.322+0000] {processor.py:830} INFO - Processing file /opt/airflow/dags/weather_dag.py for tasks to queue
[2025-10-18T20:35:57.324+0000] {logging_mixin.py:188} INFO - [2025-10-18T20:35:57.324+0000] {dagbag.py:545} INFO - Filling up the DagBag from /opt/airflow/dags/weather_dag.py
[2025-10-18T20:35:57.340+0000] {processor.py:840} INFO - DAG(s) 'weather_pipeline' retrieved from /opt/airflow/dags/weather_dag.py
[2025-10-18T20:35:57.374+0000] {logging_mixin.py:188} INFO - [2025-10-18T20:35:57.374+0000] {dag.py:3089} INFO - Sync 1 DAGs
[2025-10-18T20:35:57.383+0000] {logging_mixin.py:188} INFO - [2025-10-18T20:35:57.383+0000] {dag.py:3947} INFO - Setting next_dagrun for weather_pipeline to None, run_after=None
[2025-10-18T20:35:57.395+0000] {processor.py:183} INFO - Processing /opt/airflow/dags/weather_dag.py took 0.082 seconds
[2025-10-18T20:36:02.123+0000] {processor.py:161} INFO - Started process (PID=3648) to work on /opt/airflow/dags/weather_dag.py
[2025-10-18T20:36:02.124+0000] {processor.py:830} INFO - Processing file /opt/airflow/dags/weather_dag.py for tasks to queue
[2025-10-18T20:36:02.126+0000] {logging_mixin.py:188} INFO - [2025-10-18T20:36:02.126+0000] {dagbag.py:545} INFO - Filling up the DagBag from /opt/airflow/dags/weather_dag.py
[2025-10-18T20:36:02.133+0000] {processor.py:840} INFO - DAG(s) 'weather_pipeline' retrieved from /opt/airflow/dags/weather_dag.py
[2025-10-18T20:36:02.144+0000] {logging_mixin.py:188} INFO - [2025-10-18T20:36:02.144+0000] {dag.py:3089} INFO - Sync 1 DAGs
[2025-10-18T20:36:02.163+0000] {logging_mixin.py:188} INFO - [2025-10-18T20:36:02.163+0000] {dag.py:3947} INFO - Setting next_dagrun for weather_pipeline to None, run_after=None
[2025-10-18T20:36:02.172+0000] {processor.py:183} INFO - Processing /opt/airflow/dags/weather_dag.py took 0.054 seconds
[2025-10-18T20:36:27.846+0000] {processor.py:161} INFO - Started process (PID=3668) to work on /opt/airflow/dags/weather_dag.py
[2025-10-18T20:36:27.848+0000] {processor.py:830} INFO - Processing file /opt/airflow/dags/weather_dag.py for tasks to queue
[2025-10-18T20:36:27.850+0000] {logging_mixin.py:188} INFO - [2025-10-18T20:36:27.850+0000] {dagbag.py:545} INFO - Filling up the DagBag from /opt/airflow/dags/weather_dag.py
[2025-10-18T20:36:27.863+0000] {processor.py:840} INFO - DAG(s) 'weather_pipeline' retrieved from /opt/airflow/dags/weather_dag.py
[2025-10-18T20:36:27.943+0000] {logging_mixin.py:188} INFO - [2025-10-18T20:36:27.943+0000] {dag.py:3089} INFO - Sync 1 DAGs
[2025-10-18T20:36:27.948+0000] {logging_mixin.py:188} INFO - [2025-10-18T20:36:27.948+0000] {dag.py:3947} INFO - Setting next_dagrun for weather_pipeline to None, run_after=None
[2025-10-18T20:36:27.960+0000] {processor.py:183} INFO - Processing /opt/airflow/dags/weather_dag.py took 0.120 seconds
[2025-10-18T20:36:32.618+0000] {processor.py:161} INFO - Started process (PID=3687) to work on /opt/airflow/dags/weather_dag.py
[2025-10-18T20:36:32.619+0000] {processor.py:830} INFO - Processing file /opt/airflow/dags/weather_dag.py for tasks to queue
[2025-10-18T20:36:32.622+0000] {logging_mixin.py:188} INFO - [2025-10-18T20:36:32.621+0000] {dagbag.py:545} INFO - Filling up the DagBag from /opt/airflow/dags/weather_dag.py
[2025-10-18T20:36:32.635+0000] {processor.py:840} INFO - DAG(s) 'weather_pipeline' retrieved from /opt/airflow/dags/weather_dag.py
[2025-10-18T20:36:32.649+0000] {logging_mixin.py:188} INFO - [2025-10-18T20:36:32.649+0000] {dag.py:3089} INFO - Sync 1 DAGs
[2025-10-18T20:36:32.666+0000] {logging_mixin.py:188} INFO - [2025-10-18T20:36:32.666+0000] {dag.py:3947} INFO - Setting next_dagrun for weather_pipeline to None, run_after=None
[2025-10-18T20:36:32.677+0000] {processor.py:183} INFO - Processing /opt/airflow/dags/weather_dag.py took 0.064 seconds
[2025-10-18T20:36:58.381+0000] {processor.py:161} INFO - Started process (PID=3707) to work on /opt/airflow/dags/weather_dag.py
[2025-10-18T20:36:58.384+0000] {processor.py:830} INFO - Processing file /opt/airflow/dags/weather_dag.py for tasks to queue
[2025-10-18T20:36:58.390+0000] {logging_mixin.py:188} INFO - [2025-10-18T20:36:58.390+0000] {dagbag.py:545} INFO - Filling up the DagBag from /opt/airflow/dags/weather_dag.py
[2025-10-18T20:36:58.409+0000] {processor.py:840} INFO - DAG(s) 'weather_pipeline' retrieved from /opt/airflow/dags/weather_dag.py
[2025-10-18T20:36:58.441+0000] {logging_mixin.py:188} INFO - [2025-10-18T20:36:58.441+0000] {dag.py:3089} INFO - Sync 1 DAGs
[2025-10-18T20:36:58.457+0000] {logging_mixin.py:188} INFO - [2025-10-18T20:36:58.456+0000] {dag.py:3947} INFO - Setting next_dagrun for weather_pipeline to None, run_after=None
[2025-10-18T20:36:58.479+0000] {processor.py:183} INFO - Processing /opt/airflow/dags/weather_dag.py took 0.107 seconds
[2025-10-18T20:37:03.066+0000] {processor.py:161} INFO - Started process (PID=3727) to work on /opt/airflow/dags/weather_dag.py
[2025-10-18T20:37:03.066+0000] {processor.py:830} INFO - Processing file /opt/airflow/dags/weather_dag.py for tasks to queue
[2025-10-18T20:37:03.068+0000] {logging_mixin.py:188} INFO - [2025-10-18T20:37:03.068+0000] {dagbag.py:545} INFO - Filling up the DagBag from /opt/airflow/dags/weather_dag.py
[2025-10-18T20:37:03.081+0000] {processor.py:840} INFO - DAG(s) 'weather_pipeline' retrieved from /opt/airflow/dags/weather_dag.py
[2025-10-18T20:37:03.090+0000] {logging_mixin.py:188} INFO - [2025-10-18T20:37:03.090+0000] {dag.py:3089} INFO - Sync 1 DAGs
[2025-10-18T20:37:03.110+0000] {logging_mixin.py:188} INFO - [2025-10-18T20:37:03.109+0000] {dag.py:3947} INFO - Setting next_dagrun for weather_pipeline to None, run_after=None
[2025-10-18T20:37:03.121+0000] {processor.py:183} INFO - Processing /opt/airflow/dags/weather_dag.py took 0.060 seconds
[2025-10-18T20:37:29.107+0000] {processor.py:161} INFO - Started process (PID=3747) to work on /opt/airflow/dags/weather_dag.py
[2025-10-18T20:37:29.109+0000] {processor.py:830} INFO - Processing file /opt/airflow/dags/weather_dag.py for tasks to queue
[2025-10-18T20:37:29.111+0000] {logging_mixin.py:188} INFO - [2025-10-18T20:37:29.111+0000] {dagbag.py:545} INFO - Filling up the DagBag from /opt/airflow/dags/weather_dag.py
[2025-10-18T20:37:29.125+0000] {processor.py:840} INFO - DAG(s) 'weather_pipeline' retrieved from /opt/airflow/dags/weather_dag.py
[2025-10-18T20:37:29.215+0000] {logging_mixin.py:188} INFO - [2025-10-18T20:37:29.215+0000] {dag.py:3089} INFO - Sync 1 DAGs
[2025-10-18T20:37:29.220+0000] {logging_mixin.py:188} INFO - [2025-10-18T20:37:29.220+0000] {dag.py:3947} INFO - Setting next_dagrun for weather_pipeline to None, run_after=None
[2025-10-18T20:37:29.237+0000] {processor.py:183} INFO - Processing /opt/airflow/dags/weather_dag.py took 0.137 seconds
[2025-10-18T20:37:33.527+0000] {processor.py:161} INFO - Started process (PID=3767) to work on /opt/airflow/dags/weather_dag.py
[2025-10-18T20:37:33.528+0000] {processor.py:830} INFO - Processing file /opt/airflow/dags/weather_dag.py for tasks to queue
[2025-10-18T20:37:33.530+0000] {logging_mixin.py:188} INFO - [2025-10-18T20:37:33.529+0000] {dagbag.py:545} INFO - Filling up the DagBag from /opt/airflow/dags/weather_dag.py
[2025-10-18T20:37:33.546+0000] {processor.py:840} INFO - DAG(s) 'weather_pipeline' retrieved from /opt/airflow/dags/weather_dag.py
[2025-10-18T20:37:33.555+0000] {logging_mixin.py:188} INFO - [2025-10-18T20:37:33.555+0000] {dag.py:3089} INFO - Sync 1 DAGs
[2025-10-18T20:37:33.562+0000] {logging_mixin.py:188} INFO - [2025-10-18T20:37:33.562+0000] {dag.py:3947} INFO - Setting next_dagrun for weather_pipeline to None, run_after=None
[2025-10-18T20:37:33.574+0000] {processor.py:183} INFO - Processing /opt/airflow/dags/weather_dag.py took 0.057 seconds
[2025-10-18T20:37:59.583+0000] {processor.py:161} INFO - Started process (PID=3787) to work on /opt/airflow/dags/weather_dag.py
[2025-10-18T20:37:59.585+0000] {processor.py:830} INFO - Processing file /opt/airflow/dags/weather_dag.py for tasks to queue
[2025-10-18T20:37:59.588+0000] {logging_mixin.py:188} INFO - [2025-10-18T20:37:59.587+0000] {dagbag.py:545} INFO - Filling up the DagBag from /opt/airflow/dags/weather_dag.py
[2025-10-18T20:37:59.637+0000] {processor.py:840} INFO - DAG(s) 'weather_pipeline' retrieved from /opt/airflow/dags/weather_dag.py
[2025-10-18T20:37:59.687+0000] {logging_mixin.py:188} INFO - [2025-10-18T20:37:59.687+0000] {dag.py:3089} INFO - Sync 1 DAGs
[2025-10-18T20:37:59.700+0000] {logging_mixin.py:188} INFO - [2025-10-18T20:37:59.700+0000] {dag.py:3947} INFO - Setting next_dagrun for weather_pipeline to None, run_after=None
[2025-10-18T20:37:59.718+0000] {processor.py:183} INFO - Processing /opt/airflow/dags/weather_dag.py took 0.141 seconds
[2025-10-18T20:38:04.076+0000] {processor.py:161} INFO - Started process (PID=3807) to work on /opt/airflow/dags/weather_dag.py
[2025-10-18T20:38:04.077+0000] {processor.py:830} INFO - Processing file /opt/airflow/dags/weather_dag.py for tasks to queue
[2025-10-18T20:38:04.078+0000] {logging_mixin.py:188} INFO - [2025-10-18T20:38:04.078+0000] {dagbag.py:545} INFO - Filling up the DagBag from /opt/airflow/dags/weather_dag.py
[2025-10-18T20:38:04.090+0000] {processor.py:840} INFO - DAG(s) 'weather_pipeline' retrieved from /opt/airflow/dags/weather_dag.py
[2025-10-18T20:38:04.100+0000] {logging_mixin.py:188} INFO - [2025-10-18T20:38:04.100+0000] {dag.py:3089} INFO - Sync 1 DAGs
[2025-10-18T20:38:04.111+0000] {logging_mixin.py:188} INFO - [2025-10-18T20:38:04.111+0000] {dag.py:3947} INFO - Setting next_dagrun for weather_pipeline to None, run_after=None
[2025-10-18T20:38:04.120+0000] {processor.py:183} INFO - Processing /opt/airflow/dags/weather_dag.py took 0.052 seconds
[2025-10-18T20:38:30.136+0000] {processor.py:161} INFO - Started process (PID=3828) to work on /opt/airflow/dags/weather_dag.py
[2025-10-18T20:38:30.138+0000] {processor.py:830} INFO - Processing file /opt/airflow/dags/weather_dag.py for tasks to queue
[2025-10-18T20:38:30.141+0000] {logging_mixin.py:188} INFO - [2025-10-18T20:38:30.141+0000] {dagbag.py:545} INFO - Filling up the DagBag from /opt/airflow/dags/weather_dag.py
[2025-10-18T20:38:30.157+0000] {processor.py:840} INFO - DAG(s) 'weather_pipeline' retrieved from /opt/airflow/dags/weather_dag.py
[2025-10-18T20:38:30.239+0000] {logging_mixin.py:188} INFO - [2025-10-18T20:38:30.239+0000] {dag.py:3089} INFO - Sync 1 DAGs
[2025-10-18T20:38:30.244+0000] {logging_mixin.py:188} INFO - [2025-10-18T20:38:30.244+0000] {dag.py:3947} INFO - Setting next_dagrun for weather_pipeline to None, run_after=None
[2025-10-18T20:38:30.253+0000] {processor.py:183} INFO - Processing /opt/airflow/dags/weather_dag.py took 0.128 seconds
[2025-10-18T20:38:34.508+0000] {processor.py:161} INFO - Started process (PID=3847) to work on /opt/airflow/dags/weather_dag.py
[2025-10-18T20:38:34.509+0000] {processor.py:830} INFO - Processing file /opt/airflow/dags/weather_dag.py for tasks to queue
[2025-10-18T20:38:34.514+0000] {logging_mixin.py:188} INFO - [2025-10-18T20:38:34.513+0000] {dagbag.py:545} INFO - Filling up the DagBag from /opt/airflow/dags/weather_dag.py
[2025-10-18T20:38:34.525+0000] {processor.py:840} INFO - DAG(s) 'weather_pipeline' retrieved from /opt/airflow/dags/weather_dag.py
[2025-10-18T20:38:34.541+0000] {logging_mixin.py:188} INFO - [2025-10-18T20:38:34.541+0000] {dag.py:3089} INFO - Sync 1 DAGs
[2025-10-18T20:38:34.564+0000] {logging_mixin.py:188} INFO - [2025-10-18T20:38:34.564+0000] {dag.py:3947} INFO - Setting next_dagrun for weather_pipeline to None, run_after=None
[2025-10-18T20:38:34.576+0000] {processor.py:183} INFO - Processing /opt/airflow/dags/weather_dag.py took 0.076 seconds
[2025-10-18T20:39:00.676+0000] {processor.py:161} INFO - Started process (PID=3868) to work on /opt/airflow/dags/weather_dag.py
[2025-10-18T20:39:00.678+0000] {processor.py:830} INFO - Processing file /opt/airflow/dags/weather_dag.py for tasks to queue
[2025-10-18T20:39:00.681+0000] {logging_mixin.py:188} INFO - [2025-10-18T20:39:00.681+0000] {dagbag.py:545} INFO - Filling up the DagBag from /opt/airflow/dags/weather_dag.py
[2025-10-18T20:39:00.700+0000] {processor.py:840} INFO - DAG(s) 'weather_pipeline' retrieved from /opt/airflow/dags/weather_dag.py
[2025-10-18T20:39:00.731+0000] {logging_mixin.py:188} INFO - [2025-10-18T20:39:00.730+0000] {dag.py:3089} INFO - Sync 1 DAGs
[2025-10-18T20:39:00.741+0000] {logging_mixin.py:188} INFO - [2025-10-18T20:39:00.741+0000] {dag.py:3947} INFO - Setting next_dagrun for weather_pipeline to None, run_after=None
[2025-10-18T20:39:00.751+0000] {processor.py:183} INFO - Processing /opt/airflow/dags/weather_dag.py took 0.081 seconds
[2025-10-18T20:39:04.929+0000] {processor.py:161} INFO - Started process (PID=3887) to work on /opt/airflow/dags/weather_dag.py
[2025-10-18T20:39:04.930+0000] {processor.py:830} INFO - Processing file /opt/airflow/dags/weather_dag.py for tasks to queue
[2025-10-18T20:39:04.933+0000] {logging_mixin.py:188} INFO - [2025-10-18T20:39:04.932+0000] {dagbag.py:545} INFO - Filling up the DagBag from /opt/airflow/dags/weather_dag.py
[2025-10-18T20:39:04.944+0000] {processor.py:840} INFO - DAG(s) 'weather_pipeline' retrieved from /opt/airflow/dags/weather_dag.py
[2025-10-18T20:39:04.953+0000] {logging_mixin.py:188} INFO - [2025-10-18T20:39:04.953+0000] {dag.py:3089} INFO - Sync 1 DAGs
[2025-10-18T20:39:04.974+0000] {logging_mixin.py:188} INFO - [2025-10-18T20:39:04.974+0000] {dag.py:3947} INFO - Setting next_dagrun for weather_pipeline to None, run_after=None
[2025-10-18T20:39:04.985+0000] {processor.py:183} INFO - Processing /opt/airflow/dags/weather_dag.py took 0.061 seconds
[2025-10-18T20:39:31.154+0000] {processor.py:161} INFO - Started process (PID=3908) to work on /opt/airflow/dags/weather_dag.py
[2025-10-18T20:39:31.156+0000] {processor.py:830} INFO - Processing file /opt/airflow/dags/weather_dag.py for tasks to queue
[2025-10-18T20:39:31.163+0000] {logging_mixin.py:188} INFO - [2025-10-18T20:39:31.162+0000] {dagbag.py:545} INFO - Filling up the DagBag from /opt/airflow/dags/weather_dag.py
[2025-10-18T20:39:31.205+0000] {processor.py:840} INFO - DAG(s) 'weather_pipeline' retrieved from /opt/airflow/dags/weather_dag.py
[2025-10-18T20:39:31.305+0000] {logging_mixin.py:188} INFO - [2025-10-18T20:39:31.305+0000] {dag.py:3089} INFO - Sync 1 DAGs
[2025-10-18T20:39:31.310+0000] {logging_mixin.py:188} INFO - [2025-10-18T20:39:31.310+0000] {dag.py:3947} INFO - Setting next_dagrun for weather_pipeline to None, run_after=None
[2025-10-18T20:39:31.322+0000] {processor.py:183} INFO - Processing /opt/airflow/dags/weather_dag.py took 0.176 seconds
[2025-10-18T20:39:35.566+0000] {processor.py:161} INFO - Started process (PID=3927) to work on /opt/airflow/dags/weather_dag.py
[2025-10-18T20:39:35.567+0000] {processor.py:830} INFO - Processing file /opt/airflow/dags/weather_dag.py for tasks to queue
[2025-10-18T20:39:35.570+0000] {logging_mixin.py:188} INFO - [2025-10-18T20:39:35.570+0000] {dagbag.py:545} INFO - Filling up the DagBag from /opt/airflow/dags/weather_dag.py
[2025-10-18T20:39:35.591+0000] {processor.py:840} INFO - DAG(s) 'weather_pipeline' retrieved from /opt/airflow/dags/weather_dag.py
[2025-10-18T20:39:35.612+0000] {logging_mixin.py:188} INFO - [2025-10-18T20:39:35.612+0000] {dag.py:3089} INFO - Sync 1 DAGs
[2025-10-18T20:39:35.625+0000] {logging_mixin.py:188} INFO - [2025-10-18T20:39:35.625+0000] {dag.py:3947} INFO - Setting next_dagrun for weather_pipeline to None, run_after=None
[2025-10-18T20:39:35.635+0000] {processor.py:183} INFO - Processing /opt/airflow/dags/weather_dag.py took 0.080 seconds
[2025-10-18T20:40:01.903+0000] {processor.py:161} INFO - Started process (PID=3947) to work on /opt/airflow/dags/weather_dag.py
[2025-10-18T20:40:01.907+0000] {processor.py:830} INFO - Processing file /opt/airflow/dags/weather_dag.py for tasks to queue
[2025-10-18T20:40:01.912+0000] {logging_mixin.py:188} INFO - [2025-10-18T20:40:01.912+0000] {dagbag.py:545} INFO - Filling up the DagBag from /opt/airflow/dags/weather_dag.py
[2025-10-18T20:40:01.930+0000] {processor.py:840} INFO - DAG(s) 'weather_pipeline' retrieved from /opt/airflow/dags/weather_dag.py
[2025-10-18T20:40:01.974+0000] {logging_mixin.py:188} INFO - [2025-10-18T20:40:01.973+0000] {dag.py:3089} INFO - Sync 1 DAGs
[2025-10-18T20:40:01.984+0000] {logging_mixin.py:188} INFO - [2025-10-18T20:40:01.984+0000] {dag.py:3947} INFO - Setting next_dagrun for weather_pipeline to None, run_after=None
[2025-10-18T20:40:01.997+0000] {processor.py:183} INFO - Processing /opt/airflow/dags/weather_dag.py took 0.105 seconds
[2025-10-18T20:40:06.080+0000] {processor.py:161} INFO - Started process (PID=3967) to work on /opt/airflow/dags/weather_dag.py
[2025-10-18T20:40:06.081+0000] {processor.py:830} INFO - Processing file /opt/airflow/dags/weather_dag.py for tasks to queue
[2025-10-18T20:40:06.083+0000] {logging_mixin.py:188} INFO - [2025-10-18T20:40:06.083+0000] {dagbag.py:545} INFO - Filling up the DagBag from /opt/airflow/dags/weather_dag.py
[2025-10-18T20:40:06.093+0000] {processor.py:840} INFO - DAG(s) 'weather_pipeline' retrieved from /opt/airflow/dags/weather_dag.py
[2025-10-18T20:40:06.104+0000] {logging_mixin.py:188} INFO - [2025-10-18T20:40:06.104+0000] {dag.py:3089} INFO - Sync 1 DAGs
[2025-10-18T20:40:06.120+0000] {logging_mixin.py:188} INFO - [2025-10-18T20:40:06.120+0000] {dag.py:3947} INFO - Setting next_dagrun for weather_pipeline to None, run_after=None
[2025-10-18T20:40:06.129+0000] {processor.py:183} INFO - Processing /opt/airflow/dags/weather_dag.py took 0.054 seconds
[2025-10-18T20:40:32.345+0000] {processor.py:161} INFO - Started process (PID=3987) to work on /opt/airflow/dags/weather_dag.py
[2025-10-18T20:40:32.347+0000] {processor.py:830} INFO - Processing file /opt/airflow/dags/weather_dag.py for tasks to queue
[2025-10-18T20:40:32.350+0000] {logging_mixin.py:188} INFO - [2025-10-18T20:40:32.350+0000] {dagbag.py:545} INFO - Filling up the DagBag from /opt/airflow/dags/weather_dag.py
[2025-10-18T20:40:32.362+0000] {processor.py:840} INFO - DAG(s) 'weather_pipeline' retrieved from /opt/airflow/dags/weather_dag.py
[2025-10-18T20:40:32.467+0000] {logging_mixin.py:188} INFO - [2025-10-18T20:40:32.467+0000] {dag.py:3089} INFO - Sync 1 DAGs
[2025-10-18T20:40:32.471+0000] {logging_mixin.py:188} INFO - [2025-10-18T20:40:32.471+0000] {dag.py:3947} INFO - Setting next_dagrun for weather_pipeline to None, run_after=None
[2025-10-18T20:40:32.482+0000] {processor.py:183} INFO - Processing /opt/airflow/dags/weather_dag.py took 0.143 seconds
[2025-10-18T20:40:36.552+0000] {processor.py:161} INFO - Started process (PID=4006) to work on /opt/airflow/dags/weather_dag.py
[2025-10-18T20:40:36.553+0000] {processor.py:830} INFO - Processing file /opt/airflow/dags/weather_dag.py for tasks to queue
[2025-10-18T20:40:36.556+0000] {logging_mixin.py:188} INFO - [2025-10-18T20:40:36.556+0000] {dagbag.py:545} INFO - Filling up the DagBag from /opt/airflow/dags/weather_dag.py
[2025-10-18T20:40:36.565+0000] {processor.py:840} INFO - DAG(s) 'weather_pipeline' retrieved from /opt/airflow/dags/weather_dag.py
[2025-10-18T20:40:36.574+0000] {logging_mixin.py:188} INFO - [2025-10-18T20:40:36.574+0000] {dag.py:3089} INFO - Sync 1 DAGs
[2025-10-18T20:40:36.583+0000] {logging_mixin.py:188} INFO - [2025-10-18T20:40:36.582+0000] {dag.py:3947} INFO - Setting next_dagrun for weather_pipeline to None, run_after=None
[2025-10-18T20:40:36.590+0000] {processor.py:183} INFO - Processing /opt/airflow/dags/weather_dag.py took 0.047 seconds
[2025-10-18T20:41:02.927+0000] {processor.py:161} INFO - Started process (PID=4027) to work on /opt/airflow/dags/weather_dag.py
[2025-10-18T20:41:02.930+0000] {processor.py:830} INFO - Processing file /opt/airflow/dags/weather_dag.py for tasks to queue
[2025-10-18T20:41:02.931+0000] {logging_mixin.py:188} INFO - [2025-10-18T20:41:02.931+0000] {dagbag.py:545} INFO - Filling up the DagBag from /opt/airflow/dags/weather_dag.py
[2025-10-18T20:41:02.956+0000] {processor.py:840} INFO - DAG(s) 'weather_pipeline' retrieved from /opt/airflow/dags/weather_dag.py
[2025-10-18T20:41:02.998+0000] {logging_mixin.py:188} INFO - [2025-10-18T20:41:02.998+0000] {dag.py:3089} INFO - Sync 1 DAGs
[2025-10-18T20:41:03.010+0000] {logging_mixin.py:188} INFO - [2025-10-18T20:41:03.010+0000] {dag.py:3947} INFO - Setting next_dagrun for weather_pipeline to None, run_after=None
[2025-10-18T20:41:03.024+0000] {processor.py:183} INFO - Processing /opt/airflow/dags/weather_dag.py took 0.108 seconds
[2025-10-18T20:41:07.043+0000] {processor.py:161} INFO - Started process (PID=4047) to work on /opt/airflow/dags/weather_dag.py
[2025-10-18T20:41:07.044+0000] {processor.py:830} INFO - Processing file /opt/airflow/dags/weather_dag.py for tasks to queue
[2025-10-18T20:41:07.047+0000] {logging_mixin.py:188} INFO - [2025-10-18T20:41:07.047+0000] {dagbag.py:545} INFO - Filling up the DagBag from /opt/airflow/dags/weather_dag.py
[2025-10-18T20:41:07.062+0000] {processor.py:840} INFO - DAG(s) 'weather_pipeline' retrieved from /opt/airflow/dags/weather_dag.py
[2025-10-18T20:41:07.076+0000] {logging_mixin.py:188} INFO - [2025-10-18T20:41:07.076+0000] {dag.py:3089} INFO - Sync 1 DAGs
[2025-10-18T20:41:07.086+0000] {logging_mixin.py:188} INFO - [2025-10-18T20:41:07.086+0000] {dag.py:3947} INFO - Setting next_dagrun for weather_pipeline to None, run_after=None
[2025-10-18T20:41:07.095+0000] {processor.py:183} INFO - Processing /opt/airflow/dags/weather_dag.py took 0.058 seconds
[2025-10-18T20:41:33.543+0000] {processor.py:161} INFO - Started process (PID=4075) to work on /opt/airflow/dags/weather_dag.py
[2025-10-18T20:41:33.547+0000] {processor.py:830} INFO - Processing file /opt/airflow/dags/weather_dag.py for tasks to queue
[2025-10-18T20:41:33.552+0000] {logging_mixin.py:188} INFO - [2025-10-18T20:41:33.551+0000] {dagbag.py:545} INFO - Filling up the DagBag from /opt/airflow/dags/weather_dag.py
[2025-10-18T20:41:33.570+0000] {processor.py:840} INFO - DAG(s) 'weather_pipeline' retrieved from /opt/airflow/dags/weather_dag.py
[2025-10-18T20:41:33.659+0000] {logging_mixin.py:188} INFO - [2025-10-18T20:41:33.658+0000] {dag.py:3089} INFO - Sync 1 DAGs
[2025-10-18T20:41:33.667+0000] {logging_mixin.py:188} INFO - [2025-10-18T20:41:33.667+0000] {dag.py:3947} INFO - Setting next_dagrun for weather_pipeline to None, run_after=None
[2025-10-18T20:41:33.680+0000] {processor.py:183} INFO - Processing /opt/airflow/dags/weather_dag.py took 0.145 seconds
[2025-10-18T20:41:37.573+0000] {processor.py:161} INFO - Started process (PID=4090) to work on /opt/airflow/dags/weather_dag.py
[2025-10-18T20:41:37.574+0000] {processor.py:830} INFO - Processing file /opt/airflow/dags/weather_dag.py for tasks to queue
[2025-10-18T20:41:37.577+0000] {logging_mixin.py:188} INFO - [2025-10-18T20:41:37.576+0000] {dagbag.py:545} INFO - Filling up the DagBag from /opt/airflow/dags/weather_dag.py
[2025-10-18T20:41:37.598+0000] {processor.py:840} INFO - DAG(s) 'weather_pipeline' retrieved from /opt/airflow/dags/weather_dag.py
[2025-10-18T20:41:37.619+0000] {logging_mixin.py:188} INFO - [2025-10-18T20:41:37.619+0000] {dag.py:3089} INFO - Sync 1 DAGs
[2025-10-18T20:41:37.634+0000] {logging_mixin.py:188} INFO - [2025-10-18T20:41:37.633+0000] {dag.py:3947} INFO - Setting next_dagrun for weather_pipeline to None, run_after=None
[2025-10-18T20:41:37.646+0000] {processor.py:183} INFO - Processing /opt/airflow/dags/weather_dag.py took 0.087 seconds
[2025-10-18T20:42:04.203+0000] {processor.py:161} INFO - Started process (PID=4115) to work on /opt/airflow/dags/weather_dag.py
[2025-10-18T20:42:04.207+0000] {processor.py:830} INFO - Processing file /opt/airflow/dags/weather_dag.py for tasks to queue
[2025-10-18T20:42:04.209+0000] {logging_mixin.py:188} INFO - [2025-10-18T20:42:04.209+0000] {dagbag.py:545} INFO - Filling up the DagBag from /opt/airflow/dags/weather_dag.py
[2025-10-18T20:42:04.227+0000] {processor.py:840} INFO - DAG(s) 'weather_pipeline' retrieved from /opt/airflow/dags/weather_dag.py
[2025-10-18T20:42:04.264+0000] {logging_mixin.py:188} INFO - [2025-10-18T20:42:04.263+0000] {dag.py:3089} INFO - Sync 1 DAGs
[2025-10-18T20:42:04.276+0000] {logging_mixin.py:188} INFO - [2025-10-18T20:42:04.276+0000] {dag.py:3947} INFO - Setting next_dagrun for weather_pipeline to None, run_after=None
[2025-10-18T20:42:04.289+0000] {processor.py:183} INFO - Processing /opt/airflow/dags/weather_dag.py took 0.098 seconds
[2025-10-18T20:42:08.191+0000] {processor.py:161} INFO - Started process (PID=4130) to work on /opt/airflow/dags/weather_dag.py
[2025-10-18T20:42:08.192+0000] {processor.py:830} INFO - Processing file /opt/airflow/dags/weather_dag.py for tasks to queue
[2025-10-18T20:42:08.194+0000] {logging_mixin.py:188} INFO - [2025-10-18T20:42:08.193+0000] {dagbag.py:545} INFO - Filling up the DagBag from /opt/airflow/dags/weather_dag.py
[2025-10-18T20:42:08.207+0000] {processor.py:840} INFO - DAG(s) 'weather_pipeline' retrieved from /opt/airflow/dags/weather_dag.py
[2025-10-18T20:42:08.232+0000] {logging_mixin.py:188} INFO - [2025-10-18T20:42:08.232+0000] {dag.py:3089} INFO - Sync 1 DAGs
[2025-10-18T20:42:08.238+0000] {logging_mixin.py:188} INFO - [2025-10-18T20:42:08.238+0000] {dag.py:3947} INFO - Setting next_dagrun for weather_pipeline to None, run_after=None
[2025-10-18T20:42:08.249+0000] {processor.py:183} INFO - Processing /opt/airflow/dags/weather_dag.py took 0.066 seconds
[2025-10-18T20:42:34.632+0000] {processor.py:161} INFO - Started process (PID=4155) to work on /opt/airflow/dags/weather_dag.py
[2025-10-18T20:42:34.634+0000] {processor.py:830} INFO - Processing file /opt/airflow/dags/weather_dag.py for tasks to queue
[2025-10-18T20:42:34.635+0000] {logging_mixin.py:188} INFO - [2025-10-18T20:42:34.635+0000] {dagbag.py:545} INFO - Filling up the DagBag from /opt/airflow/dags/weather_dag.py
[2025-10-18T20:42:34.644+0000] {processor.py:840} INFO - DAG(s) 'weather_pipeline' retrieved from /opt/airflow/dags/weather_dag.py
[2025-10-18T20:42:34.670+0000] {logging_mixin.py:188} INFO - [2025-10-18T20:42:34.670+0000] {dag.py:3089} INFO - Sync 1 DAGs
[2025-10-18T20:42:34.677+0000] {logging_mixin.py:188} INFO - [2025-10-18T20:42:34.677+0000] {dag.py:3947} INFO - Setting next_dagrun for weather_pipeline to None, run_after=None
[2025-10-18T20:42:34.684+0000] {processor.py:183} INFO - Processing /opt/airflow/dags/weather_dag.py took 0.057 seconds
[2025-10-18T20:42:38.605+0000] {processor.py:161} INFO - Started process (PID=4170) to work on /opt/airflow/dags/weather_dag.py
[2025-10-18T20:42:38.606+0000] {processor.py:830} INFO - Processing file /opt/airflow/dags/weather_dag.py for tasks to queue
[2025-10-18T20:42:38.608+0000] {logging_mixin.py:188} INFO - [2025-10-18T20:42:38.608+0000] {dagbag.py:545} INFO - Filling up the DagBag from /opt/airflow/dags/weather_dag.py
[2025-10-18T20:42:38.618+0000] {processor.py:840} INFO - DAG(s) 'weather_pipeline' retrieved from /opt/airflow/dags/weather_dag.py
[2025-10-18T20:42:38.642+0000] {logging_mixin.py:188} INFO - [2025-10-18T20:42:38.642+0000] {dag.py:3089} INFO - Sync 1 DAGs
[2025-10-18T20:42:38.650+0000] {logging_mixin.py:188} INFO - [2025-10-18T20:42:38.650+0000] {dag.py:3947} INFO - Setting next_dagrun for weather_pipeline to None, run_after=None
[2025-10-18T20:42:38.658+0000] {processor.py:183} INFO - Processing /opt/airflow/dags/weather_dag.py took 0.059 seconds
[2025-10-18T20:43:05.411+0000] {processor.py:161} INFO - Started process (PID=4195) to work on /opt/airflow/dags/weather_dag.py
[2025-10-18T20:43:05.414+0000] {processor.py:830} INFO - Processing file /opt/airflow/dags/weather_dag.py for tasks to queue
[2025-10-18T20:43:05.416+0000] {logging_mixin.py:188} INFO - [2025-10-18T20:43:05.415+0000] {dagbag.py:545} INFO - Filling up the DagBag from /opt/airflow/dags/weather_dag.py
[2025-10-18T20:43:05.422+0000] {processor.py:840} INFO - DAG(s) 'weather_pipeline' retrieved from /opt/airflow/dags/weather_dag.py
[2025-10-18T20:43:05.442+0000] {logging_mixin.py:188} INFO - [2025-10-18T20:43:05.442+0000] {dag.py:3089} INFO - Sync 1 DAGs
[2025-10-18T20:43:05.450+0000] {logging_mixin.py:188} INFO - [2025-10-18T20:43:05.450+0000] {dag.py:3947} INFO - Setting next_dagrun for weather_pipeline to None, run_after=None
[2025-10-18T20:43:05.460+0000] {processor.py:183} INFO - Processing /opt/airflow/dags/weather_dag.py took 0.055 seconds
[2025-10-18T20:43:09.399+0000] {processor.py:161} INFO - Started process (PID=4210) to work on /opt/airflow/dags/weather_dag.py
[2025-10-18T20:43:09.400+0000] {processor.py:830} INFO - Processing file /opt/airflow/dags/weather_dag.py for tasks to queue
[2025-10-18T20:43:09.403+0000] {logging_mixin.py:188} INFO - [2025-10-18T20:43:09.402+0000] {dagbag.py:545} INFO - Filling up the DagBag from /opt/airflow/dags/weather_dag.py
[2025-10-18T20:43:09.418+0000] {processor.py:840} INFO - DAG(s) 'weather_pipeline' retrieved from /opt/airflow/dags/weather_dag.py
[2025-10-18T20:43:09.447+0000] {logging_mixin.py:188} INFO - [2025-10-18T20:43:09.447+0000] {dag.py:3089} INFO - Sync 1 DAGs
[2025-10-18T20:43:09.455+0000] {logging_mixin.py:188} INFO - [2025-10-18T20:43:09.454+0000] {dag.py:3947} INFO - Setting next_dagrun for weather_pipeline to None, run_after=None
[2025-10-18T20:43:09.466+0000] {processor.py:183} INFO - Processing /opt/airflow/dags/weather_dag.py took 0.076 seconds
[2025-10-18T20:43:35.860+0000] {processor.py:161} INFO - Started process (PID=4235) to work on /opt/airflow/dags/weather_dag.py
[2025-10-18T20:43:35.861+0000] {processor.py:830} INFO - Processing file /opt/airflow/dags/weather_dag.py for tasks to queue
[2025-10-18T20:43:35.863+0000] {logging_mixin.py:188} INFO - [2025-10-18T20:43:35.863+0000] {dagbag.py:545} INFO - Filling up the DagBag from /opt/airflow/dags/weather_dag.py
[2025-10-18T20:43:35.882+0000] {processor.py:840} INFO - DAG(s) 'weather_pipeline' retrieved from /opt/airflow/dags/weather_dag.py
[2025-10-18T20:43:35.924+0000] {logging_mixin.py:188} INFO - [2025-10-18T20:43:35.924+0000] {dag.py:3089} INFO - Sync 1 DAGs
[2025-10-18T20:43:35.936+0000] {logging_mixin.py:188} INFO - [2025-10-18T20:43:35.936+0000] {dag.py:3947} INFO - Setting next_dagrun for weather_pipeline to None, run_after=None
[2025-10-18T20:43:35.946+0000] {processor.py:183} INFO - Processing /opt/airflow/dags/weather_dag.py took 0.097 seconds
[2025-10-18T20:43:39.870+0000] {processor.py:161} INFO - Started process (PID=4250) to work on /opt/airflow/dags/weather_dag.py
[2025-10-18T20:43:39.871+0000] {processor.py:830} INFO - Processing file /opt/airflow/dags/weather_dag.py for tasks to queue
[2025-10-18T20:43:39.873+0000] {logging_mixin.py:188} INFO - [2025-10-18T20:43:39.873+0000] {dagbag.py:545} INFO - Filling up the DagBag from /opt/airflow/dags/weather_dag.py
[2025-10-18T20:43:39.884+0000] {processor.py:840} INFO - DAG(s) 'weather_pipeline' retrieved from /opt/airflow/dags/weather_dag.py
[2025-10-18T20:43:39.907+0000] {logging_mixin.py:188} INFO - [2025-10-18T20:43:39.907+0000] {dag.py:3089} INFO - Sync 1 DAGs
[2025-10-18T20:43:39.913+0000] {logging_mixin.py:188} INFO - [2025-10-18T20:43:39.913+0000] {dag.py:3947} INFO - Setting next_dagrun for weather_pipeline to None, run_after=None
[2025-10-18T20:43:39.925+0000] {processor.py:183} INFO - Processing /opt/airflow/dags/weather_dag.py took 0.062 seconds
[2025-10-18T20:44:06.394+0000] {processor.py:161} INFO - Started process (PID=4275) to work on /opt/airflow/dags/weather_dag.py
[2025-10-18T20:44:06.396+0000] {processor.py:830} INFO - Processing file /opt/airflow/dags/weather_dag.py for tasks to queue
[2025-10-18T20:44:06.399+0000] {logging_mixin.py:188} INFO - [2025-10-18T20:44:06.399+0000] {dagbag.py:545} INFO - Filling up the DagBag from /opt/airflow/dags/weather_dag.py
[2025-10-18T20:44:06.417+0000] {processor.py:840} INFO - DAG(s) 'weather_pipeline' retrieved from /opt/airflow/dags/weather_dag.py
[2025-10-18T20:44:06.447+0000] {logging_mixin.py:188} INFO - [2025-10-18T20:44:06.447+0000] {dag.py:3089} INFO - Sync 1 DAGs
[2025-10-18T20:44:06.458+0000] {logging_mixin.py:188} INFO - [2025-10-18T20:44:06.458+0000] {dag.py:3947} INFO - Setting next_dagrun for weather_pipeline to None, run_after=None
[2025-10-18T20:44:06.471+0000] {processor.py:183} INFO - Processing /opt/airflow/dags/weather_dag.py took 0.087 seconds
[2025-10-18T20:44:10.335+0000] {processor.py:161} INFO - Started process (PID=4290) to work on /opt/airflow/dags/weather_dag.py
[2025-10-18T20:44:10.336+0000] {processor.py:830} INFO - Processing file /opt/airflow/dags/weather_dag.py for tasks to queue
[2025-10-18T20:44:10.339+0000] {logging_mixin.py:188} INFO - [2025-10-18T20:44:10.338+0000] {dagbag.py:545} INFO - Filling up the DagBag from /opt/airflow/dags/weather_dag.py
[2025-10-18T20:44:10.351+0000] {processor.py:840} INFO - DAG(s) 'weather_pipeline' retrieved from /opt/airflow/dags/weather_dag.py
[2025-10-18T20:44:10.373+0000] {logging_mixin.py:188} INFO - [2025-10-18T20:44:10.373+0000] {dag.py:3089} INFO - Sync 1 DAGs
[2025-10-18T20:44:10.379+0000] {logging_mixin.py:188} INFO - [2025-10-18T20:44:10.379+0000] {dag.py:3947} INFO - Setting next_dagrun for weather_pipeline to None, run_after=None
[2025-10-18T20:44:10.389+0000] {processor.py:183} INFO - Processing /opt/airflow/dags/weather_dag.py took 0.060 seconds
[2025-10-18T20:44:36.816+0000] {processor.py:161} INFO - Started process (PID=4315) to work on /opt/airflow/dags/weather_dag.py
[2025-10-18T20:44:36.817+0000] {processor.py:830} INFO - Processing file /opt/airflow/dags/weather_dag.py for tasks to queue
[2025-10-18T20:44:36.818+0000] {logging_mixin.py:188} INFO - [2025-10-18T20:44:36.818+0000] {dagbag.py:545} INFO - Filling up the DagBag from /opt/airflow/dags/weather_dag.py
[2025-10-18T20:44:36.825+0000] {processor.py:840} INFO - DAG(s) 'weather_pipeline' retrieved from /opt/airflow/dags/weather_dag.py
[2025-10-18T20:44:36.845+0000] {logging_mixin.py:188} INFO - [2025-10-18T20:44:36.844+0000] {dag.py:3089} INFO - Sync 1 DAGs
[2025-10-18T20:44:36.854+0000] {logging_mixin.py:188} INFO - [2025-10-18T20:44:36.854+0000] {dag.py:3947} INFO - Setting next_dagrun for weather_pipeline to None, run_after=None
[2025-10-18T20:44:36.864+0000] {processor.py:183} INFO - Processing /opt/airflow/dags/weather_dag.py took 0.052 seconds
[2025-10-18T20:44:40.827+0000] {processor.py:161} INFO - Started process (PID=4330) to work on /opt/airflow/dags/weather_dag.py
[2025-10-18T20:44:40.828+0000] {processor.py:830} INFO - Processing file /opt/airflow/dags/weather_dag.py for tasks to queue
[2025-10-18T20:44:40.832+0000] {logging_mixin.py:188} INFO - [2025-10-18T20:44:40.831+0000] {dagbag.py:545} INFO - Filling up the DagBag from /opt/airflow/dags/weather_dag.py
[2025-10-18T20:44:40.851+0000] {processor.py:840} INFO - DAG(s) 'weather_pipeline' retrieved from /opt/airflow/dags/weather_dag.py
[2025-10-18T20:44:40.887+0000] {logging_mixin.py:188} INFO - [2025-10-18T20:44:40.887+0000] {dag.py:3089} INFO - Sync 1 DAGs
[2025-10-18T20:44:40.894+0000] {logging_mixin.py:188} INFO - [2025-10-18T20:44:40.894+0000] {dag.py:3947} INFO - Setting next_dagrun for weather_pipeline to None, run_after=None
[2025-10-18T20:44:40.909+0000] {processor.py:183} INFO - Processing /opt/airflow/dags/weather_dag.py took 0.096 seconds
[2025-10-18T20:45:07.313+0000] {processor.py:161} INFO - Started process (PID=4355) to work on /opt/airflow/dags/weather_dag.py
[2025-10-18T20:45:07.319+0000] {processor.py:830} INFO - Processing file /opt/airflow/dags/weather_dag.py for tasks to queue
[2025-10-18T20:45:07.323+0000] {logging_mixin.py:188} INFO - [2025-10-18T20:45:07.323+0000] {dagbag.py:545} INFO - Filling up the DagBag from /opt/airflow/dags/weather_dag.py
[2025-10-18T20:45:07.343+0000] {processor.py:840} INFO - DAG(s) 'weather_pipeline' retrieved from /opt/airflow/dags/weather_dag.py
[2025-10-18T20:45:07.386+0000] {logging_mixin.py:188} INFO - [2025-10-18T20:45:07.386+0000] {dag.py:3089} INFO - Sync 1 DAGs
[2025-10-18T20:45:07.400+0000] {logging_mixin.py:188} INFO - [2025-10-18T20:45:07.400+0000] {dag.py:3947} INFO - Setting next_dagrun for weather_pipeline to None, run_after=None
[2025-10-18T20:45:07.413+0000] {processor.py:183} INFO - Processing /opt/airflow/dags/weather_dag.py took 0.117 seconds
[2025-10-18T20:45:11.338+0000] {processor.py:161} INFO - Started process (PID=4370) to work on /opt/airflow/dags/weather_dag.py
[2025-10-18T20:45:11.339+0000] {processor.py:830} INFO - Processing file /opt/airflow/dags/weather_dag.py for tasks to queue
[2025-10-18T20:45:11.342+0000] {logging_mixin.py:188} INFO - [2025-10-18T20:45:11.341+0000] {dagbag.py:545} INFO - Filling up the DagBag from /opt/airflow/dags/weather_dag.py
[2025-10-18T20:45:11.360+0000] {processor.py:840} INFO - DAG(s) 'weather_pipeline' retrieved from /opt/airflow/dags/weather_dag.py
[2025-10-18T20:45:11.402+0000] {logging_mixin.py:188} INFO - [2025-10-18T20:45:11.402+0000] {dag.py:3089} INFO - Sync 1 DAGs
[2025-10-18T20:45:11.415+0000] {logging_mixin.py:188} INFO - [2025-10-18T20:45:11.415+0000] {dag.py:3947} INFO - Setting next_dagrun for weather_pipeline to None, run_after=None
[2025-10-18T20:45:11.435+0000] {processor.py:183} INFO - Processing /opt/airflow/dags/weather_dag.py took 0.110 seconds
[2025-10-18T20:45:38.005+0000] {processor.py:161} INFO - Started process (PID=4395) to work on /opt/airflow/dags/weather_dag.py
[2025-10-18T20:45:38.007+0000] {processor.py:830} INFO - Processing file /opt/airflow/dags/weather_dag.py for tasks to queue
[2025-10-18T20:45:38.011+0000] {logging_mixin.py:188} INFO - [2025-10-18T20:45:38.011+0000] {dagbag.py:545} INFO - Filling up the DagBag from /opt/airflow/dags/weather_dag.py
[2025-10-18T20:45:38.034+0000] {processor.py:840} INFO - DAG(s) 'weather_pipeline' retrieved from /opt/airflow/dags/weather_dag.py
[2025-10-18T20:45:38.072+0000] {logging_mixin.py:188} INFO - [2025-10-18T20:45:38.072+0000] {dag.py:3089} INFO - Sync 1 DAGs
[2025-10-18T20:45:38.085+0000] {logging_mixin.py:188} INFO - [2025-10-18T20:45:38.085+0000] {dag.py:3947} INFO - Setting next_dagrun for weather_pipeline to None, run_after=None
[2025-10-18T20:45:38.097+0000] {processor.py:183} INFO - Processing /opt/airflow/dags/weather_dag.py took 0.103 seconds
[2025-10-18T20:45:42.003+0000] {processor.py:161} INFO - Started process (PID=4410) to work on /opt/airflow/dags/weather_dag.py
[2025-10-18T20:45:42.004+0000] {processor.py:830} INFO - Processing file /opt/airflow/dags/weather_dag.py for tasks to queue
[2025-10-18T20:45:42.013+0000] {logging_mixin.py:188} INFO - [2025-10-18T20:45:42.013+0000] {dagbag.py:545} INFO - Filling up the DagBag from /opt/airflow/dags/weather_dag.py
[2025-10-18T20:45:42.026+0000] {processor.py:840} INFO - DAG(s) 'weather_pipeline' retrieved from /opt/airflow/dags/weather_dag.py
[2025-10-18T20:45:42.047+0000] {logging_mixin.py:188} INFO - [2025-10-18T20:45:42.047+0000] {dag.py:3089} INFO - Sync 1 DAGs
[2025-10-18T20:45:42.053+0000] {logging_mixin.py:188} INFO - [2025-10-18T20:45:42.052+0000] {dag.py:3947} INFO - Setting next_dagrun for weather_pipeline to None, run_after=None
[2025-10-18T20:45:42.063+0000] {processor.py:183} INFO - Processing /opt/airflow/dags/weather_dag.py took 0.064 seconds
[2025-10-18T20:46:08.531+0000] {processor.py:161} INFO - Started process (PID=4435) to work on /opt/airflow/dags/weather_dag.py
[2025-10-18T20:46:08.532+0000] {processor.py:830} INFO - Processing file /opt/airflow/dags/weather_dag.py for tasks to queue
[2025-10-18T20:46:08.534+0000] {logging_mixin.py:188} INFO - [2025-10-18T20:46:08.534+0000] {dagbag.py:545} INFO - Filling up the DagBag from /opt/airflow/dags/weather_dag.py
[2025-10-18T20:46:08.544+0000] {processor.py:840} INFO - DAG(s) 'weather_pipeline' retrieved from /opt/airflow/dags/weather_dag.py
[2025-10-18T20:46:08.571+0000] {logging_mixin.py:188} INFO - [2025-10-18T20:46:08.570+0000] {dag.py:3089} INFO - Sync 1 DAGs
[2025-10-18T20:46:08.582+0000] {logging_mixin.py:188} INFO - [2025-10-18T20:46:08.582+0000] {dag.py:3947} INFO - Setting next_dagrun for weather_pipeline to None, run_after=None
[2025-10-18T20:46:08.597+0000] {processor.py:183} INFO - Processing /opt/airflow/dags/weather_dag.py took 0.074 seconds
[2025-10-18T20:46:12.406+0000] {processor.py:161} INFO - Started process (PID=4450) to work on /opt/airflow/dags/weather_dag.py
[2025-10-18T20:46:12.407+0000] {processor.py:830} INFO - Processing file /opt/airflow/dags/weather_dag.py for tasks to queue
[2025-10-18T20:46:12.411+0000] {logging_mixin.py:188} INFO - [2025-10-18T20:46:12.411+0000] {dagbag.py:545} INFO - Filling up the DagBag from /opt/airflow/dags/weather_dag.py
[2025-10-18T20:46:12.424+0000] {processor.py:840} INFO - DAG(s) 'weather_pipeline' retrieved from /opt/airflow/dags/weather_dag.py
[2025-10-18T20:46:12.447+0000] {logging_mixin.py:188} INFO - [2025-10-18T20:46:12.447+0000] {dag.py:3089} INFO - Sync 1 DAGs
[2025-10-18T20:46:12.453+0000] {logging_mixin.py:188} INFO - [2025-10-18T20:46:12.453+0000] {dag.py:3947} INFO - Setting next_dagrun for weather_pipeline to None, run_after=None
[2025-10-18T20:46:12.464+0000] {processor.py:183} INFO - Processing /opt/airflow/dags/weather_dag.py took 0.066 seconds
[2025-10-18T20:46:39.056+0000] {processor.py:161} INFO - Started process (PID=4475) to work on /opt/airflow/dags/weather_dag.py
[2025-10-18T20:46:39.059+0000] {processor.py:830} INFO - Processing file /opt/airflow/dags/weather_dag.py for tasks to queue
[2025-10-18T20:46:39.061+0000] {logging_mixin.py:188} INFO - [2025-10-18T20:46:39.061+0000] {dagbag.py:545} INFO - Filling up the DagBag from /opt/airflow/dags/weather_dag.py
[2025-10-18T20:46:39.080+0000] {processor.py:840} INFO - DAG(s) 'weather_pipeline' retrieved from /opt/airflow/dags/weather_dag.py
[2025-10-18T20:46:39.102+0000] {logging_mixin.py:188} INFO - [2025-10-18T20:46:39.102+0000] {dag.py:3089} INFO - Sync 1 DAGs
[2025-10-18T20:46:39.110+0000] {logging_mixin.py:188} INFO - [2025-10-18T20:46:39.110+0000] {dag.py:3947} INFO - Setting next_dagrun for weather_pipeline to None, run_after=None
[2025-10-18T20:46:39.119+0000] {processor.py:183} INFO - Processing /opt/airflow/dags/weather_dag.py took 0.073 seconds
[2025-10-18T20:46:42.837+0000] {processor.py:161} INFO - Started process (PID=4490) to work on /opt/airflow/dags/weather_dag.py
[2025-10-18T20:46:42.838+0000] {processor.py:830} INFO - Processing file /opt/airflow/dags/weather_dag.py for tasks to queue
[2025-10-18T20:46:42.841+0000] {logging_mixin.py:188} INFO - [2025-10-18T20:46:42.840+0000] {dagbag.py:545} INFO - Filling up the DagBag from /opt/airflow/dags/weather_dag.py
[2025-10-18T20:46:42.855+0000] {processor.py:840} INFO - DAG(s) 'weather_pipeline' retrieved from /opt/airflow/dags/weather_dag.py
[2025-10-18T20:46:42.877+0000] {logging_mixin.py:188} INFO - [2025-10-18T20:46:42.877+0000] {dag.py:3089} INFO - Sync 1 DAGs
[2025-10-18T20:46:42.884+0000] {logging_mixin.py:188} INFO - [2025-10-18T20:46:42.884+0000] {dag.py:3947} INFO - Setting next_dagrun for weather_pipeline to None, run_after=None
[2025-10-18T20:46:42.891+0000] {processor.py:183} INFO - Processing /opt/airflow/dags/weather_dag.py took 0.061 seconds
[2025-10-18T20:47:09.534+0000] {processor.py:161} INFO - Started process (PID=4515) to work on /opt/airflow/dags/weather_dag.py
[2025-10-18T20:47:09.535+0000] {processor.py:830} INFO - Processing file /opt/airflow/dags/weather_dag.py for tasks to queue
[2025-10-18T20:47:09.538+0000] {logging_mixin.py:188} INFO - [2025-10-18T20:47:09.537+0000] {dagbag.py:545} INFO - Filling up the DagBag from /opt/airflow/dags/weather_dag.py
[2025-10-18T20:47:09.552+0000] {processor.py:840} INFO - DAG(s) 'weather_pipeline' retrieved from /opt/airflow/dags/weather_dag.py
[2025-10-18T20:47:09.579+0000] {logging_mixin.py:188} INFO - [2025-10-18T20:47:09.579+0000] {dag.py:3089} INFO - Sync 1 DAGs
[2025-10-18T20:47:09.589+0000] {logging_mixin.py:188} INFO - [2025-10-18T20:47:09.589+0000] {dag.py:3947} INFO - Setting next_dagrun for weather_pipeline to None, run_after=None
[2025-10-18T20:47:09.601+0000] {processor.py:183} INFO - Processing /opt/airflow/dags/weather_dag.py took 0.076 seconds
[2025-10-18T20:47:13.281+0000] {processor.py:161} INFO - Started process (PID=4530) to work on /opt/airflow/dags/weather_dag.py
[2025-10-18T20:47:13.282+0000] {processor.py:830} INFO - Processing file /opt/airflow/dags/weather_dag.py for tasks to queue
[2025-10-18T20:47:13.284+0000] {logging_mixin.py:188} INFO - [2025-10-18T20:47:13.284+0000] {dagbag.py:545} INFO - Filling up the DagBag from /opt/airflow/dags/weather_dag.py
[2025-10-18T20:47:13.295+0000] {processor.py:840} INFO - DAG(s) 'weather_pipeline' retrieved from /opt/airflow/dags/weather_dag.py
[2025-10-18T20:47:13.316+0000] {logging_mixin.py:188} INFO - [2025-10-18T20:47:13.316+0000] {dag.py:3089} INFO - Sync 1 DAGs
[2025-10-18T20:47:13.321+0000] {logging_mixin.py:188} INFO - [2025-10-18T20:47:13.321+0000] {dag.py:3947} INFO - Setting next_dagrun for weather_pipeline to None, run_after=None
[2025-10-18T20:47:13.332+0000] {processor.py:183} INFO - Processing /opt/airflow/dags/weather_dag.py took 0.057 seconds
[2025-10-18T20:47:40.125+0000] {processor.py:161} INFO - Started process (PID=4555) to work on /opt/airflow/dags/weather_dag.py
[2025-10-18T20:47:40.128+0000] {processor.py:830} INFO - Processing file /opt/airflow/dags/weather_dag.py for tasks to queue
[2025-10-18T20:47:40.132+0000] {logging_mixin.py:188} INFO - [2025-10-18T20:47:40.131+0000] {dagbag.py:545} INFO - Filling up the DagBag from /opt/airflow/dags/weather_dag.py
[2025-10-18T20:47:40.149+0000] {processor.py:840} INFO - DAG(s) 'weather_pipeline' retrieved from /opt/airflow/dags/weather_dag.py
[2025-10-18T20:47:40.184+0000] {logging_mixin.py:188} INFO - [2025-10-18T20:47:40.184+0000] {dag.py:3089} INFO - Sync 1 DAGs
[2025-10-18T20:47:40.195+0000] {logging_mixin.py:188} INFO - [2025-10-18T20:47:40.195+0000] {dag.py:3947} INFO - Setting next_dagrun for weather_pipeline to None, run_after=None
[2025-10-18T20:47:40.206+0000] {processor.py:183} INFO - Processing /opt/airflow/dags/weather_dag.py took 0.092 seconds
[2025-10-18T20:47:43.847+0000] {processor.py:161} INFO - Started process (PID=4570) to work on /opt/airflow/dags/weather_dag.py
[2025-10-18T20:47:43.848+0000] {processor.py:830} INFO - Processing file /opt/airflow/dags/weather_dag.py for tasks to queue
[2025-10-18T20:47:43.850+0000] {logging_mixin.py:188} INFO - [2025-10-18T20:47:43.850+0000] {dagbag.py:545} INFO - Filling up the DagBag from /opt/airflow/dags/weather_dag.py
[2025-10-18T20:47:43.863+0000] {processor.py:840} INFO - DAG(s) 'weather_pipeline' retrieved from /opt/airflow/dags/weather_dag.py
[2025-10-18T20:47:43.887+0000] {logging_mixin.py:188} INFO - [2025-10-18T20:47:43.887+0000] {dag.py:3089} INFO - Sync 1 DAGs
[2025-10-18T20:47:43.905+0000] {logging_mixin.py:188} INFO - [2025-10-18T20:47:43.905+0000] {dag.py:3947} INFO - Setting next_dagrun for weather_pipeline to None, run_after=None
[2025-10-18T20:47:43.933+0000] {processor.py:183} INFO - Processing /opt/airflow/dags/weather_dag.py took 0.093 seconds
[2025-10-18T20:48:10.975+0000] {processor.py:161} INFO - Started process (PID=4595) to work on /opt/airflow/dags/weather_dag.py
[2025-10-18T20:48:10.980+0000] {processor.py:830} INFO - Processing file /opt/airflow/dags/weather_dag.py for tasks to queue
[2025-10-18T20:48:10.984+0000] {logging_mixin.py:188} INFO - [2025-10-18T20:48:10.984+0000] {dagbag.py:545} INFO - Filling up the DagBag from /opt/airflow/dags/weather_dag.py
[2025-10-18T20:48:11.008+0000] {processor.py:840} INFO - DAG(s) 'weather_pipeline' retrieved from /opt/airflow/dags/weather_dag.py
[2025-10-18T20:48:11.069+0000] {logging_mixin.py:188} INFO - [2025-10-18T20:48:11.069+0000] {dag.py:3089} INFO - Sync 1 DAGs
[2025-10-18T20:48:11.080+0000] {logging_mixin.py:188} INFO - [2025-10-18T20:48:11.080+0000] {dag.py:3947} INFO - Setting next_dagrun for weather_pipeline to None, run_after=None
[2025-10-18T20:48:11.095+0000] {processor.py:183} INFO - Processing /opt/airflow/dags/weather_dag.py took 0.140 seconds
[2025-10-18T20:48:14.449+0000] {processor.py:161} INFO - Started process (PID=4610) to work on /opt/airflow/dags/weather_dag.py
[2025-10-18T20:48:14.451+0000] {processor.py:830} INFO - Processing file /opt/airflow/dags/weather_dag.py for tasks to queue
[2025-10-18T20:48:14.459+0000] {logging_mixin.py:188} INFO - [2025-10-18T20:48:14.457+0000] {dagbag.py:545} INFO - Filling up the DagBag from /opt/airflow/dags/weather_dag.py
[2025-10-18T20:48:14.577+0000] {processor.py:840} INFO - DAG(s) 'weather_pipeline' retrieved from /opt/airflow/dags/weather_dag.py
[2025-10-18T20:48:14.695+0000] {logging_mixin.py:188} INFO - [2025-10-18T20:48:14.693+0000] {dag.py:3089} INFO - Sync 1 DAGs
[2025-10-18T20:48:14.721+0000] {logging_mixin.py:188} INFO - [2025-10-18T20:48:14.721+0000] {dag.py:3947} INFO - Setting next_dagrun for weather_pipeline to None, run_after=None
[2025-10-18T20:48:14.761+0000] {processor.py:183} INFO - Processing /opt/airflow/dags/weather_dag.py took 0.326 seconds
[2025-10-18T20:48:41.700+0000] {processor.py:161} INFO - Started process (PID=4635) to work on /opt/airflow/dags/weather_dag.py
[2025-10-18T20:48:41.701+0000] {processor.py:830} INFO - Processing file /opt/airflow/dags/weather_dag.py for tasks to queue
[2025-10-18T20:48:41.706+0000] {logging_mixin.py:188} INFO - [2025-10-18T20:48:41.705+0000] {dagbag.py:545} INFO - Filling up the DagBag from /opt/airflow/dags/weather_dag.py
[2025-10-18T20:48:41.726+0000] {processor.py:840} INFO - DAG(s) 'weather_pipeline' retrieved from /opt/airflow/dags/weather_dag.py
[2025-10-18T20:48:41.765+0000] {logging_mixin.py:188} INFO - [2025-10-18T20:48:41.765+0000] {dag.py:3089} INFO - Sync 1 DAGs
[2025-10-18T20:48:41.777+0000] {logging_mixin.py:188} INFO - [2025-10-18T20:48:41.776+0000] {dag.py:3947} INFO - Setting next_dagrun for weather_pipeline to None, run_after=None
[2025-10-18T20:48:41.788+0000] {processor.py:183} INFO - Processing /opt/airflow/dags/weather_dag.py took 0.103 seconds
[2025-10-18T20:48:45.331+0000] {processor.py:161} INFO - Started process (PID=4650) to work on /opt/airflow/dags/weather_dag.py
[2025-10-18T20:48:45.332+0000] {processor.py:830} INFO - Processing file /opt/airflow/dags/weather_dag.py for tasks to queue
[2025-10-18T20:48:45.335+0000] {logging_mixin.py:188} INFO - [2025-10-18T20:48:45.334+0000] {dagbag.py:545} INFO - Filling up the DagBag from /opt/airflow/dags/weather_dag.py
[2025-10-18T20:48:45.349+0000] {processor.py:840} INFO - DAG(s) 'weather_pipeline' retrieved from /opt/airflow/dags/weather_dag.py
[2025-10-18T20:48:45.395+0000] {logging_mixin.py:188} INFO - [2025-10-18T20:48:45.395+0000] {dag.py:3089} INFO - Sync 1 DAGs
[2025-10-18T20:48:45.402+0000] {logging_mixin.py:188} INFO - [2025-10-18T20:48:45.402+0000] {dag.py:3947} INFO - Setting next_dagrun for weather_pipeline to None, run_after=None
[2025-10-18T20:48:45.415+0000] {processor.py:183} INFO - Processing /opt/airflow/dags/weather_dag.py took 0.093 seconds
[2025-10-18T20:49:12.154+0000] {processor.py:161} INFO - Started process (PID=4675) to work on /opt/airflow/dags/weather_dag.py
[2025-10-18T20:49:12.156+0000] {processor.py:830} INFO - Processing file /opt/airflow/dags/weather_dag.py for tasks to queue
[2025-10-18T20:49:12.158+0000] {logging_mixin.py:188} INFO - [2025-10-18T20:49:12.158+0000] {dagbag.py:545} INFO - Filling up the DagBag from /opt/airflow/dags/weather_dag.py
[2025-10-18T20:49:12.174+0000] {processor.py:840} INFO - DAG(s) 'weather_pipeline' retrieved from /opt/airflow/dags/weather_dag.py
[2025-10-18T20:49:12.208+0000] {logging_mixin.py:188} INFO - [2025-10-18T20:49:12.208+0000] {dag.py:3089} INFO - Sync 1 DAGs
[2025-10-18T20:49:12.217+0000] {logging_mixin.py:188} INFO - [2025-10-18T20:49:12.217+0000] {dag.py:3947} INFO - Setting next_dagrun for weather_pipeline to None, run_after=None
[2025-10-18T20:49:12.226+0000] {processor.py:183} INFO - Processing /opt/airflow/dags/weather_dag.py took 0.079 seconds
[2025-10-18T20:49:15.785+0000] {processor.py:161} INFO - Started process (PID=4690) to work on /opt/airflow/dags/weather_dag.py
[2025-10-18T20:49:15.786+0000] {processor.py:830} INFO - Processing file /opt/airflow/dags/weather_dag.py for tasks to queue
[2025-10-18T20:49:15.788+0000] {logging_mixin.py:188} INFO - [2025-10-18T20:49:15.788+0000] {dagbag.py:545} INFO - Filling up the DagBag from /opt/airflow/dags/weather_dag.py
[2025-10-18T20:49:15.805+0000] {processor.py:840} INFO - DAG(s) 'weather_pipeline' retrieved from /opt/airflow/dags/weather_dag.py
[2025-10-18T20:49:15.829+0000] {logging_mixin.py:188} INFO - [2025-10-18T20:49:15.829+0000] {dag.py:3089} INFO - Sync 1 DAGs
[2025-10-18T20:49:15.836+0000] {logging_mixin.py:188} INFO - [2025-10-18T20:49:15.836+0000] {dag.py:3947} INFO - Setting next_dagrun for weather_pipeline to None, run_after=None
[2025-10-18T20:49:15.847+0000] {processor.py:183} INFO - Processing /opt/airflow/dags/weather_dag.py took 0.070 seconds
[2025-10-18T20:49:42.843+0000] {processor.py:161} INFO - Started process (PID=4715) to work on /opt/airflow/dags/weather_dag.py
[2025-10-18T20:49:42.848+0000] {processor.py:830} INFO - Processing file /opt/airflow/dags/weather_dag.py for tasks to queue
[2025-10-18T20:49:42.851+0000] {logging_mixin.py:188} INFO - [2025-10-18T20:49:42.851+0000] {dagbag.py:545} INFO - Filling up the DagBag from /opt/airflow/dags/weather_dag.py
[2025-10-18T20:49:42.872+0000] {processor.py:840} INFO - DAG(s) 'weather_pipeline' retrieved from /opt/airflow/dags/weather_dag.py
[2025-10-18T20:49:42.918+0000] {logging_mixin.py:188} INFO - [2025-10-18T20:49:42.918+0000] {dag.py:3089} INFO - Sync 1 DAGs
[2025-10-18T20:49:42.929+0000] {logging_mixin.py:188} INFO - [2025-10-18T20:49:42.929+0000] {dag.py:3947} INFO - Setting next_dagrun for weather_pipeline to None, run_after=None
[2025-10-18T20:49:42.939+0000] {processor.py:183} INFO - Processing /opt/airflow/dags/weather_dag.py took 0.111 seconds
[2025-10-18T20:49:46.525+0000] {processor.py:161} INFO - Started process (PID=4730) to work on /opt/airflow/dags/weather_dag.py
[2025-10-18T20:49:46.526+0000] {processor.py:830} INFO - Processing file /opt/airflow/dags/weather_dag.py for tasks to queue
[2025-10-18T20:49:46.532+0000] {logging_mixin.py:188} INFO - [2025-10-18T20:49:46.532+0000] {dagbag.py:545} INFO - Filling up the DagBag from /opt/airflow/dags/weather_dag.py
[2025-10-18T20:49:46.555+0000] {processor.py:840} INFO - DAG(s) 'weather_pipeline' retrieved from /opt/airflow/dags/weather_dag.py
[2025-10-18T20:49:46.602+0000] {logging_mixin.py:188} INFO - [2025-10-18T20:49:46.602+0000] {dag.py:3089} INFO - Sync 1 DAGs
[2025-10-18T20:49:46.613+0000] {logging_mixin.py:188} INFO - [2025-10-18T20:49:46.613+0000] {dag.py:3947} INFO - Setting next_dagrun for weather_pipeline to None, run_after=None
[2025-10-18T20:49:46.625+0000] {processor.py:183} INFO - Processing /opt/airflow/dags/weather_dag.py took 0.113 seconds
[2025-10-18T20:50:13.477+0000] {processor.py:161} INFO - Started process (PID=4755) to work on /opt/airflow/dags/weather_dag.py
[2025-10-18T20:50:13.481+0000] {processor.py:830} INFO - Processing file /opt/airflow/dags/weather_dag.py for tasks to queue
[2025-10-18T20:50:13.483+0000] {logging_mixin.py:188} INFO - [2025-10-18T20:50:13.483+0000] {dagbag.py:545} INFO - Filling up the DagBag from /opt/airflow/dags/weather_dag.py
[2025-10-18T20:50:13.508+0000] {processor.py:840} INFO - DAG(s) 'weather_pipeline' retrieved from /opt/airflow/dags/weather_dag.py
[2025-10-18T20:50:13.550+0000] {logging_mixin.py:188} INFO - [2025-10-18T20:50:13.550+0000] {dag.py:3089} INFO - Sync 1 DAGs
[2025-10-18T20:50:13.563+0000] {logging_mixin.py:188} INFO - [2025-10-18T20:50:13.563+0000] {dag.py:3947} INFO - Setting next_dagrun for weather_pipeline to None, run_after=None
[2025-10-18T20:50:13.577+0000] {processor.py:183} INFO - Processing /opt/airflow/dags/weather_dag.py took 0.113 seconds
[2025-10-18T20:50:17.156+0000] {processor.py:161} INFO - Started process (PID=4770) to work on /opt/airflow/dags/weather_dag.py
[2025-10-18T20:50:17.157+0000] {processor.py:830} INFO - Processing file /opt/airflow/dags/weather_dag.py for tasks to queue
[2025-10-18T20:50:17.162+0000] {logging_mixin.py:188} INFO - [2025-10-18T20:50:17.160+0000] {dagbag.py:545} INFO - Filling up the DagBag from /opt/airflow/dags/weather_dag.py
[2025-10-18T20:50:17.183+0000] {processor.py:840} INFO - DAG(s) 'weather_pipeline' retrieved from /opt/airflow/dags/weather_dag.py
[2025-10-18T20:50:17.246+0000] {logging_mixin.py:188} INFO - [2025-10-18T20:50:17.245+0000] {dag.py:3089} INFO - Sync 1 DAGs
[2025-10-18T20:50:17.270+0000] {logging_mixin.py:188} INFO - [2025-10-18T20:50:17.270+0000] {dag.py:3947} INFO - Setting next_dagrun for weather_pipeline to None, run_after=None
[2025-10-18T20:50:17.288+0000] {processor.py:183} INFO - Processing /opt/airflow/dags/weather_dag.py took 0.145 seconds
[2025-10-18T20:50:43.950+0000] {processor.py:161} INFO - Started process (PID=4795) to work on /opt/airflow/dags/weather_dag.py
[2025-10-18T20:50:43.950+0000] {processor.py:830} INFO - Processing file /opt/airflow/dags/weather_dag.py for tasks to queue
[2025-10-18T20:50:43.951+0000] {logging_mixin.py:188} INFO - [2025-10-18T20:50:43.951+0000] {dagbag.py:545} INFO - Filling up the DagBag from /opt/airflow/dags/weather_dag.py
[2025-10-18T20:50:43.959+0000] {processor.py:840} INFO - DAG(s) 'weather_pipeline' retrieved from /opt/airflow/dags/weather_dag.py
[2025-10-18T20:50:43.979+0000] {logging_mixin.py:188} INFO - [2025-10-18T20:50:43.979+0000] {dag.py:3089} INFO - Sync 1 DAGs
[2025-10-18T20:50:43.996+0000] {logging_mixin.py:188} INFO - [2025-10-18T20:50:43.996+0000] {dag.py:3947} INFO - Setting next_dagrun for weather_pipeline to None, run_after=None
[2025-10-18T20:50:44.025+0000] {processor.py:183} INFO - Processing /opt/airflow/dags/weather_dag.py took 0.080 seconds
[2025-10-18T20:50:47.666+0000] {processor.py:161} INFO - Started process (PID=4810) to work on /opt/airflow/dags/weather_dag.py
[2025-10-18T20:50:47.669+0000] {processor.py:830} INFO - Processing file /opt/airflow/dags/weather_dag.py for tasks to queue
[2025-10-18T20:50:47.671+0000] {logging_mixin.py:188} INFO - [2025-10-18T20:50:47.671+0000] {dagbag.py:545} INFO - Filling up the DagBag from /opt/airflow/dags/weather_dag.py
[2025-10-18T20:50:47.688+0000] {processor.py:840} INFO - DAG(s) 'weather_pipeline' retrieved from /opt/airflow/dags/weather_dag.py
[2025-10-18T20:50:47.728+0000] {logging_mixin.py:188} INFO - [2025-10-18T20:50:47.727+0000] {dag.py:3089} INFO - Sync 1 DAGs
[2025-10-18T20:50:47.735+0000] {logging_mixin.py:188} INFO - [2025-10-18T20:50:47.735+0000] {dag.py:3947} INFO - Setting next_dagrun for weather_pipeline to None, run_after=None
[2025-10-18T20:50:47.749+0000] {processor.py:183} INFO - Processing /opt/airflow/dags/weather_dag.py took 0.089 seconds
[2025-10-18T20:51:14.495+0000] {processor.py:161} INFO - Started process (PID=4835) to work on /opt/airflow/dags/weather_dag.py
[2025-10-18T20:51:14.500+0000] {processor.py:830} INFO - Processing file /opt/airflow/dags/weather_dag.py for tasks to queue
[2025-10-18T20:51:14.502+0000] {logging_mixin.py:188} INFO - [2025-10-18T20:51:14.502+0000] {dagbag.py:545} INFO - Filling up the DagBag from /opt/airflow/dags/weather_dag.py
[2025-10-18T20:51:14.510+0000] {processor.py:840} INFO - DAG(s) 'weather_pipeline' retrieved from /opt/airflow/dags/weather_dag.py
[2025-10-18T20:51:14.531+0000] {logging_mixin.py:188} INFO - [2025-10-18T20:51:14.531+0000] {dag.py:3089} INFO - Sync 1 DAGs
[2025-10-18T20:51:14.541+0000] {logging_mixin.py:188} INFO - [2025-10-18T20:51:14.541+0000] {dag.py:3947} INFO - Setting next_dagrun for weather_pipeline to None, run_after=None
[2025-10-18T20:51:14.552+0000] {processor.py:183} INFO - Processing /opt/airflow/dags/weather_dag.py took 0.067 seconds
[2025-10-18T20:51:18.028+0000] {processor.py:161} INFO - Started process (PID=4850) to work on /opt/airflow/dags/weather_dag.py
[2025-10-18T20:51:18.030+0000] {processor.py:830} INFO - Processing file /opt/airflow/dags/weather_dag.py for tasks to queue
[2025-10-18T20:51:18.033+0000] {logging_mixin.py:188} INFO - [2025-10-18T20:51:18.033+0000] {dagbag.py:545} INFO - Filling up the DagBag from /opt/airflow/dags/weather_dag.py
[2025-10-18T20:51:18.059+0000] {processor.py:840} INFO - DAG(s) 'weather_pipeline' retrieved from /opt/airflow/dags/weather_dag.py
[2025-10-18T20:51:18.085+0000] {logging_mixin.py:188} INFO - [2025-10-18T20:51:18.085+0000] {dag.py:3089} INFO - Sync 1 DAGs
[2025-10-18T20:51:18.091+0000] {logging_mixin.py:188} INFO - [2025-10-18T20:51:18.091+0000] {dag.py:3947} INFO - Setting next_dagrun for weather_pipeline to None, run_after=None
[2025-10-18T20:51:18.101+0000] {processor.py:183} INFO - Processing /opt/airflow/dags/weather_dag.py took 0.079 seconds
[2025-10-18T20:51:45.323+0000] {processor.py:161} INFO - Started process (PID=4875) to work on /opt/airflow/dags/weather_dag.py
[2025-10-18T20:51:45.324+0000] {processor.py:830} INFO - Processing file /opt/airflow/dags/weather_dag.py for tasks to queue
[2025-10-18T20:51:45.326+0000] {logging_mixin.py:188} INFO - [2025-10-18T20:51:45.326+0000] {dagbag.py:545} INFO - Filling up the DagBag from /opt/airflow/dags/weather_dag.py
[2025-10-18T20:51:45.349+0000] {processor.py:840} INFO - DAG(s) 'weather_pipeline' retrieved from /opt/airflow/dags/weather_dag.py
[2025-10-18T20:51:45.408+0000] {logging_mixin.py:188} INFO - [2025-10-18T20:51:45.408+0000] {dag.py:3089} INFO - Sync 1 DAGs
[2025-10-18T20:51:45.424+0000] {logging_mixin.py:188} INFO - [2025-10-18T20:51:45.424+0000] {dag.py:3947} INFO - Setting next_dagrun for weather_pipeline to None, run_after=None
[2025-10-18T20:51:45.442+0000] {processor.py:183} INFO - Processing /opt/airflow/dags/weather_dag.py took 0.123 seconds
[2025-10-18T20:51:48.653+0000] {processor.py:161} INFO - Started process (PID=4890) to work on /opt/airflow/dags/weather_dag.py
[2025-10-18T20:51:48.653+0000] {processor.py:830} INFO - Processing file /opt/airflow/dags/weather_dag.py for tasks to queue
[2025-10-18T20:51:48.657+0000] {logging_mixin.py:188} INFO - [2025-10-18T20:51:48.656+0000] {dagbag.py:545} INFO - Filling up the DagBag from /opt/airflow/dags/weather_dag.py
[2025-10-18T20:51:48.672+0000] {processor.py:840} INFO - DAG(s) 'weather_pipeline' retrieved from /opt/airflow/dags/weather_dag.py
[2025-10-18T20:51:48.725+0000] {logging_mixin.py:188} INFO - [2025-10-18T20:51:48.724+0000] {dag.py:3089} INFO - Sync 1 DAGs
[2025-10-18T20:51:48.735+0000] {logging_mixin.py:188} INFO - [2025-10-18T20:51:48.735+0000] {dag.py:3947} INFO - Setting next_dagrun for weather_pipeline to None, run_after=None
[2025-10-18T20:51:48.751+0000] {processor.py:183} INFO - Processing /opt/airflow/dags/weather_dag.py took 0.106 seconds
[2025-10-18T20:52:16.365+0000] {processor.py:161} INFO - Started process (PID=4915) to work on /opt/airflow/dags/weather_dag.py
[2025-10-18T20:52:16.370+0000] {processor.py:830} INFO - Processing file /opt/airflow/dags/weather_dag.py for tasks to queue
[2025-10-18T20:52:16.373+0000] {logging_mixin.py:188} INFO - [2025-10-18T20:52:16.372+0000] {dagbag.py:545} INFO - Filling up the DagBag from /opt/airflow/dags/weather_dag.py
[2025-10-18T20:52:16.524+0000] {processor.py:840} INFO - DAG(s) 'weather_pipeline' retrieved from /opt/airflow/dags/weather_dag.py
[2025-10-18T20:52:16.674+0000] {logging_mixin.py:188} INFO - [2025-10-18T20:52:16.672+0000] {dag.py:3089} INFO - Sync 1 DAGs
[2025-10-18T20:52:16.718+0000] {logging_mixin.py:188} INFO - [2025-10-18T20:52:16.718+0000] {dag.py:3947} INFO - Setting next_dagrun for weather_pipeline to None, run_after=None
[2025-10-18T20:52:16.752+0000] {processor.py:183} INFO - Processing /opt/airflow/dags/weather_dag.py took 0.403 seconds
[2025-10-18T20:52:19.444+0000] {processor.py:161} INFO - Started process (PID=4930) to work on /opt/airflow/dags/weather_dag.py
[2025-10-18T20:52:19.444+0000] {processor.py:830} INFO - Processing file /opt/airflow/dags/weather_dag.py for tasks to queue
[2025-10-18T20:52:19.452+0000] {logging_mixin.py:188} INFO - [2025-10-18T20:52:19.452+0000] {dagbag.py:545} INFO - Filling up the DagBag from /opt/airflow/dags/weather_dag.py
[2025-10-18T20:52:19.470+0000] {processor.py:840} INFO - DAG(s) 'weather_pipeline' retrieved from /opt/airflow/dags/weather_dag.py
[2025-10-18T20:52:19.515+0000] {logging_mixin.py:188} INFO - [2025-10-18T20:52:19.515+0000] {dag.py:3089} INFO - Sync 1 DAGs
[2025-10-18T20:52:19.524+0000] {logging_mixin.py:188} INFO - [2025-10-18T20:52:19.524+0000] {dag.py:3947} INFO - Setting next_dagrun for weather_pipeline to None, run_after=None
[2025-10-18T20:52:19.540+0000] {processor.py:183} INFO - Processing /opt/airflow/dags/weather_dag.py took 0.103 seconds
[2025-10-18T20:52:47.257+0000] {processor.py:161} INFO - Started process (PID=4955) to work on /opt/airflow/dags/weather_dag.py
[2025-10-18T20:52:47.259+0000] {processor.py:830} INFO - Processing file /opt/airflow/dags/weather_dag.py for tasks to queue
[2025-10-18T20:52:47.260+0000] {logging_mixin.py:188} INFO - [2025-10-18T20:52:47.260+0000] {dagbag.py:545} INFO - Filling up the DagBag from /opt/airflow/dags/weather_dag.py
[2025-10-18T20:52:47.271+0000] {processor.py:840} INFO - DAG(s) 'weather_pipeline' retrieved from /opt/airflow/dags/weather_dag.py
[2025-10-18T20:52:47.294+0000] {logging_mixin.py:188} INFO - [2025-10-18T20:52:47.294+0000] {dag.py:3089} INFO - Sync 1 DAGs
[2025-10-18T20:52:47.303+0000] {logging_mixin.py:188} INFO - [2025-10-18T20:52:47.303+0000] {dag.py:3947} INFO - Setting next_dagrun for weather_pipeline to None, run_after=None
[2025-10-18T20:52:47.317+0000] {processor.py:183} INFO - Processing /opt/airflow/dags/weather_dag.py took 0.067 seconds
[2025-10-18T20:52:49.893+0000] {processor.py:161} INFO - Started process (PID=4970) to work on /opt/airflow/dags/weather_dag.py
[2025-10-18T20:52:49.893+0000] {processor.py:830} INFO - Processing file /opt/airflow/dags/weather_dag.py for tasks to queue
[2025-10-18T20:52:49.895+0000] {logging_mixin.py:188} INFO - [2025-10-18T20:52:49.895+0000] {dagbag.py:545} INFO - Filling up the DagBag from /opt/airflow/dags/weather_dag.py
[2025-10-18T20:52:49.903+0000] {processor.py:840} INFO - DAG(s) 'weather_pipeline' retrieved from /opt/airflow/dags/weather_dag.py
[2025-10-18T20:52:49.921+0000] {logging_mixin.py:188} INFO - [2025-10-18T20:52:49.921+0000] {dag.py:3089} INFO - Sync 1 DAGs
[2025-10-18T20:52:49.926+0000] {logging_mixin.py:188} INFO - [2025-10-18T20:52:49.926+0000] {dag.py:3947} INFO - Setting next_dagrun for weather_pipeline to None, run_after=None
[2025-10-18T20:52:49.936+0000] {processor.py:183} INFO - Processing /opt/airflow/dags/weather_dag.py took 0.049 seconds
[2025-10-18T20:53:17.691+0000] {processor.py:161} INFO - Started process (PID=4995) to work on /opt/airflow/dags/weather_dag.py
[2025-10-18T20:53:17.693+0000] {processor.py:830} INFO - Processing file /opt/airflow/dags/weather_dag.py for tasks to queue
[2025-10-18T20:53:17.695+0000] {logging_mixin.py:188} INFO - [2025-10-18T20:53:17.694+0000] {dagbag.py:545} INFO - Filling up the DagBag from /opt/airflow/dags/weather_dag.py
[2025-10-18T20:53:17.706+0000] {processor.py:840} INFO - DAG(s) 'weather_pipeline' retrieved from /opt/airflow/dags/weather_dag.py
[2025-10-18T20:53:17.732+0000] {logging_mixin.py:188} INFO - [2025-10-18T20:53:17.731+0000] {dag.py:3089} INFO - Sync 1 DAGs
[2025-10-18T20:53:17.740+0000] {logging_mixin.py:188} INFO - [2025-10-18T20:53:17.740+0000] {dag.py:3947} INFO - Setting next_dagrun for weather_pipeline to None, run_after=None
[2025-10-18T20:53:17.755+0000] {processor.py:183} INFO - Processing /opt/airflow/dags/weather_dag.py took 0.070 seconds
[2025-10-18T20:53:20.231+0000] {processor.py:161} INFO - Started process (PID=5010) to work on /opt/airflow/dags/weather_dag.py
[2025-10-18T20:53:20.232+0000] {processor.py:830} INFO - Processing file /opt/airflow/dags/weather_dag.py for tasks to queue
[2025-10-18T20:53:20.233+0000] {logging_mixin.py:188} INFO - [2025-10-18T20:53:20.233+0000] {dagbag.py:545} INFO - Filling up the DagBag from /opt/airflow/dags/weather_dag.py
[2025-10-18T20:53:20.241+0000] {processor.py:840} INFO - DAG(s) 'weather_pipeline' retrieved from /opt/airflow/dags/weather_dag.py
[2025-10-18T20:53:20.261+0000] {logging_mixin.py:188} INFO - [2025-10-18T20:53:20.261+0000] {dag.py:3089} INFO - Sync 1 DAGs
[2025-10-18T20:53:20.269+0000] {logging_mixin.py:188} INFO - [2025-10-18T20:53:20.269+0000] {dag.py:3947} INFO - Setting next_dagrun for weather_pipeline to None, run_after=None
[2025-10-18T20:53:20.279+0000] {processor.py:183} INFO - Processing /opt/airflow/dags/weather_dag.py took 0.055 seconds
[2025-10-18T20:53:48.185+0000] {processor.py:161} INFO - Started process (PID=5035) to work on /opt/airflow/dags/weather_dag.py
[2025-10-18T20:53:48.187+0000] {processor.py:830} INFO - Processing file /opt/airflow/dags/weather_dag.py for tasks to queue
[2025-10-18T20:53:48.192+0000] {logging_mixin.py:188} INFO - [2025-10-18T20:53:48.192+0000] {dagbag.py:545} INFO - Filling up the DagBag from /opt/airflow/dags/weather_dag.py
[2025-10-18T20:53:48.215+0000] {processor.py:840} INFO - DAG(s) 'weather_pipeline' retrieved from /opt/airflow/dags/weather_dag.py
[2025-10-18T20:53:48.256+0000] {logging_mixin.py:188} INFO - [2025-10-18T20:53:48.256+0000] {dag.py:3089} INFO - Sync 1 DAGs
[2025-10-18T20:53:48.265+0000] {logging_mixin.py:188} INFO - [2025-10-18T20:53:48.265+0000] {dag.py:3947} INFO - Setting next_dagrun for weather_pipeline to None, run_after=None
[2025-10-18T20:53:48.281+0000] {processor.py:183} INFO - Processing /opt/airflow/dags/weather_dag.py took 0.105 seconds
[2025-10-18T20:53:50.998+0000] {processor.py:161} INFO - Started process (PID=5050) to work on /opt/airflow/dags/weather_dag.py
[2025-10-18T20:53:50.998+0000] {processor.py:830} INFO - Processing file /opt/airflow/dags/weather_dag.py for tasks to queue
[2025-10-18T20:53:51.001+0000] {logging_mixin.py:188} INFO - [2025-10-18T20:53:51.000+0000] {dagbag.py:545} INFO - Filling up the DagBag from /opt/airflow/dags/weather_dag.py
[2025-10-18T20:53:51.017+0000] {processor.py:840} INFO - DAG(s) 'weather_pipeline' retrieved from /opt/airflow/dags/weather_dag.py
[2025-10-18T20:53:51.044+0000] {logging_mixin.py:188} INFO - [2025-10-18T20:53:51.043+0000] {dag.py:3089} INFO - Sync 1 DAGs
[2025-10-18T20:53:51.049+0000] {logging_mixin.py:188} INFO - [2025-10-18T20:53:51.049+0000] {dag.py:3947} INFO - Setting next_dagrun for weather_pipeline to None, run_after=None
[2025-10-18T20:53:51.059+0000] {processor.py:183} INFO - Processing /opt/airflow/dags/weather_dag.py took 0.070 seconds
[2025-10-18T20:54:18.802+0000] {processor.py:161} INFO - Started process (PID=5082) to work on /opt/airflow/dags/weather_dag.py
[2025-10-18T20:54:18.804+0000] {processor.py:830} INFO - Processing file /opt/airflow/dags/weather_dag.py for tasks to queue
[2025-10-18T20:54:18.809+0000] {logging_mixin.py:188} INFO - [2025-10-18T20:54:18.809+0000] {dagbag.py:545} INFO - Filling up the DagBag from /opt/airflow/dags/weather_dag.py
[2025-10-18T20:54:18.837+0000] {processor.py:840} INFO - DAG(s) 'weather_pipeline' retrieved from /opt/airflow/dags/weather_dag.py
[2025-10-18T20:54:18.870+0000] {logging_mixin.py:188} INFO - [2025-10-18T20:54:18.870+0000] {dag.py:3089} INFO - Sync 1 DAGs
[2025-10-18T20:54:18.878+0000] {logging_mixin.py:188} INFO - [2025-10-18T20:54:18.878+0000] {dag.py:3947} INFO - Setting next_dagrun for weather_pipeline to None, run_after=None
[2025-10-18T20:54:18.887+0000] {processor.py:183} INFO - Processing /opt/airflow/dags/weather_dag.py took 0.103 seconds
[2025-10-18T20:54:21.713+0000] {processor.py:161} INFO - Started process (PID=5097) to work on /opt/airflow/dags/weather_dag.py
[2025-10-18T20:54:21.714+0000] {processor.py:830} INFO - Processing file /opt/airflow/dags/weather_dag.py for tasks to queue
[2025-10-18T20:54:21.719+0000] {logging_mixin.py:188} INFO - [2025-10-18T20:54:21.719+0000] {dagbag.py:545} INFO - Filling up the DagBag from /opt/airflow/dags/weather_dag.py
[2025-10-18T20:54:21.737+0000] {processor.py:840} INFO - DAG(s) 'weather_pipeline' retrieved from /opt/airflow/dags/weather_dag.py
[2025-10-18T20:54:21.766+0000] {logging_mixin.py:188} INFO - [2025-10-18T20:54:21.765+0000] {dag.py:3089} INFO - Sync 1 DAGs
[2025-10-18T20:54:21.772+0000] {logging_mixin.py:188} INFO - [2025-10-18T20:54:21.772+0000] {dag.py:3947} INFO - Setting next_dagrun for weather_pipeline to None, run_after=None
[2025-10-18T20:54:21.788+0000] {processor.py:183} INFO - Processing /opt/airflow/dags/weather_dag.py took 0.082 seconds
[2025-10-18T20:54:49.260+0000] {processor.py:161} INFO - Started process (PID=5149) to work on /opt/airflow/dags/weather_dag.py
[2025-10-18T20:54:49.261+0000] {processor.py:830} INFO - Processing file /opt/airflow/dags/weather_dag.py for tasks to queue
[2025-10-18T20:54:49.264+0000] {logging_mixin.py:188} INFO - [2025-10-18T20:54:49.263+0000] {dagbag.py:545} INFO - Filling up the DagBag from /opt/airflow/dags/weather_dag.py
[2025-10-18T20:54:49.274+0000] {processor.py:840} INFO - DAG(s) 'weather_pipeline' retrieved from /opt/airflow/dags/weather_dag.py
[2025-10-18T20:54:49.311+0000] {logging_mixin.py:188} INFO - [2025-10-18T20:54:49.310+0000] {dag.py:3089} INFO - Sync 1 DAGs
[2025-10-18T20:54:49.325+0000] {logging_mixin.py:188} INFO - [2025-10-18T20:54:49.325+0000] {dag.py:3947} INFO - Setting next_dagrun for weather_pipeline to None, run_after=None
[2025-10-18T20:54:49.341+0000] {processor.py:183} INFO - Processing /opt/airflow/dags/weather_dag.py took 0.088 seconds
[2025-10-18T20:54:52.236+0000] {processor.py:161} INFO - Started process (PID=5164) to work on /opt/airflow/dags/weather_dag.py
[2025-10-18T20:54:52.237+0000] {processor.py:830} INFO - Processing file /opt/airflow/dags/weather_dag.py for tasks to queue
[2025-10-18T20:54:52.240+0000] {logging_mixin.py:188} INFO - [2025-10-18T20:54:52.239+0000] {dagbag.py:545} INFO - Filling up the DagBag from /opt/airflow/dags/weather_dag.py
[2025-10-18T20:54:52.260+0000] {processor.py:840} INFO - DAG(s) 'weather_pipeline' retrieved from /opt/airflow/dags/weather_dag.py
[2025-10-18T20:54:52.300+0000] {logging_mixin.py:188} INFO - [2025-10-18T20:54:52.300+0000] {dag.py:3089} INFO - Sync 1 DAGs
[2025-10-18T20:54:52.315+0000] {logging_mixin.py:188} INFO - [2025-10-18T20:54:52.315+0000] {dag.py:3947} INFO - Setting next_dagrun for weather_pipeline to None, run_after=None
[2025-10-18T20:54:52.338+0000] {processor.py:183} INFO - Processing /opt/airflow/dags/weather_dag.py took 0.110 seconds
[2025-10-18T20:55:19.935+0000] {processor.py:161} INFO - Started process (PID=5190) to work on /opt/airflow/dags/weather_dag.py
[2025-10-18T20:55:19.937+0000] {processor.py:830} INFO - Processing file /opt/airflow/dags/weather_dag.py for tasks to queue
[2025-10-18T20:55:19.940+0000] {logging_mixin.py:188} INFO - [2025-10-18T20:55:19.940+0000] {dagbag.py:545} INFO - Filling up the DagBag from /opt/airflow/dags/weather_dag.py
[2025-10-18T20:55:19.963+0000] {processor.py:840} INFO - DAG(s) 'weather_pipeline' retrieved from /opt/airflow/dags/weather_dag.py
[2025-10-18T20:55:20.018+0000] {logging_mixin.py:188} INFO - [2025-10-18T20:55:20.018+0000] {dag.py:3089} INFO - Sync 1 DAGs
[2025-10-18T20:55:20.035+0000] {logging_mixin.py:188} INFO - [2025-10-18T20:55:20.034+0000] {dag.py:3947} INFO - Setting next_dagrun for weather_pipeline to None, run_after=None
[2025-10-18T20:55:20.051+0000] {processor.py:183} INFO - Processing /opt/airflow/dags/weather_dag.py took 0.131 seconds
[2025-10-18T20:55:22.955+0000] {processor.py:161} INFO - Started process (PID=5205) to work on /opt/airflow/dags/weather_dag.py
[2025-10-18T20:55:22.958+0000] {processor.py:830} INFO - Processing file /opt/airflow/dags/weather_dag.py for tasks to queue
[2025-10-18T20:55:22.961+0000] {logging_mixin.py:188} INFO - [2025-10-18T20:55:22.961+0000] {dagbag.py:545} INFO - Filling up the DagBag from /opt/airflow/dags/weather_dag.py
[2025-10-18T20:55:22.975+0000] {processor.py:840} INFO - DAG(s) 'weather_pipeline' retrieved from /opt/airflow/dags/weather_dag.py
[2025-10-18T20:55:23.021+0000] {logging_mixin.py:188} INFO - [2025-10-18T20:55:23.021+0000] {dag.py:3089} INFO - Sync 1 DAGs
[2025-10-18T20:55:23.035+0000] {logging_mixin.py:188} INFO - [2025-10-18T20:55:23.035+0000] {dag.py:3947} INFO - Setting next_dagrun for weather_pipeline to None, run_after=None
[2025-10-18T20:55:23.049+0000] {processor.py:183} INFO - Processing /opt/airflow/dags/weather_dag.py took 0.104 seconds
[2025-10-18T20:55:50.632+0000] {processor.py:161} INFO - Started process (PID=5230) to work on /opt/airflow/dags/weather_dag.py
[2025-10-18T20:55:50.635+0000] {processor.py:830} INFO - Processing file /opt/airflow/dags/weather_dag.py for tasks to queue
[2025-10-18T20:55:50.641+0000] {logging_mixin.py:188} INFO - [2025-10-18T20:55:50.640+0000] {dagbag.py:545} INFO - Filling up the DagBag from /opt/airflow/dags/weather_dag.py
[2025-10-18T20:55:50.666+0000] {processor.py:840} INFO - DAG(s) 'weather_pipeline' retrieved from /opt/airflow/dags/weather_dag.py
[2025-10-18T20:55:50.732+0000] {logging_mixin.py:188} INFO - [2025-10-18T20:55:50.732+0000] {dag.py:3089} INFO - Sync 1 DAGs
[2025-10-18T20:55:50.751+0000] {logging_mixin.py:188} INFO - [2025-10-18T20:55:50.751+0000] {dag.py:3947} INFO - Setting next_dagrun for weather_pipeline to None, run_after=None
[2025-10-18T20:55:50.776+0000] {processor.py:183} INFO - Processing /opt/airflow/dags/weather_dag.py took 0.156 seconds
[2025-10-18T20:55:53.660+0000] {processor.py:161} INFO - Started process (PID=5245) to work on /opt/airflow/dags/weather_dag.py
[2025-10-18T20:55:53.661+0000] {processor.py:830} INFO - Processing file /opt/airflow/dags/weather_dag.py for tasks to queue
[2025-10-18T20:55:53.664+0000] {logging_mixin.py:188} INFO - [2025-10-18T20:55:53.664+0000] {dagbag.py:545} INFO - Filling up the DagBag from /opt/airflow/dags/weather_dag.py
[2025-10-18T20:55:53.683+0000] {processor.py:840} INFO - DAG(s) 'weather_pipeline' retrieved from /opt/airflow/dags/weather_dag.py
[2025-10-18T20:55:53.736+0000] {logging_mixin.py:188} INFO - [2025-10-18T20:55:53.735+0000] {dag.py:3089} INFO - Sync 1 DAGs
[2025-10-18T20:55:53.748+0000] {logging_mixin.py:188} INFO - [2025-10-18T20:55:53.748+0000] {dag.py:3947} INFO - Setting next_dagrun for weather_pipeline to None, run_after=None
[2025-10-18T20:55:53.774+0000] {processor.py:183} INFO - Processing /opt/airflow/dags/weather_dag.py took 0.128 seconds
[2025-10-18T20:56:21.349+0000] {processor.py:161} INFO - Started process (PID=5270) to work on /opt/airflow/dags/weather_dag.py
[2025-10-18T20:56:21.356+0000] {processor.py:830} INFO - Processing file /opt/airflow/dags/weather_dag.py for tasks to queue
[2025-10-18T20:56:21.362+0000] {logging_mixin.py:188} INFO - [2025-10-18T20:56:21.362+0000] {dagbag.py:545} INFO - Filling up the DagBag from /opt/airflow/dags/weather_dag.py
[2025-10-18T20:56:21.389+0000] {processor.py:840} INFO - DAG(s) 'weather_pipeline' retrieved from /opt/airflow/dags/weather_dag.py
[2025-10-18T20:56:21.432+0000] {logging_mixin.py:188} INFO - [2025-10-18T20:56:21.431+0000] {dag.py:3089} INFO - Sync 1 DAGs
[2025-10-18T20:56:21.446+0000] {logging_mixin.py:188} INFO - [2025-10-18T20:56:21.446+0000] {dag.py:3947} INFO - Setting next_dagrun for weather_pipeline to None, run_after=None
[2025-10-18T20:56:21.462+0000] {processor.py:183} INFO - Processing /opt/airflow/dags/weather_dag.py took 0.122 seconds
[2025-10-18T20:56:24.511+0000] {processor.py:161} INFO - Started process (PID=5285) to work on /opt/airflow/dags/weather_dag.py
[2025-10-18T20:56:24.512+0000] {processor.py:830} INFO - Processing file /opt/airflow/dags/weather_dag.py for tasks to queue
[2025-10-18T20:56:24.517+0000] {logging_mixin.py:188} INFO - [2025-10-18T20:56:24.516+0000] {dagbag.py:545} INFO - Filling up the DagBag from /opt/airflow/dags/weather_dag.py
[2025-10-18T20:56:24.599+0000] {processor.py:840} INFO - DAG(s) 'weather_pipeline' retrieved from /opt/airflow/dags/weather_dag.py
[2025-10-18T20:56:24.715+0000] {logging_mixin.py:188} INFO - [2025-10-18T20:56:24.715+0000] {dag.py:3089} INFO - Sync 1 DAGs
[2025-10-18T20:56:24.734+0000] {logging_mixin.py:188} INFO - [2025-10-18T20:56:24.734+0000] {dag.py:3947} INFO - Setting next_dagrun for weather_pipeline to None, run_after=None
[2025-10-18T20:56:24.755+0000] {processor.py:183} INFO - Processing /opt/airflow/dags/weather_dag.py took 0.258 seconds
[2025-10-18T20:56:52.091+0000] {processor.py:161} INFO - Started process (PID=5310) to work on /opt/airflow/dags/weather_dag.py
[2025-10-18T20:56:52.095+0000] {processor.py:830} INFO - Processing file /opt/airflow/dags/weather_dag.py for tasks to queue
[2025-10-18T20:56:52.099+0000] {logging_mixin.py:188} INFO - [2025-10-18T20:56:52.099+0000] {dagbag.py:545} INFO - Filling up the DagBag from /opt/airflow/dags/weather_dag.py
[2025-10-18T20:56:52.116+0000] {processor.py:840} INFO - DAG(s) 'weather_pipeline' retrieved from /opt/airflow/dags/weather_dag.py
[2025-10-18T20:56:52.158+0000] {logging_mixin.py:188} INFO - [2025-10-18T20:56:52.158+0000] {dag.py:3089} INFO - Sync 1 DAGs
[2025-10-18T20:56:52.171+0000] {logging_mixin.py:188} INFO - [2025-10-18T20:56:52.170+0000] {dag.py:3947} INFO - Setting next_dagrun for weather_pipeline to None, run_after=None
[2025-10-18T20:56:52.189+0000] {processor.py:183} INFO - Processing /opt/airflow/dags/weather_dag.py took 0.110 seconds
[2025-10-18T20:56:55.177+0000] {processor.py:161} INFO - Started process (PID=5325) to work on /opt/airflow/dags/weather_dag.py
[2025-10-18T20:56:55.178+0000] {processor.py:830} INFO - Processing file /opt/airflow/dags/weather_dag.py for tasks to queue
[2025-10-18T20:56:55.180+0000] {logging_mixin.py:188} INFO - [2025-10-18T20:56:55.180+0000] {dagbag.py:545} INFO - Filling up the DagBag from /opt/airflow/dags/weather_dag.py
[2025-10-18T20:56:55.198+0000] {processor.py:840} INFO - DAG(s) 'weather_pipeline' retrieved from /opt/airflow/dags/weather_dag.py
[2025-10-18T20:56:55.223+0000] {logging_mixin.py:188} INFO - [2025-10-18T20:56:55.223+0000] {dag.py:3089} INFO - Sync 1 DAGs
[2025-10-18T20:56:55.229+0000] {logging_mixin.py:188} INFO - [2025-10-18T20:56:55.229+0000] {dag.py:3947} INFO - Setting next_dagrun for weather_pipeline to None, run_after=None
[2025-10-18T20:56:55.241+0000] {processor.py:183} INFO - Processing /opt/airflow/dags/weather_dag.py took 0.072 seconds
[2025-10-18T20:57:22.790+0000] {processor.py:161} INFO - Started process (PID=5350) to work on /opt/airflow/dags/weather_dag.py
[2025-10-18T20:57:22.793+0000] {processor.py:830} INFO - Processing file /opt/airflow/dags/weather_dag.py for tasks to queue
[2025-10-18T20:57:22.798+0000] {logging_mixin.py:188} INFO - [2025-10-18T20:57:22.795+0000] {dagbag.py:545} INFO - Filling up the DagBag from /opt/airflow/dags/weather_dag.py
[2025-10-18T20:57:22.827+0000] {processor.py:840} INFO - DAG(s) 'weather_pipeline' retrieved from /opt/airflow/dags/weather_dag.py
[2025-10-18T20:57:22.870+0000] {logging_mixin.py:188} INFO - [2025-10-18T20:57:22.870+0000] {dag.py:3089} INFO - Sync 1 DAGs
[2025-10-18T20:57:22.884+0000] {logging_mixin.py:188} INFO - [2025-10-18T20:57:22.883+0000] {dag.py:3947} INFO - Setting next_dagrun for weather_pipeline to None, run_after=None
[2025-10-18T20:57:22.897+0000] {processor.py:183} INFO - Processing /opt/airflow/dags/weather_dag.py took 0.127 seconds
[2025-10-18T20:57:25.818+0000] {processor.py:161} INFO - Started process (PID=5365) to work on /opt/airflow/dags/weather_dag.py
[2025-10-18T20:57:25.821+0000] {processor.py:830} INFO - Processing file /opt/airflow/dags/weather_dag.py for tasks to queue
[2025-10-18T20:57:25.827+0000] {logging_mixin.py:188} INFO - [2025-10-18T20:57:25.827+0000] {dagbag.py:545} INFO - Filling up the DagBag from /opt/airflow/dags/weather_dag.py
[2025-10-18T20:57:25.850+0000] {processor.py:840} INFO - DAG(s) 'weather_pipeline' retrieved from /opt/airflow/dags/weather_dag.py
[2025-10-18T20:57:25.904+0000] {logging_mixin.py:188} INFO - [2025-10-18T20:57:25.904+0000] {dag.py:3089} INFO - Sync 1 DAGs
[2025-10-18T20:57:25.918+0000] {logging_mixin.py:188} INFO - [2025-10-18T20:57:25.918+0000] {dag.py:3947} INFO - Setting next_dagrun for weather_pipeline to None, run_after=None
[2025-10-18T20:57:25.934+0000] {processor.py:183} INFO - Processing /opt/airflow/dags/weather_dag.py took 0.138 seconds
[2025-10-18T20:57:53.109+0000] {processor.py:161} INFO - Started process (PID=5390) to work on /opt/airflow/dags/weather_dag.py
[2025-10-18T20:57:53.114+0000] {processor.py:830} INFO - Processing file /opt/airflow/dags/weather_dag.py for tasks to queue
[2025-10-18T20:57:53.122+0000] {logging_mixin.py:188} INFO - [2025-10-18T20:57:53.121+0000] {dagbag.py:545} INFO - Filling up the DagBag from /opt/airflow/dags/weather_dag.py
[2025-10-18T20:57:53.229+0000] {processor.py:840} INFO - DAG(s) 'weather_pipeline' retrieved from /opt/airflow/dags/weather_dag.py
[2025-10-18T20:57:53.416+0000] {logging_mixin.py:188} INFO - [2025-10-18T20:57:53.413+0000] {dag.py:3089} INFO - Sync 1 DAGs
[2025-10-18T20:57:53.454+0000] {logging_mixin.py:188} INFO - [2025-10-18T20:57:53.454+0000] {dag.py:3947} INFO - Setting next_dagrun for weather_pipeline to None, run_after=None
[2025-10-18T20:57:53.487+0000] {processor.py:183} INFO - Processing /opt/airflow/dags/weather_dag.py took 0.396 seconds
[2025-10-18T20:57:56.033+0000] {processor.py:161} INFO - Started process (PID=5405) to work on /opt/airflow/dags/weather_dag.py
[2025-10-18T20:57:56.035+0000] {processor.py:830} INFO - Processing file /opt/airflow/dags/weather_dag.py for tasks to queue
[2025-10-18T20:57:56.039+0000] {logging_mixin.py:188} INFO - [2025-10-18T20:57:56.038+0000] {dagbag.py:545} INFO - Filling up the DagBag from /opt/airflow/dags/weather_dag.py
[2025-10-18T20:57:56.059+0000] {processor.py:840} INFO - DAG(s) 'weather_pipeline' retrieved from /opt/airflow/dags/weather_dag.py
[2025-10-18T20:57:56.180+0000] {logging_mixin.py:188} INFO - [2025-10-18T20:57:56.180+0000] {dag.py:3089} INFO - Sync 1 DAGs
[2025-10-18T20:57:56.208+0000] {logging_mixin.py:188} INFO - [2025-10-18T20:57:56.208+0000] {dag.py:3947} INFO - Setting next_dagrun for weather_pipeline to None, run_after=None
[2025-10-18T20:57:56.228+0000] {processor.py:183} INFO - Processing /opt/airflow/dags/weather_dag.py took 0.210 seconds
[2025-10-18T20:58:23.628+0000] {processor.py:161} INFO - Started process (PID=5430) to work on /opt/airflow/dags/weather_dag.py
[2025-10-18T20:58:23.630+0000] {processor.py:830} INFO - Processing file /opt/airflow/dags/weather_dag.py for tasks to queue
[2025-10-18T20:58:23.633+0000] {logging_mixin.py:188} INFO - [2025-10-18T20:58:23.633+0000] {dagbag.py:545} INFO - Filling up the DagBag from /opt/airflow/dags/weather_dag.py
[2025-10-18T20:58:23.659+0000] {processor.py:840} INFO - DAG(s) 'weather_pipeline' retrieved from /opt/airflow/dags/weather_dag.py
[2025-10-18T20:58:23.704+0000] {logging_mixin.py:188} INFO - [2025-10-18T20:58:23.704+0000] {dag.py:3089} INFO - Sync 1 DAGs
[2025-10-18T20:58:23.715+0000] {logging_mixin.py:188} INFO - [2025-10-18T20:58:23.715+0000] {dag.py:3947} INFO - Setting next_dagrun for weather_pipeline to None, run_after=None
[2025-10-18T20:58:23.729+0000] {processor.py:183} INFO - Processing /opt/airflow/dags/weather_dag.py took 0.111 seconds
[2025-10-18T20:58:26.782+0000] {processor.py:161} INFO - Started process (PID=5445) to work on /opt/airflow/dags/weather_dag.py
[2025-10-18T20:58:26.783+0000] {processor.py:830} INFO - Processing file /opt/airflow/dags/weather_dag.py for tasks to queue
[2025-10-18T20:58:26.785+0000] {logging_mixin.py:188} INFO - [2025-10-18T20:58:26.785+0000] {dagbag.py:545} INFO - Filling up the DagBag from /opt/airflow/dags/weather_dag.py
[2025-10-18T20:58:26.800+0000] {processor.py:840} INFO - DAG(s) 'weather_pipeline' retrieved from /opt/airflow/dags/weather_dag.py
[2025-10-18T20:58:26.832+0000] {logging_mixin.py:188} INFO - [2025-10-18T20:58:26.832+0000] {dag.py:3089} INFO - Sync 1 DAGs
[2025-10-18T20:58:26.847+0000] {logging_mixin.py:188} INFO - [2025-10-18T20:58:26.847+0000] {dag.py:3947} INFO - Setting next_dagrun for weather_pipeline to None, run_after=None
[2025-10-18T20:58:26.875+0000] {processor.py:183} INFO - Processing /opt/airflow/dags/weather_dag.py took 0.101 seconds
